source_frame,trajectory_index,hand,tcp_x_m,tcp_y_m,tcp_z_m,step_dx_mm,step_dy_mm,step_dz_mm,step_dxy_mm,openness,finger_q0_m,finger_q1_m
1135,1135,left,0.399678219,0.238934552,0.810991834,nan,nan,nan,nan,0.000000,-0.000019303,0.000020016
1135,1135,right,0.399689910,-0.304804046,0.810982078,nan,nan,nan,nan,0.000000,-0.000025192,0.000025537
1136,1136,left,0.399678219,0.238934552,0.810991834,0.000000,0.000000,0.000000,0.000000,0.000009,-0.000018918,0.000020400
1136,1136,right,0.399689910,-0.304804046,0.810982078,0.000000,0.000000,0.000000,0.000000,0.000009,-0.000024807,0.000025922
1137,1137,left,0.399678219,0.238934552,0.810991834,0.000000,0.000000,0.000000,0.000000,0.000069,-0.000016289,0.000023030
1137,1137,right,0.399689910,-0.304804046,0.810982078,0.000000,0.000000,0.000000,0.000000,0.000069,-0.000022178,0.000028552
1138,1138,left,0.399678219,0.238934552,0.810991834,0.000000,0.000000,0.000000,0.000000,0.000226,-0.000009345,0.000029973
1138,1138,right,0.399689910,-0.304804046,0.810982078,0.000000,0.000000,0.000000,0.000000,0.000226,-0.000015234,0.000035495
1139,1139,left,0.399678219,0.238934552,0.810991834,0.000000,0.000000,0.000000,0.000000,0.000525,0.000003797,0.000043115
1139,1139,right,0.399689910,-0.304804046,0.810982078,0.000000,0.000000,0.000000,0.000000,0.000525,-0.000002093,0.000048637
1140,1140,left,0.399678219,0.238934552,0.810991834,0.000000,0.000000,0.000000,0.000000,0.001003,0.000024841,0.000064160
1140,1140,right,0.399689910,-0.304804046,0.810982078,0.000000,0.000000,0.000000,0.000000,0.001003,0.000018952,0.000069681
1141,1141,left,0.399678219,0.238934552,0.810991834,0.000000,0.000000,0.000000,0.000000,0.001696,0.000055318,0.000094636
1141,1141,right,0.399689910,-0.304804046,0.810982078,0.000000,0.000000,0.000000,0.000000,0.001696,0.000049429,0.000100158
1142,1142,left,0.399678219,0.238934552,0.810991834,0.000000,0.000000,0.000000,0.000000,0.002634,0.000096587,0.000135905
1142,1142,right,0.399689910,-0.304804046,0.810982078,0.000000,0.000000,0.000000,0.000000,0.002634,0.000090698,0.000141427
1143,1143,left,0.399678219,0.238934552,0.810991834,0.000000,0.000000,0.000000,0.000000,0.003844,0.000149844,0.000189163
1143,1143,right,0.399689910,-0.304804046,0.810982078,0.000000,0.000000,0.000000,0.000000,0.003844,0.000143955,0.000194685
1144,1144,left,0.399678219,0.238934552,0.810991834,0.000000,0.000000,0.000000,0.000000,0.005351,0.000216130,0.000255449
1144,1144,right,0.399689910,-0.304804046,0.810982078,0.000000,0.000000,0.000000,0.000000,0.005351,0.000210241,0.000260971
1145,1145,left,0.399678219,0.238934552,0.810991834,0.000000,0.000000,0.000000,0.000000,0.007173,0.000296328,0.000335647
1145,1145,right,0.399689910,-0.304804046,0.810982078,0.000000,0.000000,0.000000,0.000000,0.007173,0.000290439,0.000341169
1146,1146,left,0.399678219,0.238934552,0.810991834,0.000000,0.000000,0.000000,0.000000,0.009329,0.000391176,0.000430496
1146,1146,right,0.399689910,-0.304804046,0.810982078,0.000000,0.000000,0.000000,0.000000,0.009329,0.000385287,0.000436018
1147,1147,left,0.399678219,0.238934552,0.810991834,0.000000,0.000000,0.000000,0.000000,0.011831,0.000501272,0.000540592
1147,1147,right,0.399689910,-0.304804046,0.810982078,0.000000,0.000000,0.000000,0.000000,0.011831,0.000495384,0.000546114
1148,1148,left,0.399678219,0.238934553,0.810991834,-0.000000,0.000000,0.000000,0.000000,0.014690,0.000627075,0.000666396
1148,1148,right,0.399689910,-0.304804046,0.810982078,0.000000,0.000000,0.000000,0.000000,0.014690,0.000621186,0.000671918
1149,1149,left,0.399678219,0.238934552,0.810991834,0.000000,-0.000000,-0.000000,0.000000,0.017914,0.000768914,0.000808235
1149,1149,right,0.399689910,-0.304804046,0.810982078,0.000000,0.000000,0.000000,0.000000,0.017914,0.000763025,0.000813757
1150,1150,left,0.399678219,0.238934553,0.810991834,-0.000000,0.000000,0.000000,0.000000,0.021507,0.000926992,0.000966313
1150,1150,right,0.399689910,-0.304804046,0.810982078,0.000000,0.000000,0.000000,0.000000,0.021507,0.000921103,0.000971835
1151,1151,left,0.399678219,0.238934552,0.810991834,0.000000,-0.000000,-0.000000,0.000000,0.025470,0.001101392,0.001140714
1151,1151,right,0.399689910,-0.304804046,0.810982078,0.000000,0.000000,0.000000,0.000000,0.025470,0.001095503,0.001146235
1152,1152,left,0.399678219,0.238934551,0.810991834,0.000000,-0.000001,-0.000000,0.000001,0.029804,0.001292082,0.001331405
1152,1152,right,0.399689910,-0.304804046,0.810982078,0.000000,0.000000,0.000000,0.000000,0.029804,0.001286194,0.001336927
1153,1153,left,0.399678219,0.238934551,0.810991834,0.000000,0.000000,0.000000,0.000000,0.034505,0.001498924,0.001538247
1153,1153,right,0.399689910,-0.304804046,0.810982078,0.000000,0.000000,0.000000,0.000000,0.034505,0.001493035,0.001543768
1154,1154,left,0.399678219,0.238934551,0.810991834,0.000000,0.000000,0.000000,0.000000,0.039568,0.001721671,0.001760995
1154,1154,right,0.399689910,-0.304804046,0.810982078,0.000000,0.000000,0.000000,0.000000,0.039568,0.001715783,0.001766517
1155,1155,left,0.399678219,0.238934552,0.810991834,-0.000000,0.000000,0.000000,0.000000,0.044984,0.001959982,0.001999307
1155,1155,right,0.399689910,-0.304804046,0.810982078,0.000000,0.000000,0.000000,0.000000,0.044984,0.001954094,0.002004828
1156,1156,left,0.399678219,0.238934552,0.810991834,0.000000,0.000000,0.000000,0.000000,0.050744,0.002213422,0.002252747
1156,1156,right,0.399689910,-0.304804046,0.810982078,0.000000,0.000000,0.000000,0.000000,0.050744,0.002207533,0.002258268
1157,1157,left,0.399678219,0.238934551,0.810991834,0.000000,-0.000000,-0.000000,0.000000,0.056836,0.002481467,0.002520793
1157,1157,right,0.399689910,-0.304804046,0.810982078,0.000000,0.000000,0.000000,0.000000,0.056836,0.002475579,0.002526315
1158,1158,left,0.399678219,0.238934551,0.810991834,0.000000,0.000000,0.000000,0.000000,0.063246,0.002763514,0.002802841
1158,1158,right,0.399689910,-0.304804046,0.810982078,0.000000,0.000000,0.000000,0.000000,0.063246,0.002757626,0.002808362
1159,1159,left,0.399678219,0.238934551,0.810991834,0.000000,0.000000,0.000000,0.000000,0.069959,0.003058881,0.003098209
1159,1159,right,0.399689910,-0.304804046,0.810982078,0.000000,0.000000,0.000000,0.000000,0.069959,0.003052993,0.003103730
1160,1160,left,0.399678219,0.238934551,0.810991834,0.000000,0.000000,0.000000,0.000000,0.076957,0.003366818,0.003406147
1160,1160,right,0.399689910,-0.304804046,0.810982078,0.000000,0.000000,0.000000,0.000000,0.076957,0.003360930,0.003411668
1161,1161,left,0.399678219,0.238934552,0.810991834,-0.000000,0.000001,0.000000,0.000001,0.084223,0.003686506,0.003725836
1161,1161,right,0.399689910,-0.304804046,0.810982078,0.000000,0.000000,0.000000,0.000000,0.084223,0.003680618,0.003731356
1162,1162,left,0.399678217,0.238934624,0.810991835,-0.000002,0.000072,0.000001,0.000072,0.091736,0.004017068,0.004056399
1162,1162,right,0.399689910,-0.304804046,0.810982078,0.000000,0.000000,0.000000,0.000000,0.091736,0.004011180,0.004061919
1163,1163,left,0.399678217,0.238934624,0.810991835,0.000000,0.000000,0.000000,0.000000,0.099475,0.004357572,0.004396904
1163,1163,right,0.399689910,-0.304804046,0.810982078,0.000000,0.000000,0.000000,0.000000,0.099475,0.004351684,0.004402424
1164,1164,left,0.399678217,0.238934625,0.810991835,-0.000000,0.000000,-0.000000,0.000000,0.107417,0.004707038,0.004746371
1164,1164,right,0.399689910,-0.304804046,0.810982078,0.000000,0.000000,0.000000,0.000000,0.107417,0.004701151,0.004751891
1165,1165,left,0.399678217,0.238934625,0.810991835,0.000000,0.000000,0.000000,0.000000,0.115540,0.005064440,0.005103774
1165,1165,right,0.399689910,-0.304804046,0.810982078,0.000000,0.000000,0.000000,0.000000,0.115540,0.005058554,0.005109295
1166,1166,left,0.399678217,0.238934625,0.810991835,0.000000,0.000000,0.000000,0.000000,0.123819,0.005428717,0.005468051
1166,1166,right,0.399689910,-0.304804046,0.810982078,0.000000,0.000000,0.000000,0.000000,0.123819,0.005422830,0.005473571
1167,1167,left,0.399678217,0.238934625,0.810991835,0.000000,0.000000,0.000000,0.000000,0.132229,0.005798772,0.005838107
1167,1167,right,0.399689910,-0.304804046,0.810982078,0.000000,0.000000,0.000000,0.000000,0.132229,0.005792885,0.005843627
1168,1168,left,0.399678217,0.238934625,0.810991835,0.000000,0.000000,0.000000,0.000000,0.140745,0.006173481,0.006212818
1168,1168,right,0.399689910,-0.304804046,0.810982078,0.000000,0.000000,0.000000,0.000000,0.140745,0.006167594,0.006218338
1169,1169,left,0.399678217,0.238934625,0.810991835,0.000000,0.000000,0.000000,0.000000,0.149341,0.006551702,0.006591040
1169,1169,right,0.399689910,-0.304804046,0.810982078,0.000000,0.000000,0.000000,0.000000,0.149341,0.006545816,0.006596560
1170,1170,left,0.399678217,0.238934625,0.810991835,0.000000,0.000000,0.000000,0.000000,0.157991,0.006932272,0.006971611
1170,1170,right,0.399689910,-0.304804046,0.810982078,0.000000,0.000000,0.000000,0.000000,0.157991,0.006926386,0.006977130
1171,1171,left,0.399678217,0.238934625,0.810991835,0.000000,0.000000,0.000000,0.000000,0.166667,0.007314019,0.007353359
1171,1171,right,0.399689910,-0.304804048,0.810982079,-0.000000,-0.000001,0.000000,0.000001,0.166667,0.007308133,0.007358878
1172,1172,left,0.399678217,0.238934625,0.810991835,0.000000,0.000000,0.000000,0.000000,0.175343,0.007695767,0.007735108
1172,1172,right,0.399689910,-0.304804048,0.810982079,0.000000,0.000000,0.000000,0.000000,0.175343,0.007689881,0.007740627
1173,1173,left,0.399678217,0.238934625,0.810991835,0.000000,0.000000,0.000000,0.000000,0.183992,0.008076336,0.008115679
1173,1173,right,0.399689910,-0.304804048,0.810982079,0.000000,0.000000,0.000000,0.000000,0.183992,0.008070451,0.008121198
1174,1174,left,0.399678217,0.238934624,0.810991835,0.000000,-0.000000,0.000000,0.000000,0.192588,0.008454558,0.008493901
1174,1174,right,0.399689910,-0.304804048,0.810982079,0.000000,0.000000,0.000000,0.000000,0.192588,0.008448672,0.008499419
1175,1175,left,0.399678217,0.238934624,0.810991835,0.000000,0.000000,0.000000,0.000000,0.201104,0.008829267,0.008868611
1175,1175,right,0.399689910,-0.304804048,0.810982079,0.000000,0.000000,0.000000,0.000000,0.201104,0.008823382,0.008874130
1176,1176,left,0.399678217,0.238934624,0.810991835,0.000000,0.000000,0.000000,0.000000,0.209515,0.009199322,0.009238668
1176,1176,right,0.399689881,-0.304804003,0.810981960,-0.000029,0.000044,-0.000118,0.000053,0.209515,0.009193437,0.009244186
1177,1177,left,0.399678217,0.238934624,0.810991835,0.000000,0.000000,0.000000,0.000000,0.217794,0.009563598,0.009602944
1177,1177,right,0.399689881,-0.304804002,0.810982079,0.000000,0.000001,0.000119,0.000001,0.217794,0.009557714,0.009608462
1178,1178,left,0.399678217,0.238934624,0.810991835,0.000000,0.000000,0.000000,0.000000,0.225916,0.009921001,0.009960349
1178,1178,right,0.399689881,-0.304804002,0.810982079,0.000000,0.000000,0.000000,0.000000,0.225916,0.009915116,0.009965866
1179,1179,left,0.399678217,0.238934624,0.810991835,-0.000000,-0.000001,-0.000000,0.000001,0.233859,0.010270466,0.010309814
1179,1179,right,0.399689881,-0.304804002,0.810982079,0.000000,0.000000,0.000000,0.000000,0.233859,0.010264582,0.010315333
1180,1180,left,0.399678217,0.238934624,0.810991835,0.000000,0.000001,0.000000,0.000001,0.241597,0.010610972,0.010650321
1180,1180,right,0.399689881,-0.304804002,0.810982079,0.000000,0.000000,0.000000,0.000000,0.241597,0.010605088,0.010655838
1181,1181,left,0.399678217,0.238934624,0.810991835,0.000000,0.000000,0.000000,0.000000,0.249110,0.010941533,0.010980884
1181,1181,right,0.399689881,-0.304804002,0.810982079,0.000000,0.000000,0.000000,0.000000,0.249110,0.010935649,0.010986401
1182,1182,left,0.399678217,0.238934624,0.810991835,0.000000,0.000000,0.000000,0.000000,0.256376,0.011261221,0.011300572
1182,1182,right,0.399689881,-0.304804002,0.810982079,0.000000,0.000000,0.000000,0.000000,0.256376,0.011255337,0.011306088
1183,1183,left,0.399678217,0.238934624,0.810991835,0.000000,0.000000,0.000000,0.000000,0.263374,0.011569157,0.011608509
1183,1183,right,0.399689881,-0.304804002,0.810982079,0.000000,0.000000,0.000000,0.000000,0.263374,0.011563274,0.011614026
1184,1184,left,0.399678217,0.238934623,0.810991835,0.000000,-0.000001,-0.000000,0.000001,0.270087,0.011864525,0.011903877
1184,1184,right,0.399689881,-0.304804002,0.810982079,0.000000,0.000000,0.000000,0.000000,0.270087,0.011858642,0.011909395
1185,1185,left,0.399678218,0.238934624,0.810991835,0.000000,0.000001,0.000000,0.000001,0.276498,0.012146572,0.012185926
1185,1185,right,0.399689881,-0.304804002,0.810982079,0.000000,0.000000,0.000000,0.000000,0.276498,0.012140689,0.012191442
1186,1186,left,0.399678217,0.238934624,0.810991835,-0.000000,0.000000,-0.000000,0.000000,0.282590,0.012414617,0.012453971
1186,1186,right,0.399689881,-0.304804002,0.810982079,0.000000,0.000000,0.000000,0.000000,0.282590,0.012408734,0.012459488
1187,1187,left,0.399678217,0.238934624,0.810991835,0.000000,0.000000,0.000000,0.000000,0.288350,0.012668057,0.012707412
1187,1187,right,0.399689881,-0.304804002,0.810982079,0.000000,0.000000,0.000000,0.000000,0.288350,0.012662174,0.012712928
1188,1188,left,0.399678217,0.238934624,0.810991835,0.000000,0.000000,0.000000,0.000000,0.293766,0.012906368,0.012945724
1188,1188,right,0.399689881,-0.304804002,0.810982079,0.000000,0.000000,0.000000,0.000000,0.293766,0.012900486,0.012951239
1189,1189,left,0.399678088,0.238934630,0.810991810,-0.000129,0.000006,-0.000025,0.000129,0.298828,0.013129115,0.013168471
1189,1189,right,0.399689881,-0.304804002,0.810982079,0.000000,0.000000,0.000000,0.000000,0.298828,0.013123233,0.013173986
1190,1190,left,0.399678088,0.238934630,0.810991810,-0.000000,-0.000001,-0.000000,0.000001,0.303529,0.013335957,0.013375313
1190,1190,right,0.399689881,-0.304804002,0.810982079,0.000000,0.000000,0.000000,0.000000,0.303529,0.013330075,0.013380829
1191,1191,left,0.399678088,0.238934630,0.810991810,0.000000,0.000000,0.000000,0.000000,0.307863,0.013526647,0.013566005
1191,1191,right,0.399689881,-0.304804002,0.810982079,0.000000,0.000000,0.000000,0.000000,0.307863,0.013520766,0.013571520
1192,1192,left,0.399678088,0.238934630,0.810991810,-0.000000,0.000000,0.000000,0.000000,0.311827,0.013701048,0.013740405
1192,1192,right,0.399689881,-0.304804002,0.810982079,0.000000,0.000000,0.000000,0.000000,0.311827,0.013695166,0.013745921
1193,1193,left,0.399678088,0.238934630,0.810991810,0.000000,-0.000000,-0.000000,0.000000,0.315419,0.013859126,0.013898483
1193,1193,right,0.399689881,-0.304804002,0.810982079,0.000000,0.000000,0.000000,0.000000,0.315419,0.013853244,0.013903999
1194,1194,left,0.399678088,0.238934630,0.810991810,0.000000,0.000000,0.000000,0.000000,0.318643,0.014000964,0.014040322
1194,1194,right,0.399689881,-0.304804002,0.810982079,0.000000,0.000000,0.000000,0.000000,0.318643,0.013995083,0.014045837
1195,1195,left,0.399678088,0.238934629,0.810991810,0.000000,-0.000000,0.000000,0.000000,0.321502,0.014126766,0.014166126
1195,1195,right,0.399689881,-0.304804002,0.810982079,0.000000,0.000000,0.000000,0.000000,0.321502,0.014120885,0.014171640
1196,1196,left,0.399678088,0.238934629,0.810991810,0.000000,0.000000,0.000000,0.000000,0.324004,0.014236863,0.014276222
1196,1196,right,0.399689881,-0.304804002,0.810982079,0.000000,0.000000,0.000000,0.000000,0.324004,0.014230981,0.014281737
1197,1197,left,0.399678088,0.238934629,0.810991810,0.000000,0.000000,0.000000,0.000000,0.326160,0.014331711,0.014371071
1197,1197,right,0.399689881,-0.304804002,0.810982079,0.000000,0.000000,0.000000,0.000000,0.326160,0.014325830,0.014376585
1198,1198,left,0.399678088,0.238934629,0.810991810,0.000000,0.000000,0.000000,0.000000,0.327983,0.014411910,0.014451269
1198,1198,right,0.399689881,-0.304804002,0.810982079,0.000000,0.000000,0.000000,0.000000,0.327983,0.014406028,0.014456783
1199,1199,left,0.399678088,0.238934629,0.810991810,0.000000,0.000000,0.000000,0.000000,0.329489,0.014478195,0.014517555
1199,1199,right,0.399689881,-0.304804002,0.810982079,0.000000,0.000000,0.000000,0.000000,0.329489,0.014472314,0.014523069
1200,1200,left,0.399678088,0.238934629,0.810991810,0.000000,0.000000,0.000000,0.000000,0.330699,0.014531453,0.014570813
1200,1200,right,0.399689881,-0.304804002,0.810982079,0.000000,0.000000,0.000000,0.000000,0.330699,0.014525572,0.014576327
1201,1201,left,0.399678088,0.238934630,0.810991810,0.000000,0.000001,0.000000,0.000001,0.331637,0.014572722,0.014612081
1201,1201,right,0.399689881,-0.304804002,0.810982079,0.000000,0.000000,0.000000,0.000000,0.331637,0.014566841,0.014617596
1202,1202,left,0.399678088,0.238934630,0.810991810,0.000000,0.000000,0.000000,0.000000,0.332330,0.014603199,0.014642558
1202,1202,right,0.399689881,-0.304804002,0.810982079,0.000000,0.000000,0.000000,0.000000,0.332330,0.014597317,0.014648072
1203,1203,left,0.399678088,0.238934630,0.810991810,0.000000,0.000000,0.000000,0.000000,0.332808,0.014624244,0.014663603
1203,1203,right,0.399689881,-0.304804002,0.810982079,0.000000,0.000000,0.000000,0.000000,0.332808,0.014618362,0.014669118
1204,1204,left,0.399678088,0.238934630,0.810991810,0.000000,0.000000,0.000000,0.000000,0.333107,0.014637385,0.014676745
1204,1204,right,0.399689881,-0.304804002,0.810982079,0.000000,0.000000,0.000000,0.000000,0.333107,0.014631504,0.014682259
1205,1205,left,0.399678088,0.238934630,0.810991810,0.000000,0.000000,0.000000,0.000000,0.333265,0.014644329,0.014683688
1205,1205,right,0.399689881,-0.304804002,0.810982079,0.000000,0.000000,0.000000,0.000000,0.333265,0.014638447,0.014689202
1206,1206,left,0.399678088,0.238934630,0.810991810,0.000000,0.000000,0.000000,0.000000,0.333325,0.014646958,0.014686317
1206,1206,right,0.399689881,-0.304804002,0.810982079,0.000000,0.000000,0.000000,0.000000,0.333325,0.014641076,0.014691832
1207,1207,left,0.399678088,0.238934630,0.810991810,0.000000,0.000000,0.000000,0.000000,0.333333,0.014647342,0.014686702
1207,1207,right,0.399689881,-0.304804002,0.810982079,0.000000,0.000000,0.000000,0.000000,0.333333,0.014641461,0.014692216
1208,1208,left,0.399678088,0.238934630,0.810991810,0.000000,0.000000,0.000000,0.000000,0.333333,0.014647342,0.014686702
1208,1208,right,0.399689881,-0.304804002,0.810982079,0.000000,0.000000,0.000000,0.000000,0.333333,0.014641461,0.014692216
1209,1209,left,0.399678088,0.238934630,0.810991810,0.000000,0.000000,0.000000,0.000000,0.333333,0.014647342,0.014686702
1209,1209,right,0.399689881,-0.304804002,0.810982079,0.000000,0.000000,0.000000,0.000000,0.333333,0.014641461,0.014692216
1210,1210,left,0.399678088,0.238934630,0.810991810,0.000000,0.000000,0.000000,0.000000,0.333333,0.014647342,0.014686702
1210,1210,right,0.399689881,-0.304804002,0.810982079,0.000000,0.000000,0.000000,0.000000,0.333333,0.014641461,0.014692216
1211,1211,left,0.399680595,0.238935045,0.811164581,0.002507,0.000415,0.172771,0.002541,0.333333,0.014647338,0.014686706
1211,1211,right,0.399692026,-0.304804328,0.811156202,0.002145,-0.000326,0.174123,0.002170,0.333333,0.014641450,0.014692227
1212,1212,left,0.399680650,0.238935038,0.811341252,0.000055,-0.000007,0.176671,0.000055,0.333333,0.014647333,0.014686711
1212,1212,right,0.399691969,-0.304804325,0.811332789,-0.000057,0.000003,0.176587,0.000057,0.333333,0.014641439,0.014692239
1213,1213,left,0.399681513,0.238935132,0.811583223,0.000863,0.000094,0.241970,0.000869,0.333333,0.014647326,0.014686718
1213,1213,right,0.399692643,-0.304804415,0.811575489,0.000674,-0.000090,0.242700,0.000680,0.333333,0.014641423,0.014692254
1214,1214,left,0.399682448,0.238935384,0.811906096,0.000935,0.000252,0.322873,0.000968,0.333333,0.014647318,0.014686726
1214,1214,right,0.399693466,-0.304804461,0.811898976,0.000822,-0.000046,0.323487,0.000824,0.333333,0.014641402,0.014692276
1215,1215,left,0.399683569,0.238935557,0.812316553,0.001121,0.000174,0.410458,0.001135,0.333333,0.014647308,0.014686737
1215,1215,right,0.399694345,-0.304804581,0.812310399,0.000879,-0.000120,0.411422,0.000888,0.333333,0.014641375,0.014692302
1216,1216,left,0.399684615,0.238935727,0.812820454,0.001045,0.000170,0.503901,0.001059,0.333333,0.014647295,0.014686750
1216,1216,right,0.399695269,-0.304804718,0.812814777,0.000924,-0.000137,0.504379,0.000934,0.333333,0.014641344,0.014692334
1217,1217,left,0.399685519,0.238935997,0.813419316,0.000904,0.000270,0.598862,0.000944,0.333333,0.014647280,0.014686765
1217,1217,right,0.399695990,-0.304804620,0.813414716,0.000721,0.000097,0.599939,0.000727,0.333333,0.014641305,0.014692372
1218,1218,left,0.399678054,0.238935202,0.814207956,-0.007465,-0.000795,0.788640,0.007508,0.333333,0.014647259,0.014686786
1218,1218,right,0.399689658,-0.304803696,0.814199563,-0.006332,0.000924,0.784846,0.006399,0.333333,0.014641256,0.014692421
1219,1219,left,0.399677736,0.238935238,0.815013535,-0.000317,0.000037,0.805579,0.000319,0.333333,0.014647241,0.014686806
1219,1219,right,0.399689150,-0.304803553,0.815005187,-0.000508,0.000143,0.805624,0.000528,0.333333,0.014641208,0.014692470
1220,1220,left,0.399677157,0.238935368,0.815911439,-0.000579,0.000130,0.897903,0.000594,0.333333,0.014647220,0.014686827
1220,1220,right,0.399688929,-0.304803439,0.815903136,-0.000221,0.000114,0.897949,0.000249,0.333333,0.014641154,0.014692524
1221,1221,left,0.399677124,0.238935453,0.816899243,-0.000033,0.000085,0.987804,0.000091,0.333333,0.014647198,0.014686850
1221,1221,right,0.399688562,-0.304803331,0.816891238,-0.000367,0.000108,0.988102,0.000383,0.333333,0.014641095,0.014692582
1222,1222,left,0.399676764,0.238935488,0.817972302,-0.000359,0.000035,1.073059,0.000361,0.333333,0.014647175,0.014686873
1222,1222,right,0.399688229,-0.304803181,0.817964349,-0.000333,0.000150,1.073111,0.000365,0.333333,0.014641033,0.014692645
1223,1223,left,0.399676375,0.238935621,0.819125112,-0.000389,0.000133,1.152810,0.000411,0.333333,0.014647151,0.014686896
1223,1223,right,0.399687916,-0.304803152,0.819117429,-0.000313,0.000029,1.153081,0.000315,0.333333,0.014640969,0.014692709
1224,1224,left,0.399675912,0.238935655,0.820350621,-0.000463,0.000034,1.225508,0.000464,0.333333,0.014647128,0.014686922
1224,1224,right,0.399687423,-0.304802957,0.820343055,-0.000493,0.000194,1.225626,0.000530,0.333333,0.014640903,0.014692776
1225,1225,left,0.399675480,0.238935801,0.821641104,-0.000432,0.000145,1.290483,0.000456,0.333333,0.014647105,0.014686945
1225,1225,right,0.399687097,-0.304802738,0.821633778,-0.000326,0.000219,1.290723,0.000393,0.333333,0.014640835,0.014692844
1226,1226,left,0.399674840,0.238935912,0.822988880,-0.000640,0.000112,1.347776,0.000650,0.333333,0.014647082,0.014686968
1226,1226,right,0.399686368,-0.304802549,0.822981392,-0.000729,0.000189,1.347614,0.000753,0.333333,0.014640766,0.014692912
1227,1227,left,0.399674403,0.238935981,0.824384642,-0.000437,0.000069,1.395762,0.000443,0.333333,0.014647060,0.014686991
1227,1227,right,0.399686037,-0.304802520,0.824377305,-0.000331,0.000029,1.395913,0.000332,0.333333,0.014640698,0.014692981
1228,1228,left,0.399673885,0.238936023,0.825818987,-0.000517,0.000042,1.434346,0.000519,0.333333,0.014647040,0.014687012
1228,1228,right,0.399685558,-0.304802358,0.825811705,-0.000479,0.000162,1.434400,0.000506,0.333333,0.014640631,0.014693048
1229,1229,left,0.399673468,0.238936167,0.827282416,-0.000417,0.000144,1.463429,0.000441,0.333333,0.014647021,0.014687032
1229,1229,right,0.399685097,-0.304802224,0.827275065,-0.000460,0.000134,1.463359,0.000480,0.333333,0.014640565,0.014693114
1230,1230,left,0.399673063,0.238936202,0.828764939,-0.000405,0.000036,1.482522,0.000407,0.333333,0.014647003,0.014687050
1230,1230,right,0.399684618,-0.304802010,0.828757757,-0.000479,0.000215,1.482692,0.000525,0.333333,0.014640502,0.014693177
1231,1231,left,0.399672465,0.238936249,0.830256472,-0.000598,0.000047,1.491534,0.000599,0.333333,0.014646988,0.014687066
1231,1231,right,0.399684238,-0.304801901,0.830249343,-0.000380,0.000109,1.491586,0.000396,0.333333,0.014640441,0.014693238
1232,1232,left,0.399671917,0.238936204,0.831746644,-0.000548,-0.000045,1.490172,0.000550,0.333333,0.014646975,0.014687080
1232,1232,right,0.399683453,-0.304801831,0.831739730,-0.000785,0.000070,1.490387,0.000788,0.333333,0.014640383,0.014693296
1233,1233,left,0.399671430,0.238936275,0.833226230,-0.000488,0.000071,1.479586,0.000493,0.333333,0.014646964,0.014687092
1233,1233,right,0.399683110,-0.304801703,0.833219152,-0.000344,0.000128,1.479422,0.000367,0.333333,0.014640330,0.014693350
1234,1234,left,0.399670906,0.238936373,0.834684824,-0.000523,0.000098,1.458594,0.000532,0.333333,0.014646955,0.014687101
1234,1234,right,0.399682856,-0.304801657,0.834677885,-0.000253,0.000046,1.458733,0.000257,0.333333,0.014640280,0.014693400
1235,1235,left,0.399670505,0.238936405,0.836113518,-0.000401,0.000031,1.428694,0.000402,0.333333,0.014646948,0.014687110
1235,1235,right,0.399682275,-0.304801528,0.836106454,-0.000581,0.000129,1.428569,0.000595,0.333333,0.014640234,0.014693446
1236,1236,left,0.399669914,0.238936472,0.837503431,-0.000592,0.000067,1.389913,0.000595,0.333333,0.014646943,0.014687115
1236,1236,right,0.399681748,-0.304801350,0.837496154,-0.000527,0.000177,1.389699,0.000556,0.333333,0.014640193,0.014693487
1237,1237,left,0.399669323,0.238936535,0.838845818,-0.000590,0.000063,1.342386,0.000594,0.333333,0.014646940,0.014687119
1237,1237,right,0.399681503,-0.304801302,0.838838749,-0.000245,0.000048,1.342595,0.000250,0.333333,0.014640154,0.014693526
1238,1238,left,0.399669011,0.238936482,0.840134249,-0.000313,-0.000053,1.288431,0.000317,0.333333,0.014646938,0.014687121
1238,1238,right,0.399681016,-0.304801165,0.840126967,-0.000487,0.000137,1.288219,0.000506,0.333333,0.014640121,0.014693559
1239,1239,left,0.399668649,0.238936418,0.841360516,-0.000361,-0.000064,1.226267,0.000367,0.333333,0.014646938,0.014687122
1239,1239,right,0.399680998,-0.304801150,0.841353574,-0.000018,0.000015,1.226607,0.000024,0.333333,0.014640091,0.014693589
1240,1240,left,0.399668012,0.238936488,0.842520275,-0.000638,0.000070,1.159759,0.000641,0.333333,0.014646940,0.014687121
1240,1240,right,0.399680442,-0.304801035,0.842512950,-0.000556,0.000115,1.159375,0.000568,0.333333,0.014640065,0.014693616
1241,1241,left,0.399667605,0.238936439,0.843607774,-0.000406,-0.000049,1.087499,0.000409,0.333333,0.014646942,0.014687119
1241,1241,right,0.399680384,-0.304800988,0.843600784,-0.000058,0.000046,1.087834,0.000074,0.333333,0.014640042,0.014693638
1242,1242,left,0.399667236,0.238936535,0.844620399,-0.000369,0.000096,1.012625,0.000381,0.333333,0.014646945,0.014687117
1242,1242,right,0.399679892,-0.304800874,0.844613132,-0.000492,0.000114,1.012348,0.000505,0.333333,0.014640022,0.014693658
1243,1243,left,0.399666711,0.238936590,0.845555762,-0.000526,0.000055,0.935364,0.000529,0.333333,0.014646948,0.014687114
1243,1243,right,0.399679525,-0.304800826,0.845548425,-0.000367,0.000048,0.935293,0.000370,0.333333,0.014640005,0.014693676
1244,1244,left,0.399666398,0.238936520,0.846412894,-0.000313,-0.000069,0.857132,0.000320,0.333333,0.014646952,0.014687111
1244,1244,right,0.399689712,-0.304802734,0.846320830,0.010187,-0.001908,0.772405,0.010364,0.333333,0.014639993,0.014693688
1245,1245,left,0.399677585,0.238936822,0.847113269,0.011188,0.000302,0.700374,0.011192,0.333333,0.014646957,0.014687106
1245,1245,right,0.399690290,-0.304802807,0.847099085,0.000578,-0.000073,0.778255,0.000583,0.333333,0.014639981,0.014693700
1246,1246,left,0.399678456,0.238936988,0.847817184,0.000871,0.000166,0.703915,0.000886,0.333333,0.014646961,0.014687102
1246,1246,right,0.399689443,-0.304802635,0.847811773,-0.000847,0.000172,0.712688,0.000864,0.333333,0.014639971,0.014693710
1247,1247,left,0.399677129,0.238936930,0.848459438,-0.001328,-0.000058,0.642254,0.001329,0.333333,0.014646965,0.014687099
1247,1247,right,0.399688291,-0.304802425,0.848454799,-0.001152,0.000210,0.643026,0.001171,0.333333,0.014639962,0.014693718
1248,1248,left,0.399675903,0.238936874,0.849038146,-0.001226,-0.000056,0.578709,0.001227,0.333333,0.014646969,0.014687095
1248,1248,right,0.399687021,-0.304802172,0.849032957,-0.001270,0.000252,0.578159,0.001295,0.333333,0.014639955,0.014693726
1249,1249,left,0.399674654,0.238936906,0.849560038,-0.001248,0.000032,0.521892,0.001249,0.333333,0.014646973,0.014687091
1249,1249,right,0.399686200,-0.304802014,0.849554717,-0.000821,0.000158,0.521760,0.000836,0.333333,0.014639948,0.014693732
1250,1250,left,0.399673729,0.238936786,0.850035322,-0.000925,-0.000120,0.475284,0.000933,0.333333,0.014646976,0.014687087
1250,1250,right,0.399685344,-0.304801844,0.850029687,-0.000856,0.000170,0.474969,0.000872,0.333333,0.014639943,0.014693738
1251,1251,left,0.399672933,0.238936820,0.850476477,-0.000796,0.000034,0.441155,0.000797,0.333333,0.014646980,0.014687085
1251,1251,right,0.399684675,-0.304801688,0.850470718,-0.000670,0.000156,0.441032,0.000688,0.333333,0.014639938,0.014693743
1252,1252,left,0.399672565,0.238936758,0.850898584,-0.000368,-0.000061,0.422107,0.000374,0.333333,0.014646984,0.014687081
1252,1252,right,0.399684305,-0.304801707,0.850892598,-0.000370,-0.000019,0.421880,0.000370,0.333333,0.014639935,0.014693747
1253,1253,left,0.399676544,0.238936184,0.851315470,0.003979,-0.000575,0.416886,0.004021,0.333333,0.014646987,0.014687077
1253,1253,right,0.399686654,-0.304801572,0.851309390,0.002349,0.000135,0.416792,0.002353,0.333333,0.014639931,0.014693750
1254,1254,left,0.399705191,0.238932115,0.851731971,0.028647,-0.004069,0.416501,0.028934,0.333333,0.014646991,0.014687073
1254,1254,right,0.399704626,-0.304801486,0.851725192,0.017972,0.000086,0.415802,0.017972,0.333333,0.014639931,0.014693750
1255,1255,left,0.399782681,0.238920952,0.852148226,0.077490,-0.011163,0.416255,0.078290,0.333333,0.014646996,0.014687070
1255,1255,right,0.399753001,-0.304800910,0.852140049,0.048375,0.000576,0.414857,0.048379,0.333333,0.014639937,0.014693744
1256,1256,left,0.399931643,0.238899573,0.852564065,0.148963,-0.021379,0.415839,0.150489,0.333333,0.014647000,0.014687066
1256,1256,right,0.399846019,-0.304799888,0.852552997,0.093018,0.001022,0.412948,0.093024,0.333333,0.014639952,0.014693729
1257,1257,left,0.400173107,0.238864768,0.852978889,0.241463,-0.034806,0.414825,0.243959,0.333333,0.014647005,0.014687061
1257,1257,right,0.399997002,-0.304797765,0.852963411,0.150983,0.002123,0.410414,0.150997,0.333333,0.014639980,0.014693701
1258,1258,left,0.400527173,0.238813771,0.853392136,0.354066,-0.050996,0.413246,0.357720,0.333333,0.014647011,0.014687057
1258,1258,right,0.400218136,-0.304794736,0.853370977,0.221134,0.003029,0.407566,0.221155,0.333333,0.014640021,0.014693659
1259,1259,left,0.401010901,0.238743947,0.853803403,0.483728,-0.069824,0.411267,0.488741,0.333333,0.014647016,0.014687052
1259,1259,right,0.400520768,-0.304790290,0.853774391,0.302632,0.004446,0.403414,0.302665,0.333333,0.014640080,0.014693600
1260,1260,left,0.401641406,0.238652925,0.854212191,0.630505,-0.091022,0.408788,0.637041,0.333333,0.014647023,0.014687047
1260,1260,right,0.400914870,-0.304784486,0.854173647,0.394102,0.005805,0.399255,0.394145,0.333333,0.014640156,0.014693523
1261,1261,left,0.402433002,0.238538445,0.854617840,0.791596,-0.114480,0.405649,0.799831,0.333333,0.014647030,0.014687042
1261,1261,right,0.401409676,-0.304776863,0.854567116,0.494806,0.007623,0.393470,0.494865,0.333333,0.014640252,0.014693424
1262,1262,left,0.403399297,0.238398705,0.855020151,0.966296,-0.139740,0.402312,0.976347,0.333333,0.014647039,0.014687035
1262,1262,right,0.402014090,-0.304767479,0.854955148,0.604414,0.009384,0.388031,0.604487,0.333333,0.014640370,0.014693305
1263,1263,left,0.404552014,0.238231831,0.855418102,1.152717,-0.166874,0.397951,1.164733,0.333333,0.014647048,0.014687028
1263,1263,right,0.402735062,-0.304756086,0.855336535,0.720973,0.011393,0.381387,0.721063,0.333333,0.014640511,0.014693161
1264,1264,left,0.405901798,0.238036405,0.855811556,1.349784,-0.195426,0.393454,1.363858,0.333333,0.014647060,0.014687019
1264,1264,right,0.403579007,-0.304742436,0.855710926,0.843945,0.013650,0.374391,0.844055,0.333333,0.014640676,0.014692995
1265,1265,left,0.407556741,0.237792223,0.856218079,1.654943,-0.244181,0.406523,1.672860,0.333333,0.014647070,0.014687012
1265,1265,right,0.404551987,-0.304726509,0.856077836,0.972979,0.015927,0.366910,0.973110,0.333333,0.014640865,0.014692803
1266,1266,left,0.409341501,0.237533225,0.856598585,1.784760,-0.258999,0.380506,1.803455,0.333333,0.014647087,0.014686999
1266,1266,right,0.405658899,-0.304708235,0.856436509,1.106912,0.018274,0.358672,1.107063,0.333333,0.014641077,0.014692587
1267,1267,left,0.411346584,0.237242425,0.856973657,2.005083,-0.290800,0.375072,2.026061,0.333333,0.014647108,0.014686982
1267,1267,right,0.406903587,-0.304687607,0.856786348,1.244688,0.020627,0.349839,1.244859,0.333333,0.014641316,0.014692345
1268,1268,left,0.413577615,0.236918783,0.857342433,2.231031,-0.323642,0.368776,2.254383,0.333333,0.014647131,0.014686963
1268,1268,right,0.408380290,-0.304653697,0.857144633,1.476703,0.033911,0.358285,1.477092,0.333333,0.014641602,0.014692054
1269,1269,left,0.416038174,0.236561853,0.857704355,2.460559,-0.356930,0.361922,2.486312,0.333333,0.014647161,0.014686937
1269,1269,right,0.409920010,-0.304627413,0.857473648,1.539721,0.026284,0.329015,1.539945,0.333333,0.014641890,0.014691762
1270,1270,left,0.418731639,0.236171194,0.858059706,2.693465,-0.390659,0.355351,2.721648,0.333333,0.014647195,0.014686907
1270,1270,right,0.411604583,-0.304598548,0.857792470,1.684572,0.028864,0.318822,1.684820,0.333333,0.014642200,0.014691446
1271,1271,left,0.421659158,0.235746471,0.858407702,2.927519,-0.424723,0.347996,2.958168,0.333333,0.014647236,0.014686870
1271,1271,right,0.413435857,-0.304567242,0.858101299,1.831274,0.031306,0.308829,1.831542,0.333333,0.014642534,0.014691107
1272,1272,left,0.424821547,0.235287712,0.858747828,3.162390,-0.458760,0.340127,3.195492,0.333333,0.014647285,0.014686828
1272,1272,right,0.415414114,-0.304533494,0.858398922,1.978258,0.033748,0.297623,1.978546,0.333333,0.014642889,0.014690747
1273,1273,left,0.428218283,0.234794895,0.859080364,3.396736,-0.492817,0.332536,3.432300,0.333333,0.014647340,0.014686776
1273,1273,right,0.417538796,-0.304497244,0.858685454,2.124682,0.036249,0.286532,2.124991,0.333333,0.014643262,0.014690368
1274,1274,left,0.431847600,0.234268327,0.859403783,3.629317,-0.526568,0.323419,3.667317,0.333333,0.014647405,0.014686717
1274,1274,right,0.419809300,-0.304458338,0.858960435,2.270504,0.038907,0.274981,2.270837,0.333333,0.014643654,0.014689969
1275,1275,left,0.435707551,0.233708363,0.859719021,3.859950,-0.559964,0.315237,3.900356,0.333333,0.014647479,0.014686648
1275,1275,right,0.422223894,-0.304416883,0.859223714,2.414594,0.041455,0.263279,2.414950,0.333333,0.014644064,0.014689553
1276,1276,left,0.439794293,0.233115338,0.860024380,4.086743,-0.593025,0.305360,4.129545,0.333333,0.014647563,0.014686569
1276,1276,right,0.424780444,-0.304373097,0.859474609,2.556550,0.043786,0.250896,2.556925,0.333333,0.014644488,0.014689121
1277,1277,left,0.444103735,0.232490096,0.860320691,4.309442,-0.625243,0.296311,4.354563,0.333333,0.014647657,0.014686479
1277,1277,right,0.427476341,-0.304326850,0.859712974,2.695897,0.046247,0.238365,2.696294,0.333333,0.014644925,0.014688676
1278,1278,left,0.448630653,0.231833202,0.860606721,4.526918,-0.656893,0.286030,4.574330,0.333333,0.014647761,0.014686379
1278,1278,right,0.430308241,-0.304278310,0.859938223,2.831900,0.048540,0.225249,2.832316,0.333333,0.014645374,0.014688220
1279,1279,left,0.453369167,0.231145632,0.860882919,4.738514,-0.687570,0.276198,4.788138,0.333333,0.014647878,0.014686268
1279,1279,right,0.433272767,-0.304227302,0.860150616,2.964527,0.051008,0.212394,2.964965,0.333333,0.014645834,0.014687753
1280,1280,left,0.458312925,0.230428328,0.861148512,4.943758,-0.717305,0.265593,4.995525,0.333333,0.014648004,0.014686144
1280,1280,right,0.436365266,-0.304174194,0.860349265,3.092498,0.053109,0.198649,3.092954,0.333333,0.014646300,0.014687278
1281,1281,left,0.463453975,0.229682288,0.861402912,5.141050,-0.746040,0.254400,5.194899,0.333333,0.014648143,0.014686010
1281,1281,right,0.439581469,-0.304118824,0.860534622,3.216203,0.055370,0.185356,3.216680,0.333333,0.014646772,0.014686797
1282,1282,left,0.468784771,0.228908773,0.861646388,5.330795,-0.773514,0.243475,5.386623,0.333333,0.014648294,0.014685863
1282,1282,right,0.442916631,-0.304061541,0.860706168,3.335161,0.057282,0.171547,3.335653,0.333333,0.014647249,0.014686312
1283,1283,left,0.474296110,0.228109126,0.861878181,5.511339,-0.799648,0.231794,5.569048,0.333333,0.014648455,0.014685704
1283,1283,right,0.446364560,-0.304002123,0.860863370,3.447930,0.059418,0.157202,3.448442,0.333333,0.014647729,0.014685824
1284,1284,left,0.479978947,0.227284433,0.862098203,5.682838,-0.824693,0.220022,5.742366,0.333333,0.014648627,0.014685535
1284,1284,right,0.449919823,-0.303940886,0.861006417,3.555263,0.061237,0.143047,3.555790,0.333333,0.014648209,0.014685334
1285,1285,left,0.485823156,0.226436352,0.862306105,5.844209,-0.848081,0.207901,5.905423,0.333333,0.014648811,0.014685354
1285,1285,right,0.453576395,-0.303877822,0.861135530,3.656571,0.063064,0.129113,3.657115,0.333333,0.014648689,0.014684846
1286,1286,left,0.491818568,0.225566379,0.862501617,5.995412,-0.869972,0.195512,6.058203,0.333333,0.014649006,0.014685162
1286,1286,right,0.457327296,-0.303813166,0.861249642,3.750901,0.064656,0.114112,3.751458,0.333333,0.014649166,0.014684359
1287,1287,left,0.497954039,0.224675943,0.862684190,6.135470,-0.890437,0.182574,6.199748,0.333333,0.014649210,0.014684959
1287,1287,right,0.461165983,-0.303747090,0.861348957,3.838687,0.066076,0.099315,3.839255,0.333333,0.014649640,0.014683876
1288,1288,left,0.504218514,0.223766883,0.862854177,6.264475,-0.909060,0.169987,6.330090,0.333333,0.014649423,0.014684748
1288,1288,right,0.465085085,-0.303679328,0.861433474,3.919102,0.067762,0.084517,3.919688,0.333333,0.014650108,0.014683398
1289,1289,left,0.510599730,0.222840870,0.863010532,6.381216,-0.926012,0.156355,6.448056,0.333333,0.014649645,0.014684526
1289,1289,right,0.469078079,-0.303610467,0.861503686,3.992994,0.068861,0.070212,3.993588,0.333333,0.014650571,0.014682926
1290,1290,left,0.517086072,0.221899485,0.863153859,6.486342,-0.941385,0.143326,6.554299,0.333333,0.014649876,0.014684295
1290,1290,right,0.473136274,-0.303540212,0.861558060,4.058195,0.070255,0.054375,4.058803,0.333333,0.014651027,0.014682462
1291,1291,left,0.523664969,0.220944845,0.863283476,6.578897,-0.954640,0.129617,6.647798,0.333333,0.014650114,0.014684058
1291,1291,right,0.477252733,-0.303469186,0.861597759,4.116459,0.071026,0.039698,4.117071,0.333333,0.014651474,0.014682006
1292,1292,left,0.530323568,0.219978437,0.863398945,6.658599,-0.966409,0.115469,6.728364,0.333333,0.014650360,0.014683812
1292,1292,right,0.481419169,-0.303397281,0.861622156,4.166436,0.071905,0.024397,4.167057,0.333333,0.014651911,0.014681560
1293,1293,left,0.537048868,0.219002416,0.863500097,6.725300,-0.976020,0.101152,6.795754,0.333333,0.014650610,0.014683560
1293,1293,right,0.485627205,-0.303324583,0.861631460,4.208036,0.072698,0.009304,4.208664,0.333333,0.014652339,0.014681123
1294,1294,left,0.543828083,0.218018657,0.863586894,6.779215,-0.983759,0.086798,6.850222,0.333333,0.014650866,0.014683302
1294,1294,right,0.489869373,-0.303251187,0.861625501,4.242168,0.073396,-0.005959,4.242803,0.333333,0.014652756,0.014680698
1295,1295,left,0.550647242,0.217028884,0.863659283,6.819159,-0.989774,0.072389,6.890616,0.333333,0.014651128,0.014683041
1295,1295,right,0.494136829,-0.303177423,0.861604422,4.267456,0.073763,-0.021079,4.268094,0.333333,0.014653162,0.014680283
1296,1296,left,0.557493484,0.216035301,0.863716884,6.846242,-0.993582,0.057601,6.917965,0.333333,0.014651393,0.014682774
1296,1296,right,0.498421107,-0.303103355,0.861568019,4.284278,0.074069,-0.036403,4.284918,0.333333,0.014653556,0.014679880
1297,1297,left,0.564353040,0.215039745,0.863759407,6.859555,-0.995557,0.042523,6.931424,0.333333,0.014651660,0.014682504
1297,1297,right,0.502714154,-0.303029235,0.861516449,4.293047,0.074119,-0.051570,4.293687,0.333333,0.014653938,0.014679490
1298,1298,left,0.571211980,0.214044133,0.863786502,6.858941,-0.995611,0.027095,6.930823,0.333333,0.014651930,0.014682232
1298,1298,right,0.507007115,-0.302954743,0.861449502,4.292961,0.074493,-0.066947,4.293607,0.333333,0.014654308,0.014679112
1299,1299,left,0.578057523,0.213050732,0.863798802,6.845543,-0.993401,0.012299,6.917247,0.333333,0.014652201,0.014681959
1299,1299,right,0.511291470,-0.302880597,0.861367517,4.284355,0.074145,-0.081985,4.284996,0.333333,0.014654664,0.014678747
1300,1300,left,0.584875502,0.212061059,0.863795180,6.817979,-0.989673,-0.003622,6.889433,0.333333,0.014652473,0.014681684
1300,1300,right,0.515559020,-0.302806685,0.861270727,4.267551,0.073912,-0.096790,4.268191,0.333333,0.014655009,0.014678396
1301,1301,left,0.591652608,0.211077457,0.863776125,6.777106,-0.983603,-0.019055,6.848113,0.333333,0.014652745,0.014681409
1301,1301,right,0.519801493,-0.302733176,0.861158275,4.242473,0.073510,-0.112452,4.243109,0.333333,0.014655340,0.014678058
1302,1302,left,0.598375202,0.210101791,0.863741542,6.722594,-0.975666,-0.034583,6.793025,0.333333,0.014653016,0.014681134
1302,1302,right,0.524009953,-0.302660219,0.861031135,4.208459,0.072957,-0.127140,4.209092,0.333333,0.014655657,0.014677732
1303,1303,left,0.605114338,0.209124123,0.863715844,6.739136,-0.977668,-0.025697,6.809683,0.333333,0.014653290,0.014680857
1303,1303,right,0.528176996,-0.302587993,0.860889565,4.167043,0.072225,-0.141571,4.167669,0.333333,0.014655963,0.014677421
1304,1304,left,0.611694837,0.208169113,0.863650602,6.580499,-0.955010,-0.065242,6.649437,0.333333,0.014653558,0.014680585
1304,1304,right,0.532293770,-0.302516604,0.860733011,4.116774,0.071389,-0.156553,4.117393,0.333333,0.014656254,0.014677122
1305,1305,left,0.618182353,0.207227385,0.863569612,6.487516,-0.941728,-0.080990,6.555511,0.333333,0.014653823,0.014680317
1305,1305,right,0.536353204,-0.302446160,0.860562110,4.059434,0.070445,-0.170902,4.060046,0.333333,0.014656533,0.014676837
1306,1306,left,0.624564808,0.206301070,0.863472697,6.382455,-0.926316,-0.096914,6.449325,0.333333,0.014654086,0.014680050
1306,1306,right,0.540346271,-0.302377047,0.860376154,3.993067,0.069112,-0.185956,3.993665,0.333333,0.014656800,0.014676564
1307,1307,left,0.630829449,0.205391832,0.863359532,6.264641,-0.909238,-0.113165,6.330280,0.333333,0.014654344,0.014679789
1307,1307,right,0.544266730,-0.302308980,0.860176259,3.920459,0.068068,-0.199895,3.921050,0.333333,0.014657053,0.014676305
1308,1308,left,0.636965283,0.204501264,0.863230781,6.135834,-0.890568,-0.128751,6.200127,0.333333,0.014654598,0.014679531
1308,1308,right,0.548106283,-0.302242407,0.859962192,3.839553,0.066572,-0.214067,3.840130,0.333333,0.014657294,0.014676058
1309,1309,left,0.642960392,0.203631050,0.863085819,5.995109,-0.870214,-0.144962,6.057937,0.333333,0.014654848,0.014679277
1309,1309,right,0.551858224,-0.302177165,0.859734024,3.751941,0.065242,-0.228168,3.752508,0.333333,0.014657523,0.014675824
1310,1310,left,0.648804268,0.202782899,0.862925271,5.843876,-0.848151,-0.160547,5.905103,0.333333,0.014655092,0.014679030
1310,1310,right,0.555515664,-0.302113707,0.859492403,3.657440,0.063458,-0.241620,3.657991,0.333333,0.014657740,0.014675601
1311,1311,left,0.654485653,0.201958288,0.862748333,5.681385,-0.824611,-0.176938,5.740916,0.333333,0.014655329,0.014678787
1311,1311,right,0.559072311,-0.302051951,0.859237001,3.556647,0.061756,-0.255402,3.557183,0.333333,0.014657945,0.014675392
1312,1312,left,0.659995246,0.201158567,0.862556058,5.509593,-0.799720,-0.192275,5.567330,0.333333,0.014655561,0.014678552
1312,1312,right,0.562521473,-0.301992092,0.858968281,3.449163,0.059859,-0.268720,3.449682,0.333333,0.014658139,0.014675193
1313,1313,left,0.665323060,0.200385123,0.862347424,5.327815,-0.773445,-0.208635,5.383663,0.333333,0.014655787,0.014678324
1313,1313,right,0.565858083,-0.301934261,0.858687014,3.336610,0.057831,-0.281267,3.337111,0.333333,0.014658322,0.014675007
1314,1314,left,0.670460849,0.199639483,0.862123896,5.137789,-0.745640,-0.223528,5.191614,0.333333,0.014656004,0.014678102
1314,1314,right,0.569076001,-0.301878474,0.858392095,3.217918,0.055787,-0.294919,3.218401,0.333333,0.014658492,0.014674831
1315,1315,left,0.675400106,0.198922538,0.861884419,4.939257,-0.716944,-0.239476,4.991019,0.333333,0.014656215,0.014677888
1315,1315,right,0.572170288,-0.301824794,0.858085133,3.094287,0.053680,-0.306962,3.094753,0.333333,0.014658653,0.014674667
1316,1316,left,0.680132860,0.198235509,0.861629452,4.732754,-0.687029,-0.254967,4.782360,0.333333,0.014656417,0.014677682
1316,1316,right,0.575136782,-0.301773226,0.857765822,2.966494,0.051568,-0.319311,2.966942,0.333333,0.014658803,0.014674514
1317,1317,left,0.684652850,0.197579258,0.861359672,4.519990,-0.656251,-0.269780,4.567382,0.333333,0.014656611,0.014677485
1317,1317,right,0.577970819,-0.301724192,0.857434585,2.834037,0.049034,-0.331237,2.834461,0.333333,0.014658943,0.014674370
1318,1318,left,0.688953652,0.196954780,0.861074401,4.300802,-0.624478,-0.285271,4.345903,0.333333,0.014656797,0.014677295
1318,1318,right,0.580668560,-0.301677491,0.857091350,2.697741,0.046700,-0.343235,2.698146,0.333333,0.014659073,0.014674237
1319,1319,left,0.693030106,0.196363181,0.860774408,4.076454,-0.591599,-0.299993,4.119158,0.333333,0.014656973,0.014677116
1319,1319,right,0.583227233,-0.301633104,0.856737026,2.558673,0.044387,-0.354324,2.559058,0.333333,0.014659193,0.014674113
1320,1320,left,0.696951268,0.195794584,0.860476542,3.921162,-0.568597,-0.297866,3.962173,0.333333,0.014657145,0.014676940
1320,1320,right,0.585644301,-0.301591300,0.856371831,2.417068,0.041805,-0.365195,2.417429,0.333333,0.014659304,0.014674000
1321,1321,left,0.700575597,0.195268331,0.860149716,3.624329,-0.526253,-0.326826,3.662335,0.333333,0.014657305,0.014676779
1321,1321,right,0.587916909,-0.301551855,0.855995438,2.272608,0.039445,-0.376393,2.272950,0.333333,0.014659406,0.014673895
1322,1322,left,0.703964803,0.194776330,0.859808406,3.389206,-0.492001,-0.341310,3.424730,0.333333,0.014657453,0.014676627
1322,1322,right,0.590044243,-0.301515013,0.855608991,2.127334,0.036842,-0.386447,2.127653,0.333333,0.014659499,0.014673800
1323,1323,left,0.707117890,0.194318608,0.859453752,3.153087,-0.457722,-0.354655,3.186137,0.333333,0.014657591,0.014676485
1323,1323,right,0.592024966,-0.301480687,0.855212344,1.980724,0.034327,-0.396647,1.981021,0.333333,0.014659584,0.014673714
1324,1324,left,0.710034038,0.193895268,0.859085504,2.916149,-0.423340,-0.368248,2.946717,0.333333,0.014657720,0.014676354
1324,1324,right,0.593859146,-0.301448947,0.854806533,1.834180,0.031740,-0.405811,1.834455,0.333333,0.014659660,0.014673634
1325,1325,left,0.712712987,0.193506185,0.858704211,2.678949,-0.389083,-0.381294,2.707056,0.333333,0.014657838,0.014676233
1325,1325,right,0.595546636,-0.301419805,0.854391328,1.687490,0.029142,-0.415204,1.687741,0.333333,0.014659728,0.014673565
1326,1326,left,0.715215143,0.193143280,0.858322972,2.502156,-0.362905,-0.381239,2.528337,0.333333,0.014657951,0.014676119
1326,1326,right,0.597088400,-0.301393183,0.853967210,1.541764,0.026622,-0.424118,1.541994,0.333333,0.014659788,0.014673502
1327,1327,left,0.717435636,0.192820856,0.857918679,2.220493,-0.322424,-0.404293,2.243779,0.333333,0.014658048,0.014676020
1327,1327,right,0.598486892,-0.301369157,0.853534951,1.398493,0.024026,-0.432258,1.398699,0.333333,0.014659842,0.014673447
1328,1328,left,0.719427594,0.192531667,0.857503054,1.991958,-0.289190,-0.415625,2.012841,0.333333,0.014658134,0.014675930
1328,1328,right,0.599743672,-0.301347523,0.853094295,1.256780,0.021633,-0.440657,1.256966,0.333333,0.014659888,0.014673400
1329,1329,left,0.721238058,0.192268999,0.857084955,1.810464,-0.262668,-0.418099,1.829419,0.333333,0.014658214,0.014675849
1329,1329,right,0.600862517,-0.301328148,0.852646485,1.118844,0.019376,-0.447809,1.119012,0.333333,0.014659928,0.014673359
1330,1330,left,0.722798191,0.192042557,0.856649037,1.560133,-0.226441,-0.435918,1.576481,0.333333,0.014658279,0.014675783
1330,1330,right,0.601761460,-0.301304461,0.852190136,0.898944,0.023686,-0.456349,0.899256,0.333333,0.014659959,0.014673327
1331,1331,left,0.724150740,0.191846013,0.856203788,1.352548,-0.196545,-0.445249,1.366754,0.333333,0.014658333,0.014675727
1331,1331,right,0.602618797,-0.301289642,0.851728816,0.857337,0.014819,-0.461319,0.857465,0.333333,0.014659986,0.014673299
1332,1332,left,0.725307354,0.191678038,0.855750182,1.156615,-0.167975,-0.453606,1.168748,0.333333,0.014658376,0.014675682
1332,1332,right,0.603362248,-0.301278165,0.851263856,0.743451,0.011478,-0.464961,0.743539,0.333333,0.014660008,0.014673277
1333,1333,left,0.726309433,0.191532952,0.855294647,1.002079,-0.145086,-0.455535,1.012527,0.333333,0.014658410,0.014675647
1333,1333,right,0.603988927,-0.301268702,0.850793341,0.626679,0.009463,-0.470515,0.626750,0.333333,0.014660024,0.014673259
1334,1334,left,0.727086148,0.191419777,0.854822103,0.776715,-0.113175,-0.472543,0.784917,0.333333,0.014658430,0.014675627
1334,1334,right,0.604505316,-0.301261039,0.850317684,0.516389,0.007663,-0.475657,0.516446,0.333333,0.014660036,0.014673248
1335,1335,left,0.727729682,0.191326492,0.854348170,0.643534,-0.093285,-0.473934,0.650260,0.333333,0.014658440,0.014675615
1335,1335,right,0.604919038,-0.301255314,0.849836822,0.413722,0.005725,-0.480862,0.413761,0.333333,0.014660043,0.014673240
1336,1336,left,0.728234826,0.191253179,0.853870061,0.505143,-0.073313,-0.478109,0.510436,0.333333,0.014658441,0.014675613
1336,1336,right,0.605239262,-0.301250802,0.849351983,0.320224,0.004512,-0.484839,0.320256,0.333333,0.014660046,0.014673238
1337,1337,left,0.728594819,0.191201010,0.853383762,0.359994,-0.052169,-0.486298,0.363754,0.333333,0.014658431,0.014675623
1337,1337,right,0.605476235,-0.301247675,0.848863666,0.236973,0.003127,-0.488317,0.236993,0.333333,0.014660045,0.014673238
1338,1338,left,0.728848220,0.191164259,0.852894793,0.253400,-0.036751,-0.488969,0.256052,0.333333,0.014658412,0.014675641
1338,1338,right,0.605640665,-0.301245791,0.848371498,0.164431,0.001885,-0.492168,0.164441,0.333333,0.014660041,0.014673241
1339,1339,left,0.729000271,0.191142006,0.852400228,0.152052,-0.022253,-0.494566,0.153671,0.333333,0.014658386,0.014675667
1339,1339,right,0.605744201,-0.301244786,0.847877033,0.103536,0.001005,-0.494465,0.103540,0.333333,0.014660034,0.014673248
1340,1340,left,0.729105108,0.191127042,0.851917340,0.104837,-0.014964,-0.482888,0.105899,0.333333,0.014658357,0.014675695
1340,1340,right,0.605800651,-0.301244343,0.847380302,0.056450,0.000442,-0.496731,0.056452,0.333333,0.014660025,0.014673257
1341,1341,left,0.729190981,0.191115224,0.851429195,0.085873,-0.011818,-0.488145,0.086683,0.333333,0.014658326,0.014675724
1341,1341,right,0.605823587,-0.301244325,0.846881707,0.022936,0.000018,-0.498594,0.022936,0.333333,0.014660016,0.014673267
1342,1342,left,0.729256591,0.191106342,0.850940814,0.065610,-0.008883,-0.488381,0.066208,0.333333,0.014658294,0.014675756
1342,1342,right,0.605828319,-0.301244448,0.846382392,0.004733,-0.000122,-0.499316,0.004734,0.333333,0.014660005,0.014673278
1343,1343,left,0.729283695,0.191102984,0.850435920,0.027104,-0.003358,-0.504894,0.027311,0.333333,0.014658257,0.014675792
1343,1343,right,0.605828590,-0.301244487,0.845882052,0.000271,-0.000040,-0.500340,0.000274,0.333333,0.014659994,0.014673289
1344,1344,left,0.729274449,0.191104172,0.849929534,-0.009246,0.001188,-0.506385,0.009322,0.333333,0.014658218,0.014675830
1344,1344,right,0.605828624,-0.301244486,0.845378540,0.000034,0.000002,-0.503512,0.000034,0.333333,0.014659983,0.014673299
1345,1345,left,0.729291494,0.191101792,0.849420567,0.017045,-0.002380,-0.508967,0.017210,0.333333,0.014658181,0.014675868
1345,1345,right,0.605828454,-0.301244494,0.844869196,-0.000170,-0.000008,-0.509344,0.000170,0.333333,0.014659972,0.014673310
1346,1346,left,0.729276413,0.191103903,0.848895380,-0.015081,0.002111,-0.525188,0.015228,0.333333,0.014658140,0.014675908
1346,1346,right,0.605828211,-0.301244446,0.844350979,-0.000242,0.000048,-0.518217,0.000247,0.333333,0.014659961,0.014673322
1347,1347,left,0.729268980,0.191104837,0.848357719,-0.007432,0.000934,-0.537660,0.007491,0.333333,0.014658099,0.014675948
1347,1347,right,0.605828175,-0.301244438,0.843822002,-0.000037,0.000009,-0.528977,0.000038,0.333333,0.014659950,0.014673333
1348,1348,left,0.729288167,0.191102432,0.847809365,0.019187,-0.002404,-0.548354,0.019337,0.333333,0.014658060,0.014675987
1348,1348,right,0.605828208,-0.301244417,0.843279689,0.000033,0.000021,-0.542313,0.000039,0.333333,0.014659937,0.014673345
1349,1349,left,0.729273271,0.191104316,0.847236091,-0.014897,0.001884,-0.573274,0.015015,0.333333,0.014658016,0.014676031
1349,1349,right,0.605828062,-0.301244428,0.842722952,-0.000146,-0.000011,-0.556737,0.000146,0.333333,0.014659926,0.014673357
1350,1350,left,0.729266741,0.191105364,0.846644739,-0.006530,0.001048,-0.591352,0.006613,0.333333,0.014657971,0.014676074
1350,1350,right,0.605828236,-0.301244425,0.842149981,0.000173,0.000002,-0.572971,0.000173,0.333333,0.014659914,0.014673369
1351,1351,left,0.729287970,0.191102456,0.846036594,0.021228,-0.002908,-0.608146,0.021427,0.333333,0.014657928,0.014676117
1351,1351,right,0.605828269,-0.301244436,0.841559030,0.000033,-0.000010,-0.590951,0.000035,0.333333,0.014659901,0.014673381
1352,1352,left,0.729272513,0.191104417,0.845398356,-0.015457,0.001961,-0.638238,0.015581,0.333333,0.014657879,0.014676165
1352,1352,right,0.605828337,-0.301244457,0.840949739,0.000068,-0.000021,-0.609291,0.000071,0.333333,0.014659889,0.014673394
1353,1353,left,0.729265677,0.191105264,0.844737839,-0.006835,0.000847,-0.660517,0.006888,0.333333,0.014657830,0.014676213
1353,1353,right,0.605828204,-0.301244435,0.840320633,-0.000133,0.000023,-0.629106,0.000135,0.333333,0.014659875,0.014673407
1354,1354,left,0.729288577,0.191102162,0.844057836,0.022900,-0.003102,-0.680003,0.023109,0.333333,0.014657782,0.014676261
1354,1354,right,0.605828438,-0.301244495,0.839671594,0.000234,-0.000060,-0.649039,0.000241,0.333333,0.014659862,0.014673420
1355,1355,left,0.729271599,0.191104502,0.843345703,-0.016978,0.002340,-0.712133,0.017139,0.333333,0.014657728,0.014676314
1355,1355,right,0.605828519,-0.301244481,0.839002082,0.000081,0.000014,-0.669512,0.000083,0.333333,0.014659848,0.014673434
1356,1356,left,0.729264402,0.191105423,0.842609176,-0.007196,0.000921,-0.736527,0.007255,0.333333,0.014657674,0.014676367
1356,1356,right,0.605828587,-0.301244444,0.838312027,0.000068,0.000036,-0.690055,0.000077,0.333333,0.014659834,0.014673449
1357,1357,left,0.729261021,0.191106063,0.841847749,-0.003382,0.000640,-0.761426,0.003442,0.333333,0.014657619,0.014676422
1357,1357,right,0.605828631,-0.301244496,0.837601165,0.000044,-0.000051,-0.710862,0.000068,0.333333,0.014659819,0.014673463
1358,1358,left,0.729259217,0.191106294,0.841061032,-0.001804,0.000231,-0.786718,0.001819,0.333333,0.014657562,0.014676478
1358,1358,right,0.605828532,-0.301244517,0.836869734,-0.000099,-0.000021,-0.731431,0.000101,0.333333,0.014659804,0.014673478
1359,1359,left,0.729285697,0.191102743,0.840254123,0.026481,-0.003552,-0.806909,0.026718,0.333333,0.014657506,0.014676533
1359,1359,right,0.605828609,-0.301244481,0.836118443,0.000077,0.000036,-0.751291,0.000085,0.333333,0.014659789,0.014673494
1360,1360,left,0.729266754,0.191105115,0.839415043,-0.018943,0.002373,-0.839080,0.019091,0.333333,0.014657444,0.014676593
1360,1360,right,0.605828487,-0.301244441,0.835347478,-0.000122,0.000039,-0.770965,0.000128,0.333333,0.014659774,0.014673509
1361,1361,left,0.729258801,0.191106332,0.838554040,-0.007953,0.001217,-0.861002,0.008046,0.333333,0.014657382,0.014676655
1361,1361,right,0.605828093,-0.301244426,0.834557685,-0.000395,0.000016,-0.789794,0.000395,0.333333,0.014659758,0.014673525
1362,1362,left,0.729254876,0.191106829,0.837671054,-0.003925,0.000497,-0.882987,0.003956,0.333333,0.014657320,0.014676717
1362,1362,right,0.605828333,-0.301244465,0.833750205,0.000241,-0.000039,-0.807479,0.000244,0.333333,0.014659742,0.014673541
1363,1363,left,0.729281957,0.191103211,0.836771742,0.027081,-0.003619,-0.899311,0.027322,0.333333,0.014657257,0.014676778
1363,1363,right,0.605828140,-0.301244419,0.832925500,-0.000193,0.000046,-0.824706,0.000199,0.333333,0.014659725,0.014673557
1364,1364,left,0.729260404,0.191105915,0.835843425,-0.021553,0.002704,-0.928317,0.021722,0.333333,0.014657190,0.014676844
1364,1364,right,0.605828131,-0.301244408,0.832085354,-0.000009,0.000011,-0.840146,0.000015,0.333333,0.014659709,0.014673574
1365,1365,left,0.729251619,0.191107251,0.834898762,-0.008784,0.001335,-0.944663,0.008885,0.333333,0.014657123,0.014676910
1365,1365,right,0.605827701,-0.301244364,0.831230047,-0.000430,0.000044,-0.855307,0.000432,0.333333,0.014659693,0.014673591
1366,1366,left,0.729277234,0.191103825,0.833942473,0.025614,-0.003425,-0.956289,0.025842,0.333333,0.014657058,0.014676974
1366,1366,right,0.605827433,-0.301244363,0.830361432,-0.000268,0.000000,-0.868615,0.000268,0.333333,0.014659675,0.014673607
1367,1367,left,0.729254102,0.191106965,0.832962149,-0.023131,0.003140,-0.980324,0.023343,0.333333,0.014656988,0.014677042
1367,1367,right,0.605827094,-0.301244301,0.829481383,-0.000339,0.000062,-0.880049,0.000345,0.333333,0.014659658,0.014673625
1368,1368,left,0.729275417,0.191104050,0.831975423,0.021315,-0.002915,-0.986726,0.021514,0.333333,0.014656921,0.014677108
1368,1368,right,0.605826978,-0.301244276,0.828590994,-0.000116,0.000025,-0.890388,0.000119,0.333333,0.014659641,0.014673642
1369,1369,left,0.729249848,0.191107480,0.830969134,-0.025569,0.003430,-1.006289,0.025798,0.333333,0.014656850,0.014677178
1369,1369,right,0.605826616,-0.301244243,0.827691497,-0.000362,0.000033,-0.899497,0.000364,0.333333,0.014659624,0.014673659
1370,1370,left,0.729270243,0.191104687,0.829960384,0.020395,-0.002793,-1.008751,0.020586,0.333333,0.014656782,0.014677246
1370,1370,right,0.605826240,-0.301244189,0.826785524,-0.000376,0.000054,-0.905973,0.000380,0.333333,0.014659607,0.014673676
1371,1371,left,0.729244331,0.191108176,0.828936087,-0.025912,0.003489,-1.024297,0.026146,0.333333,0.014656710,0.014677316
1371,1371,right,0.605825828,-0.301244135,0.825874429,-0.000412,0.000055,-0.911095,0.000416,0.333333,0.014659590,0.014673693
1372,1372,left,0.729264020,0.191105481,0.827913723,0.019689,-0.002696,-1.022364,0.019873,0.333333,0.014656642,0.014677384
1372,1372,right,0.605825488,-0.301244107,0.824959689,-0.000340,0.000028,-0.914740,0.000341,0.333333,0.014659572,0.014673711
1373,1373,left,0.729270587,0.191104642,0.826885116,0.006567,-0.000838,-1.028607,0.006620,0.333333,0.014656572,0.014677452
1373,1373,right,0.605825041,-0.301243901,0.824043818,-0.000447,0.000206,-0.915871,0.000492,0.333333,0.014659556,0.014673728
1374,1374,left,0.729271178,0.191104553,0.825854857,0.000592,-0.000089,-1.030259,0.000598,0.333333,0.014656502,0.014677521
1374,1374,right,0.605824441,-0.301243810,0.823128228,-0.000601,0.000091,-0.915590,0.000607,0.333333,0.014659539,0.014673744
1375,1375,left,0.729269147,0.191104853,0.824825025,-0.002031,0.000299,-1.029832,0.002053,0.333333,0.014656432,0.014677590
1375,1375,right,0.605824060,-0.301243922,0.822215398,-0.000381,-0.000112,-0.912830,0.000397,0.333333,0.014659522,0.014673761
1376,1376,left,0.729265994,0.191105232,0.823798496,-0.003153,0.000379,-1.026529,0.003176,0.333333,0.014656363,0.014677658
1376,1376,right,0.605823317,-0.301243867,0.821306466,-0.000743,0.000056,-0.908932,0.000745,0.333333,0.014659505,0.014673778
1377,1377,left,0.729261937,0.191105747,0.822777430,-0.004057,0.000515,-1.021067,0.004089,0.333333,0.014656294,0.014677725
1377,1377,right,0.605822891,-0.301243783,0.820404107,-0.000426,0.000084,-0.902359,0.000434,0.333333,0.014659490,0.014673794
1378,1378,left,0.729258020,0.191106236,0.821764742,-0.003917,0.000489,-1.012688,0.003947,0.333333,0.014656226,0.014677792
1378,1378,right,0.605822195,-0.301243725,0.819510217,-0.000696,0.000058,-0.893890,0.000699,0.333333,0.014659474,0.014673810
1379,1379,left,0.729253803,0.191106965,0.820762296,-0.004217,0.000730,-1.002446,0.004280,0.333333,0.014656159,0.014677858
1379,1379,right,0.605821771,-0.301243647,0.818626596,-0.000423,0.000078,-0.883620,0.000431,0.333333,0.014659458,0.014673825
1380,1380,left,0.729249741,0.191107503,0.819772635,-0.004062,0.000537,-0.989661,0.004097,0.333333,0.014656093,0.014677922
1380,1380,right,0.605821252,-0.301243591,0.817755022,-0.000520,0.000057,-0.871574,0.000523,0.333333,0.014659442,0.014673841
1381,1381,left,0.729245636,0.191108009,0.818798321,-0.004105,0.000507,-0.974314,0.004136,0.333333,0.014656029,0.014677986
1381,1381,right,0.605820483,-0.301243509,0.816897977,-0.000769,0.000082,-0.857045,0.000773,0.333333,0.014659427,0.014673856
1382,1382,left,0.729241293,0.191108553,0.817840721,-0.004343,0.000544,-0.957600,0.004377,0.333333,0.014655965,0.014678048
1382,1382,right,0.605819831,-0.301243424,0.816057120,-0.000653,0.000085,-0.840857,0.000658,0.333333,0.014659412,0.014673871
1383,1383,left,0.729237290,0.191109043,0.816903096,-0.004002,0.000490,-0.937626,0.004032,0.333333,0.014655904,0.014678109
1383,1383,right,0.605819444,-0.301243212,0.815234352,-0.000386,0.000212,-0.822768,0.000441,0.333333,0.014659398,0.014673885
1384,1384,left,0.729233360,0.191109544,0.815987217,-0.003930,0.000501,-0.915879,0.003962,0.333333,0.014655843,0.014678168
1384,1384,right,0.605818687,-0.301243122,0.814430954,-0.000757,0.000090,-0.803398,0.000762,0.333333,0.014659384,0.014673899
1385,1385,left,0.729263632,0.191105094,0.815115656,0.030272,-0.004450,-0.871561,0.030597,0.333333,0.014655787,0.014678222
1385,1385,right,0.605818204,-0.301243078,0.813649556,-0.000483,0.000045,-0.781398,0.000485,0.333333,0.014659371,0.014673913
1386,1386,left,0.729239974,0.191108694,0.814230115,-0.023658,0.003600,-0.885541,0.023931,0.333333,0.014655729,0.014678280
1386,1386,right,0.605817387,-0.301243124,0.812891158,-0.000818,-0.000046,-0.758397,0.000819,0.333333,0.014659358,0.014673925
1387,1387,left,0.729261488,0.191105572,0.813409978,0.021515,-0.003122,-0.820137,0.021740,0.333333,0.014655677,0.014678332
1387,1387,right,0.605816629,-0.301243064,0.812157629,-0.000758,0.000060,-0.733530,0.000760,0.333333,0.014659346,0.014673938
1388,1388,left,0.729234263,0.191109435,0.812582111,-0.027225,0.003863,-0.827866,0.027498,0.333333,0.014655622,0.014678385
1388,1388,right,0.605816179,-0.301242984,0.811450398,-0.000449,0.000080,-0.707231,0.000456,0.333333,0.014659334,0.014673949
1389,1389,left,0.729252415,0.191106730,0.811820925,0.018152,-0.002705,-0.761187,0.018352,0.333333,0.014655573,0.014678434
1389,1389,right,0.605815470,-0.301242902,0.810771332,-0.000709,0.000083,-0.679066,0.000714,0.333333,0.014659323,0.014673961
1390,1390,left,0.729262082,0.191105563,0.811077136,0.009667,-0.001167,-0.743789,0.009737,0.333333,0.014655526,0.014678480
1390,1390,right,0.605815117,-0.301242850,0.810120840,-0.000353,0.000051,-0.650492,0.000357,0.333333,0.014659312,0.014673972
1391,1391,left,0.729227277,0.191110309,0.810347816,-0.034805,0.004746,-0.729320,0.035127,0.333333,0.014655477,0.014678528
1391,1391,right,0.605814279,-0.301242758,0.809500758,-0.000838,0.000092,-0.620082,0.000843,0.333333,0.014659301,0.014673982
1392,1392,left,0.729239557,0.191108576,0.809686778,0.012280,-0.001733,-0.661039,0.012402,0.333333,0.014655435,0.014678569
1392,1392,right,0.605813913,-0.301242741,0.808912145,-0.000366,0.000018,-0.588613,0.000366,0.333333,0.014659292,0.014673992
1393,1393,left,0.729245364,0.191107595,0.809048216,0.005807,-0.000980,-0.638562,0.005889,0.333333,0.014655394,0.014678609
1393,1393,right,0.605813228,-0.301242646,0.808355262,-0.000685,0.000094,-0.556882,0.000691,0.333333,0.014659283,0.014674001
1394,1394,left,0.729246206,0.191107737,0.808446362,0.000842,0.000141,-0.601854,0.000854,0.333333,0.014655355,0.014678647
1394,1394,right,0.605812604,-0.301242521,0.807831866,-0.000624,0.000125,-0.523396,0.000636,0.333333,0.014659274,0.014674010
1395,1395,left,0.729243886,0.191108011,0.807882784,-0.002320,0.000274,-0.563577,0.002336,0.333333,0.014655320,0.014678682
1395,1395,right,0.605812050,-0.301242496,0.807341993,-0.000555,0.000025,-0.489873,0.000555,0.333333,0.014659267,0.014674017
1396,1396,left,0.729239865,0.191108530,0.807357753,-0.004021,0.000519,-0.525032,0.004054,0.333333,0.014655286,0.014678715
1396,1396,right,0.605811566,-0.301242434,0.806885978,-0.000484,0.000061,-0.456015,0.000487,0.333333,0.014659259,0.014674025
1397,1397,left,0.729234756,0.191109168,0.806872020,-0.005109,0.000638,-0.485733,0.005149,0.333333,0.014655255,0.014678746
1397,1397,right,0.605811120,-0.301242341,0.806464696,-0.000446,0.000094,-0.421282,0.000456,0.333333,0.014659252,0.014674032
1398,1398,left,0.729229043,0.191110106,0.806425459,-0.005713,0.000938,-0.446561,0.005790,0.333333,0.014655226,0.014678773
1398,1398,right,0.605810472,-0.301242270,0.806077671,-0.000647,0.000071,-0.387025,0.000651,0.333333,0.014659246,0.014674038
1399,1399,left,0.729223362,0.191110828,0.806018899,-0.005680,0.000722,-0.406560,0.005726,0.333333,0.014655200,0.014678800
1399,1399,right,0.605810006,-0.301242239,0.805725073,-0.000467,0.000031,-0.352598,0.000468,0.333333,0.014659241,0.014674043
1400,1400,left,0.729217539,0.191111525,0.805651529,-0.005823,0.000697,-0.367370,0.005865,0.333333,0.014655177,0.014678823
1400,1400,right,0.605809394,-0.301242200,0.805406887,-0.000611,0.000039,-0.318186,0.000613,0.333333,0.014659235,0.014674049
1401,1401,left,0.729211833,0.191112470,0.805322747,-0.005706,0.000945,-0.328781,0.005784,0.333333,0.014655155,0.014678843
1401,1401,right,0.605808876,-0.301242122,0.805122396,-0.000518,0.000078,-0.284490,0.000524,0.333333,0.014659231,0.014674054
1402,1402,left,0.729206132,0.191113197,0.805031865,-0.005701,0.000727,-0.290883,0.005747,0.333333,0.014655137,0.014678862
1402,1402,right,0.605808503,-0.301242054,0.804870788,-0.000373,0.000068,-0.251608,0.000379,0.333333,0.014659227,0.014674057
1403,1403,left,0.729201059,0.191113851,0.804778382,-0.005073,0.000654,-0.253483,0.005115,0.333333,0.014655121,0.014678878
1403,1403,right,0.605808107,-0.301242011,0.804651124,-0.000397,0.000043,-0.219664,0.000399,0.333333,0.014659223,0.014674061
1404,1404,left,0.729195869,0.191114492,0.804560058,-0.005190,0.000641,-0.218324,0.005229,0.333333,0.014655106,0.014678892
1404,1404,right,0.605807570,-0.301241952,0.804462296,-0.000536,0.000059,-0.188828,0.000540,0.333333,0.014659220,0.014674064
1405,1405,left,0.729190894,0.191115306,0.804376061,-0.004975,0.000814,-0.183996,0.005042,0.333333,0.014655095,0.014678903
1405,1405,right,0.605807208,-0.301241892,0.804303506,-0.000362,0.000060,-0.158790,0.000367,0.333333,0.014659218,0.014674067
1406,1406,left,0.729186361,0.191115903,0.804224172,-0.004532,0.000597,-0.151889,0.004571,0.333333,0.014655084,0.014678912
1406,1406,right,0.605806719,-0.301241839,0.804172504,-0.000489,0.000052,-0.131002,0.000492,0.333333,0.014659216,0.014674068
1407,1407,left,0.729182210,0.191116419,0.804102592,-0.004151,0.000516,-0.121581,0.004183,0.333333,0.014655077,0.014678921
1407,1407,right,0.605806468,-0.301241785,0.804067013,-0.000251,0.000054,-0.105491,0.000257,0.333333,0.014659214,0.014674070
1408,1408,left,0.729182210,0.191116419,0.804102592,0.000000,0.000000,0.000000,0.000000,0.333333,0.014655077,0.014678921
1408,1408,right,0.605806468,-0.301241785,0.804067013,0.000000,0.000000,0.000000,0.000000,0.333333,0.014659214,0.014674070
1409,1409,left,0.729181330,0.191116511,0.803940983,-0.000881,0.000093,-0.161609,0.000885,0.333333,0.014655067,0.014678930
1409,1409,right,0.605806753,-0.301241849,0.803928619,0.000285,-0.000064,-0.138393,0.000293,0.333333,0.014659212,0.014674072
1410,1410,left,0.729181330,0.191116511,0.803940983,0.000000,0.000000,0.000000,0.000000,0.333333,0.014655067,0.014678930
1410,1410,right,0.605806753,-0.301241849,0.803928619,0.000000,0.000000,0.000000,0.000000,0.333333,0.014659212,0.014674072
1411,1411,left,0.729181330,0.191116511,0.803940983,0.000000,0.000000,0.000000,0.000000,0.333333,0.014655067,0.014678930
1411,1411,right,0.605806753,-0.301241849,0.803928619,0.000000,0.000000,0.000000,0.000000,0.333333,0.014659212,0.014674072
1412,1412,left,0.729181330,0.191116511,0.803940983,0.000000,0.000000,0.000000,0.000000,0.333333,0.014655067,0.014678930
1412,1412,right,0.605806753,-0.301241849,0.803928619,0.000000,0.000000,0.000000,0.000000,0.333333,0.014659212,0.014674072
1413,1413,left,0.729178117,0.191116905,0.803841237,-0.003213,0.000394,-0.099746,0.003237,0.333333,0.014655060,0.014678936
1413,1413,right,0.605806753,-0.301241849,0.803928619,0.000000,0.000000,0.000000,0.000000,0.333333,0.014659212,0.014674072
1414,1414,left,0.729178117,0.191116905,0.803841237,0.000000,0.000000,0.000000,0.000000,0.333333,0.014655060,0.014678936
1414,1414,right,0.605806753,-0.301241849,0.803928619,0.000000,0.000000,0.000000,0.000000,0.333333,0.014659212,0.014674072
1415,1415,left,0.729178117,0.191116905,0.803841237,0.000000,0.000000,0.000000,0.000000,0.333325,0.014654675,0.014678552
1415,1415,right,0.605806753,-0.301241849,0.803928619,0.000000,0.000000,0.000000,0.000000,0.333325,0.014658827,0.014673688
1416,1416,left,0.729178117,0.191116905,0.803841237,0.000000,0.000000,0.000000,0.000000,0.333265,0.014652046,0.014675923
1416,1416,right,0.605806753,-0.301241849,0.803928619,0.000000,0.000000,0.000000,0.000000,0.333265,0.014656198,0.014671058
1417,1417,left,0.729178117,0.191116905,0.803841237,0.000000,0.000000,0.000000,0.000000,0.333107,0.014645103,0.014668980
1417,1417,right,0.605806753,-0.301241849,0.803928619,0.000000,0.000000,0.000000,0.000000,0.333107,0.014649255,0.014664115
1418,1418,left,0.729178117,0.191116905,0.803841237,0.000000,0.000000,0.000000,0.000000,0.332808,0.014631961,0.014655838
1418,1418,right,0.605806753,-0.301241849,0.803928619,0.000000,0.000000,0.000000,0.000000,0.332808,0.014636113,0.014650973
1419,1419,left,0.729178117,0.191116905,0.803841237,0.000000,0.000000,0.000000,0.000000,0.332330,0.014610916,0.014634793
1419,1419,right,0.605806753,-0.301241849,0.803928619,0.000000,0.000000,0.000000,0.000000,0.332330,0.014615068,0.014629928
1420,1420,left,0.729178117,0.191116905,0.803841237,0.000000,0.000000,0.000000,0.000000,0.331637,0.014580440,0.014604316
1420,1420,right,0.605806753,-0.301241849,0.803928619,0.000000,0.000000,0.000000,0.000000,0.331637,0.014584592,0.014599452
1421,1421,left,0.729178117,0.191116905,0.803841237,0.000000,0.000000,0.000000,0.000000,0.330699,0.014539171,0.014563047
1421,1421,right,0.605806753,-0.301241849,0.803928619,0.000000,0.000000,0.000000,0.000000,0.330699,0.014543323,0.014558183
1422,1422,left,0.729178117,0.191116905,0.803841237,0.000000,0.000000,0.000000,0.000000,0.329489,0.014485913,0.014509790
1422,1422,right,0.605806753,-0.301241849,0.803928619,0.000000,0.000000,0.000000,0.000000,0.329489,0.014490065,0.014504925
1423,1423,left,0.729178117,0.191116905,0.803841237,0.000000,0.000000,0.000000,0.000000,0.327983,0.014419627,0.014443504
1423,1423,right,0.605806753,-0.301241849,0.803928619,0.000000,0.000000,0.000000,0.000000,0.327983,0.014423779,0.014438639
1424,1424,left,0.729178117,0.191116905,0.803841237,0.000000,0.000000,0.000000,0.000000,0.326160,0.014339429,0.014363306
1424,1424,right,0.605806753,-0.301241849,0.803928619,0.000000,0.000000,0.000000,0.000000,0.326160,0.014343581,0.014358441
1425,1425,left,0.729178117,0.191116905,0.803841237,0.000000,0.000000,0.000000,0.000000,0.324004,0.014244581,0.014268457
1425,1425,right,0.605806753,-0.301241849,0.803928619,0.000000,0.000000,0.000000,0.000000,0.324004,0.014248732,0.014263593
1426,1426,left,0.729178117,0.191116905,0.803841237,0.000000,0.000000,0.000000,0.000000,0.321502,0.014134484,0.014158361
1426,1426,right,0.605806753,-0.301241849,0.803928619,0.000000,0.000000,0.000000,0.000000,0.321502,0.014138637,0.014153495
1427,1427,left,0.729178117,0.191116905,0.803841237,0.000000,0.000000,0.000000,0.000000,0.318643,0.014008681,0.014032558
1427,1427,right,0.605806753,-0.301241849,0.803928619,0.000000,0.000000,0.000000,0.000000,0.318643,0.014012834,0.014027692
1428,1428,left,0.729178117,0.191116905,0.803841237,0.000000,-0.000000,-0.000000,0.000000,0.315419,0.013866844,0.013890719
1428,1428,right,0.605806753,-0.301241849,0.803928619,0.000000,0.000000,0.000000,0.000000,0.315419,0.013870995,0.013885854
1429,1429,left,0.729178117,0.191116905,0.803841237,0.000000,0.000000,0.000000,0.000000,0.311827,0.013708766,0.013732640
1429,1429,right,0.605806753,-0.301241849,0.803928619,0.000000,0.000000,0.000000,0.000000,0.311827,0.013712917,0.013727776
1430,1430,left,0.729178117,0.191116905,0.803841237,0.000000,0.000000,0.000000,0.000000,0.307863,0.013534365,0.013558240
1430,1430,right,0.605806753,-0.301241849,0.803928619,0.000000,0.000000,0.000000,0.000000,0.307863,0.013538517,0.013553375
1431,1431,left,0.729178117,0.191116905,0.803841237,0.000000,0.000000,0.000000,0.000000,0.303529,0.013343674,0.013367549
1431,1431,right,0.605806753,-0.301241849,0.803928619,0.000000,0.000000,0.000000,0.000000,0.303529,0.013347826,0.013362684
1432,1432,left,0.729178117,0.191116905,0.803841237,0.000000,0.000000,0.000000,0.000000,0.298828,0.013136832,0.013160706
1432,1432,right,0.605806753,-0.301241849,0.803928619,0.000000,0.000000,0.000000,0.000000,0.298828,0.013140985,0.013155841
1433,1433,left,0.729178117,0.191116905,0.803841237,0.000000,0.000000,0.000000,0.000000,0.293766,0.012914085,0.012937959
1433,1433,right,0.605806753,-0.301241849,0.803928619,0.000000,0.000000,0.000000,0.000000,0.293766,0.012918238,0.012933094
1434,1434,left,0.729178117,0.191116905,0.803841237,0.000000,0.000000,0.000000,0.000000,0.288350,0.012675774,0.012699648
1434,1434,right,0.605806753,-0.301241849,0.803928619,-0.000000,-0.000000,-0.000000,0.000000,0.288350,0.012679926,0.012694783
1435,1435,left,0.729178117,0.191116905,0.803841237,-0.000000,0.000000,0.000000,0.000000,0.282590,0.012422334,0.012446207
1435,1435,right,0.605806753,-0.301241849,0.803928619,0.000000,0.000000,0.000000,0.000000,0.282590,0.012426486,0.012441343
1436,1436,left,0.729178117,0.191116905,0.803841237,0.000000,-0.000000,-0.000000,0.000000,0.276498,0.012154289,0.012178161
1436,1436,right,0.605806753,-0.301241849,0.803928619,-0.000000,-0.000000,-0.000000,0.000000,0.276498,0.012158441,0.012173296
1437,1437,left,0.729178117,0.191116905,0.803841237,-0.000000,0.000000,0.000000,0.000000,0.270087,0.011872241,0.011896114
1437,1437,right,0.605806753,-0.301241849,0.803928619,0.000000,0.000000,0.000000,0.000000,0.270087,0.011876394,0.011891249
1438,1438,left,0.729178117,0.191116905,0.803841237,0.000000,0.000000,0.000000,0.000000,0.263374,0.011576874,0.011600746
1438,1438,right,0.605806753,-0.301241849,0.803928619,0.000000,0.000000,0.000000,0.000000,0.263374,0.011581026,0.011595881
1439,1439,left,0.729178117,0.191116905,0.803841237,0.000000,-0.000000,-0.000000,0.000000,0.256376,0.011268937,0.011292808
1439,1439,right,0.605806753,-0.301241849,0.803928619,0.000000,0.000000,0.000000,0.000000,0.256376,0.011273090,0.011287943
1440,1440,left,0.729178117,0.191116904,0.803841237,-0.000000,-0.000000,-0.000000,0.000000,0.249110,0.010949249,0.010973120
1440,1440,right,0.605806753,-0.301241849,0.803928619,0.000000,0.000000,0.000000,0.000000,0.249110,0.010953402,0.010968255
1441,1441,left,0.729178117,0.191116904,0.803841237,0.000000,0.000000,0.000000,0.000000,0.241597,0.010618688,0.010642557
1441,1441,right,0.605806753,-0.301241849,0.803928619,0.000000,0.000000,0.000000,0.000000,0.241597,0.010622839,0.010637692
1442,1442,left,0.729178117,0.191116904,0.803841237,0.000000,0.000000,0.000000,0.000000,0.233859,0.010278182,0.010302052
1442,1442,right,0.605806753,-0.301241849,0.803928619,0.000000,0.000000,0.000000,0.000000,0.233859,0.010282335,0.010297186
1443,1443,left,0.729178117,0.191116904,0.803841237,0.000000,0.000000,0.000000,0.000000,0.225916,0.009928716,0.009952585
1443,1443,right,0.605806753,-0.301241849,0.803928619,0.000000,0.000000,0.000000,0.000000,0.225916,0.009932869,0.009947720
1444,1444,left,0.729178117,0.191116905,0.803841237,-0.000000,0.000000,0.000000,0.000000,0.217794,0.009571314,0.009595182
1444,1444,right,0.605806753,-0.301241849,0.803928619,0.000000,0.000000,0.000000,0.000000,0.217794,0.009575467,0.009590316
1445,1445,left,0.729178118,0.191116847,0.803841236,0.000002,-0.000058,-0.000001,0.000058,0.209515,0.009207037,0.009230905
1445,1445,right,0.605806753,-0.301241849,0.803928619,0.000000,0.000000,0.000000,0.000000,0.209515,0.009211190,0.009226039
1446,1446,left,0.729178118,0.191116846,0.803841236,0.000000,-0.000001,-0.000000,0.000001,0.201104,0.008836982,0.008860849
1446,1446,right,0.605806753,-0.301241849,0.803928619,0.000000,0.000000,0.000000,0.000000,0.201104,0.008841136,0.008855983
1447,1447,left,0.729178118,0.191116846,0.803841236,0.000000,0.000000,0.000000,0.000000,0.192588,0.008462273,0.008486139
1447,1447,right,0.605806753,-0.301241849,0.803928619,0.000000,0.000000,0.000000,0.000000,0.192588,0.008466425,0.008481272
1448,1448,left,0.729178118,0.191116846,0.803841236,0.000000,0.000000,0.000000,0.000000,0.183992,0.008084051,0.008107917
1448,1448,right,0.605806753,-0.301241849,0.803928619,0.000000,0.000000,0.000000,0.000000,0.183992,0.008088205,0.008103051
1449,1449,left,0.729178118,0.191116846,0.803841236,0.000000,0.000000,0.000000,0.000000,0.175343,0.007703481,0.007727346
1449,1449,right,0.605806753,-0.301241849,0.803928619,0.000000,0.000000,0.000000,0.000000,0.175343,0.007707634,0.007722480
1450,1450,left,0.729178118,0.191116847,0.803841236,-0.000000,0.000001,0.000000,0.000001,0.166667,0.007321734,0.007345598
1450,1450,right,0.605806753,-0.301241849,0.803928619,0.000000,0.000000,0.000000,0.000000,0.166667,0.007325887,0.007340731
1451,1451,left,0.729178118,0.191116846,0.803841236,0.000000,-0.000001,-0.000000,0.000001,0.157991,0.006939986,0.006963850
1451,1451,right,0.605806753,-0.301241849,0.803928619,0.000000,0.000000,0.000000,0.000000,0.157991,0.006944139,0.006958983
1452,1452,left,0.729178118,0.191116846,0.803841236,0.000000,0.000000,0.000000,0.000000,0.149341,0.006559416,0.006583279
1452,1452,right,0.605806753,-0.301241849,0.803928619,0.000000,0.000000,0.000000,0.000000,0.149341,0.006563569,0.006578412
1453,1453,left,0.729178118,0.191116846,0.803841236,0.000000,0.000000,0.000000,0.000000,0.140745,0.006181195,0.006205057
1453,1453,right,0.605806753,-0.301241849,0.803928619,0.000000,0.000000,0.000000,0.000000,0.140745,0.006185349,0.006200190
1454,1454,left,0.729178118,0.191116846,0.803841236,0.000000,0.000000,0.000000,0.000000,0.132229,0.005806485,0.005830347
1454,1454,right,0.605806753,-0.301241849,0.803928619,0.000000,0.000000,0.000000,0.000000,0.132229,0.005810639,0.005825480
1455,1455,left,0.729178118,0.191116846,0.803841236,0.000000,0.000000,0.000000,0.000000,0.123819,0.005436430,0.005460291
1455,1455,right,0.605806753,-0.301241849,0.803928619,0.000000,0.000000,0.000000,0.000000,0.123819,0.005440584,0.005455424
1456,1456,left,0.729178118,0.191116847,0.803841236,-0.000000,0.000001,0.000000,0.000001,0.115540,0.005072154,0.005096014
1456,1456,right,0.605806753,-0.301241849,0.803928619,0.000000,0.000000,0.000000,0.000000,0.115540,0.005076308,0.005091147
1457,1457,left,0.729178118,0.191116846,0.803841236,0.000000,-0.000001,-0.000000,0.000001,0.107417,0.004714751,0.004738610
1457,1457,right,0.605806753,-0.301241849,0.803928619,0.000000,0.000000,0.000000,0.000000,0.107417,0.004718905,0.004733744
1458,1458,left,0.729178118,0.191116846,0.803841236,0.000000,0.000000,0.000000,0.000000,0.099475,0.004365285,0.004389144
1458,1458,right,0.605806753,-0.301241849,0.803928619,0.000000,0.000000,0.000000,0.000000,0.099475,0.004369439,0.004384276
1459,1459,left,0.729178118,0.191116846,0.803841236,0.000000,0.000000,0.000000,0.000000,0.091736,0.004024781,0.004048639
1459,1459,right,0.605806753,-0.301241849,0.803928619,0.000000,0.000000,0.000000,0.000000,0.091736,0.004028935,0.004043771
1460,1460,left,0.729178118,0.191116846,0.803841236,0.000000,0.000000,0.000000,0.000000,0.084223,0.003694218,0.003718075
1460,1460,right,0.605806753,-0.301241849,0.803928619,0.000000,0.000000,0.000000,0.000000,0.084223,0.003698373,0.003713208
1461,1461,left,0.729178118,0.191116846,0.803841236,0.000000,0.000000,0.000000,0.000000,0.076957,0.003374530,0.003398387
1461,1461,right,0.605806753,-0.301241849,0.803928619,0.000000,0.000000,0.000000,0.000000,0.076957,0.003378684,0.003393519
1462,1462,left,0.729178118,0.191116846,0.803841236,0.000000,0.000000,0.000000,0.000000,0.069959,0.003066594,0.003090449
1462,1462,right,0.605806753,-0.301241849,0.803928619,0.000000,0.000000,0.000000,0.000000,0.069959,0.003070748,0.003085582
1463,1463,left,0.729178118,0.191116846,0.803841236,0.000000,0.000000,0.000000,0.000000,0.063246,0.002771226,0.002795081
1463,1463,right,0.605806753,-0.301241849,0.803928619,0.000000,0.000000,0.000000,0.000000,0.063246,0.002775381,0.002790214
1464,1464,left,0.729178118,0.191116846,0.803841236,0.000000,0.000000,0.000000,0.000000,0.056836,0.002489179,0.002513034
1464,1464,right,0.605806753,-0.301241849,0.803928619,0.000000,0.000000,0.000000,0.000000,0.056836,0.002493334,0.002508166
1465,1465,left,0.729178118,0.191116846,0.803841236,0.000000,0.000000,0.000000,0.000000,0.050744,0.002221134,0.002244988
1465,1465,right,0.605806753,-0.301241849,0.803928619,0.000000,0.000000,0.000000,0.000000,0.050744,0.002225288,0.002240120
1466,1466,left,0.729178118,0.191116846,0.803841236,0.000000,0.000000,0.000000,0.000000,0.044984,0.001967694,0.001991548
1466,1466,right,0.605806753,-0.301241849,0.803928619,0.000000,0.000000,0.000000,0.000000,0.044984,0.001971849,0.001986680
1467,1467,left,0.729178118,0.191116847,0.803841236,-0.000000,0.000001,0.000000,0.000001,0.039568,0.001729383,0.001753236
1467,1467,right,0.605806753,-0.301241849,0.803928619,0.000000,0.000000,0.000000,0.000000,0.039568,0.001733537,0.001748368
1468,1468,left,0.729178118,0.191116847,0.803841236,0.000000,0.000000,0.000000,0.000000,0.034505,0.001506635,0.001530488
1468,1468,right,0.605806751,-0.301241906,0.803928631,-0.000002,-0.000057,0.000012,0.000057,0.034505,0.001510790,0.001525620
1469,1469,left,0.729178118,0.191116847,0.803841236,0.000000,0.000000,0.000000,0.000000,0.029804,0.001299794,0.001323646
1469,1469,right,0.605806751,-0.301241906,0.803928631,0.000000,0.000000,0.000000,0.000000,0.029804,0.001303948,0.001318778
1470,1470,left,0.729178118,0.191116847,0.803841236,0.000000,0.000000,0.000000,0.000000,0.025470,0.001109103,0.001132955
1470,1470,right,0.605806751,-0.301241906,0.803928631,0.000000,0.000000,0.000000,0.000000,0.025470,0.001113258,0.001128087
1471,1471,left,0.729178118,0.191116847,0.803841236,0.000000,0.000000,0.000000,0.000000,0.021507,0.000934703,0.000958554
1471,1471,right,0.605806751,-0.301241906,0.803928631,0.000000,0.000000,0.000000,0.000000,0.021507,0.000938858,0.000953686
1472,1472,left,0.729178118,0.191116846,0.803841236,0.000000,-0.000001,-0.000000,0.000001,0.017914,0.000776625,0.000800476
1472,1472,right,0.605806751,-0.301241906,0.803928631,0.000000,0.000000,0.000000,0.000000,0.017914,0.000780780,0.000795608
1473,1473,left,0.729178118,0.191116846,0.803841236,0.000000,0.000000,0.000000,0.000000,0.014690,0.000634786,0.000658637
1473,1473,right,0.605806751,-0.301241906,0.803928631,0.000000,0.000000,0.000000,0.000000,0.014690,0.000638941,0.000653769
1474,1474,left,0.729178118,0.191116846,0.803841236,0.000000,0.000000,0.000000,0.000000,0.011831,0.000508983,0.000532834
1474,1474,right,0.605806751,-0.301241906,0.803928631,0.000000,0.000000,0.000000,0.000000,0.011831,0.000513138,0.000527966
1475,1475,left,0.729178118,0.191116846,0.803841236,0.000000,0.000000,0.000000,0.000000,0.009329,0.000398887,0.000422737
1475,1475,right,0.605806751,-0.301241906,0.803928631,0.000000,0.000000,0.000000,0.000000,0.009329,0.000403042,0.000417869
1476,1476,left,0.729178118,0.191116846,0.803841236,0.000000,0.000000,0.000000,0.000000,0.007173,0.000304038,0.000327888
1476,1476,right,0.605806751,-0.301241906,0.803928631,0.000000,0.000000,0.000000,0.000000,0.007173,0.000308193,0.000323020
1477,1477,left,0.729178118,0.191116847,0.803841236,-0.000000,0.000001,0.000000,0.000001,0.005351,0.000223840,0.000247690
1477,1477,right,0.605806751,-0.301241906,0.803928631,0.000000,0.000000,0.000000,0.000000,0.005351,0.000227995,0.000242822
1478,1478,left,0.729178118,0.191116847,0.803841236,0.000000,0.000000,0.000000,0.000000,0.003844,0.000157555,0.000181405
1478,1478,right,0.605806751,-0.301241906,0.803928631,0.000000,0.000000,0.000000,0.000000,0.003844,0.000161710,0.000176537
1479,1479,left,0.729178118,0.191116847,0.803841236,0.000000,0.000000,0.000000,0.000000,0.002634,0.000104297,0.000128147
1479,1479,right,0.605806751,-0.301241906,0.803928631,0.000000,0.000000,0.000000,0.000000,0.002634,0.000108452,0.000123279
1480,1480,left,0.729178118,0.191116846,0.803841236,0.000000,-0.000001,-0.000000,0.000001,0.001696,0.000063028,0.000086878
1480,1480,right,0.605806751,-0.301241906,0.803928631,0.000000,0.000000,0.000000,0.000000,0.001696,0.000067183,0.000082010
1481,1481,left,0.729178118,0.191116846,0.803841236,0.000000,0.000000,0.000000,0.000000,0.001003,0.000032552,0.000056401
1481,1481,right,0.605806751,-0.301241906,0.803928631,0.000000,0.000000,0.000000,0.000000,0.001003,0.000036707,0.000051533
1482,1482,left,0.729178118,0.191116846,0.803841236,0.000000,0.000000,0.000000,0.000000,0.000525,0.000011507,0.000035357
1482,1482,right,0.605806751,-0.301241906,0.803928631,0.000000,0.000000,0.000000,0.000000,0.000525,0.000015662,0.000030488
1483,1483,left,0.729178118,0.191116846,0.803841236,0.000000,0.000000,0.000000,0.000000,0.000226,-0.000001635,0.000022215
1483,1483,right,0.605806751,-0.301241906,0.803928631,0.000000,0.000000,0.000000,0.000000,0.000226,0.000002520,0.000017346
1484,1484,left,0.729178118,0.191116846,0.803841236,0.000000,0.000000,0.000000,0.000000,0.000069,-0.000008578,0.000015271
1484,1484,right,0.605806751,-0.301241906,0.803928631,0.000000,0.000000,0.000000,0.000000,0.000069,-0.000004423,0.000010403
1485,1485,left,0.729178118,0.191116846,0.803841236,0.000000,0.000000,0.000000,0.000000,0.000009,-0.000011207,0.000012642
1485,1485,right,0.605806751,-0.301241906,0.803928631,0.000000,0.000000,0.000000,0.000000,0.000009,-0.000007052,0.000007774
1486,1486,left,0.729178118,0.191116846,0.803841236,0.000000,0.000000,0.000000,0.000000,0.000000,-0.000011592,0.000012257
1486,1486,right,0.605806751,-0.301241906,0.803928631,0.000000,0.000000,0.000000,0.000000,0.000000,-0.000007437,0.000007389
1487,1487,left,0.729178118,0.191116846,0.803841236,0.000000,0.000000,0.000000,0.000000,0.000000,-0.000011592,0.000012257
1487,1487,right,0.605806751,-0.301241906,0.803928631,0.000000,0.000000,0.000000,0.000000,0.000000,-0.000007437,0.000007389
1488,1488,left,0.729178118,0.191116846,0.803841236,0.000000,0.000000,0.000000,0.000000,0.000000,-0.000011592,0.000012257
1488,1488,right,0.605806751,-0.301241906,0.803928631,0.000000,0.000000,0.000000,0.000000,0.000000,-0.000007437,0.000007389
1489,1489,left,0.729153820,0.191116718,0.803938897,-0.024298,-0.000128,0.097661,0.024299,0.000000,-0.000011587,0.000012252
1489,1489,right,0.605806751,-0.301241906,0.803928631,0.000000,0.000000,0.000000,0.000000,0.000000,-0.000007437,0.000007389
1490,1490,left,0.729121925,0.191115899,0.804073545,-0.031895,-0.000818,0.134649,0.031905,0.000000,-0.000011581,0.000012246
1490,1490,right,0.605806751,-0.301241906,0.803928631,0.000000,0.000000,0.000000,0.000000,0.000000,-0.000007437,0.000007389
1491,1491,left,0.729073606,0.191114522,0.804288813,-0.048319,-0.001378,0.215268,0.048338,0.000000,-0.000011570,0.000012236
1491,1491,right,0.605807978,-0.301241361,0.804133291,0.001228,0.000545,0.204660,0.001343,0.000000,-0.000007434,0.000007386
1492,1492,left,0.729003777,0.191112729,0.804601180,-0.069829,-0.001793,0.312367,0.069852,0.000000,-0.000011555,0.000012220
1492,1492,right,0.605811184,-0.301241581,0.804342155,0.003205,-0.000220,0.208863,0.003213,0.000000,-0.000007430,0.000007382
1493,1493,left,0.728907246,0.191109964,0.805024249,-0.096531,-0.002765,0.423068,0.096570,0.000000,-0.000011534,0.000012200
1493,1493,right,0.605814822,-0.301241336,0.804622392,0.003639,0.000245,0.280237,0.003647,0.000000,-0.000007426,0.000007377
1494,1494,left,0.728779794,0.191106892,0.805570299,-0.127452,-0.003072,0.546051,0.127489,0.000000,-0.000011506,0.000012174
1494,1494,right,0.605819101,-0.301241074,0.804984750,0.004278,0.000262,0.362358,0.004286,0.000000,-0.000007420,0.000007371
1495,1495,left,0.728566032,0.191109774,0.806259499,-0.213762,0.002882,0.689200,0.213781,0.000000,-0.000011475,0.000012143
1495,1495,right,0.605824323,-0.301240904,0.805435643,0.005222,0.000170,0.450893,0.005225,0.000000,-0.000007412,0.000007364
1496,1496,left,0.728336486,0.191109978,0.807082201,-0.229546,0.000204,0.822702,0.229546,0.000000,-0.000011435,0.000012105
1496,1496,right,0.605830531,-0.301240894,0.805982242,0.006208,0.000010,0.546599,0.006208,0.000000,-0.000007404,0.000007355
1497,1497,left,0.728072376,0.191108965,0.808056245,-0.264110,-0.001013,0.974044,0.264112,0.000000,-0.000011389,0.000012060
1497,1497,right,0.605837527,-0.301240667,0.806628862,0.006996,0.000227,0.646620,0.007000,0.000000,-0.000007393,0.000007344
1498,1498,left,0.727765875,0.191107702,0.809186930,-0.306500,-0.001263,1.130686,0.306503,0.000000,-0.000011335,0.000012008
1498,1498,right,0.605844933,-0.301240471,0.807380086,0.007406,0.000196,0.751224,0.007409,0.000000,-0.000007380,0.000007332
1499,1499,left,0.727413789,0.191106445,0.810479027,-0.352086,-0.001257,1.292097,0.352089,0.000000,-0.000011273,0.000011948
1499,1499,right,0.605852767,-0.301240495,0.808238542,0.007834,-0.000024,0.858455,0.007834,0.000000,-0.000007366,0.000007317
1500,1500,left,0.726969162,0.191111130,0.811931346,-0.444627,0.004685,1.452319,0.444652,0.000000,-0.000011206,0.000011883
1500,1500,right,0.605860815,-0.301240243,0.809207036,0.008048,0.000253,0.968494,0.008052,0.000000,-0.000007350,0.000007301
1501,1501,left,0.726550008,0.191105860,0.813557461,-0.419153,-0.005270,1.626115,0.419186,0.000000,-0.000011128,0.000011807
1501,1501,right,0.605869245,-0.301239967,0.810286756,0.008430,0.000275,1.079720,0.008435,0.000000,-0.000007332,0.000007283
1502,1502,left,0.726009716,0.191110200,0.815344104,-0.540292,0.004340,1.786643,0.540310,0.000000,-0.000011045,0.000011728
1502,1502,right,0.605877190,-0.301239685,0.811478318,0.007945,0.000282,1.191562,0.007950,0.000000,-0.000007311,0.000007263
1503,1503,left,0.725449049,0.191110703,0.817300595,-0.560668,0.000504,1.956491,0.560668,0.000000,-0.000010953,0.000011639
1503,1503,right,0.605884358,-0.301239552,0.812781448,0.007168,0.000133,1.303130,0.007169,0.000000,-0.000007289,0.000007240
1504,1504,left,0.724843573,0.191110616,0.819423281,-0.605476,-0.000087,2.122686,0.605476,0.000000,-0.000010853,0.000011542
1504,1504,right,0.605891358,-0.301239283,0.814195790,0.007000,0.000269,1.414342,0.007005,0.000000,-0.000007265,0.000007216
1505,1505,left,0.724189063,0.191110417,0.821709359,-0.654510,-0.000199,2.286078,0.654510,0.000000,-0.000010746,0.000011439
1505,1505,right,0.605896696,-0.301239006,0.815718997,0.005338,0.000277,1.523206,0.005345,0.000000,-0.000007238,0.000007189
1506,1506,left,0.723484932,0.191110311,0.824155077,-0.704131,-0.000107,2.445718,0.704132,0.000000,-0.000010631,0.000011328
1506,1506,right,0.605900862,-0.301238898,0.817348864,0.004167,0.000109,1.629867,0.004168,0.000000,-0.000007209,0.000007160
1507,1507,left,0.722731998,0.191110360,0.826755739,-0.752934,0.000049,2.600661,0.752934,0.000000,-0.000010510,0.000011210
1507,1507,right,0.605902896,-0.301238681,0.819082434,0.002034,0.000217,1.733570,0.002045,0.000000,-0.000007179,0.000007130
1508,1508,left,0.721931568,0.191110117,0.829506888,-0.800430,-0.000243,2.751149,0.800430,0.000000,-0.000010381,0.000011086
1508,1508,right,0.605903141,-0.301238388,0.820916759,0.000245,0.000293,1.834325,0.000382,0.000000,-0.000007146,0.000007097
1509,1509,left,0.721084528,0.191110310,0.832401341,-0.847040,0.000193,2.894454,0.847040,0.000000,-0.000010246,0.000010955
1509,1509,right,0.605900527,-0.301238049,0.822846954,-0.002614,0.000340,1.930194,0.002636,0.000000,-0.000007111,0.000007061
1510,1510,left,0.720192392,0.191110378,0.835432495,-0.892136,0.000068,3.031154,0.892136,0.000000,-0.000010104,0.000010819
1510,1510,right,0.605895052,-0.301237904,0.824868393,-0.005475,0.000145,2.021439,0.005477,0.000000,-0.000007074,0.000007024
1511,1511,left,0.719256784,0.191110559,0.838592455,-0.935607,0.000181,3.159960,0.935607,0.000000,-0.000009957,0.000010676
1511,1511,right,0.605885800,-0.301237735,0.826976349,-0.009252,0.000169,2.107956,0.009253,0.000000,-0.000007034,0.000006985
1512,1512,left,0.718329784,0.191103900,0.841880301,-0.927000,-0.006660,3.287846,0.927024,0.000000,-0.000009800,0.000010525
1512,1512,right,0.605873161,-0.301237379,0.829165405,-0.012639,0.000357,2.189056,0.012644,0.000000,-0.000006993,0.000006943
1513,1513,left,0.717268422,0.191110074,0.845266256,-1.061363,0.006174,3.385955,1.061381,0.000000,-0.000009644,0.000010374
1513,1513,right,0.605856283,-0.301237176,0.831428787,-0.016878,0.000203,2.263382,0.016879,0.000000,-0.000006950,0.000006900
1514,1514,left,0.716256175,0.191104520,0.848767135,-1.012247,-0.005554,3.500879,1.012262,0.000000,-0.000009478,0.000010214
1514,1514,right,0.605876314,-0.301241805,0.833843200,0.020031,-0.004629,2.414413,0.020559,0.000000,-0.000006902,0.000006853
1515,1515,left,0.715173893,0.191103730,0.852354790,-1.082281,-0.000790,3.587656,1.082282,0.000000,-0.000009309,0.000010050
1515,1515,right,0.605815496,-0.301237696,0.836157855,-0.060817,0.004109,2.314655,0.060956,0.000000,-0.000006857,0.000006807
1516,1516,left,0.714050494,0.191104042,0.856022715,-1.123400,0.000313,3.667925,1.123400,0.000000,-0.000009137,0.000009884
1516,1516,right,0.605821640,-0.301242031,0.838689189,0.006144,-0.004335,2.531334,0.007520,0.000000,-0.000006806,0.000006756
1517,1517,left,0.712894751,0.191104517,0.859760526,-1.155742,0.000475,3.737811,1.155742,0.000000,-0.000008961,0.000009714
1517,1517,right,0.605786321,-0.301242214,0.841187221,-0.035320,-0.000182,2.498032,0.035320,0.000000,-0.000006756,0.000006706
1518,1518,left,0.711710874,0.191105329,0.863557668,-1.183877,0.000812,3.797142,1.183877,0.000000,-0.000008782,0.000009541
1518,1518,right,0.605743388,-0.301242295,0.843724238,-0.042932,-0.000082,2.537017,0.042932,0.000000,-0.000006704,0.000006654
1519,1519,left,0.710501988,0.191105895,0.867402447,-1.208887,0.000566,3.844779,1.208887,0.000000,-0.000008600,0.000009365
1519,1519,right,0.605693988,-0.301242357,0.846293661,-0.049401,-0.000062,2.569422,0.049401,0.000000,-0.000006650,0.000006600
1520,1520,left,0.709270595,0.191106533,0.871283272,-1.231393,0.000638,3.880825,1.231393,0.000000,-0.000008416,0.000009187
1520,1520,right,0.605637224,-0.301242390,0.848887050,-0.056764,-0.000033,2.593389,0.056764,0.000000,-0.000006596,0.000006545
1521,1521,left,0.708019762,0.191107182,0.875187937,-1.250833,0.000650,3.904665,1.250834,0.000000,-0.000008231,0.000009008
1521,1521,right,0.605572462,-0.301242662,0.851496209,-0.064761,-0.000272,2.609159,0.064762,0.000000,-0.000006540,0.000006490
1522,1522,left,0.706752260,0.191107906,0.879105004,-1.267502,0.000724,3.917067,1.267502,0.000000,-0.000008044,0.000008827
1522,1522,right,0.605499404,-0.301242569,0.854113973,-0.073059,0.000093,2.617764,0.073059,0.000000,-0.000006483,0.000006433
1523,1523,left,0.705471541,0.191108316,0.883021837,-1.280719,0.000410,3.916832,1.280719,0.000000,-0.000007856,0.000008646
1523,1523,right,0.605417633,-0.301242737,0.856731234,-0.081771,-0.000168,2.617261,0.081771,0.000000,-0.000006426,0.000006375
1524,1524,left,0.704180126,0.191108779,0.886926894,-1.291415,0.000463,3.905058,1.291415,0.000000,-0.000007668,0.000008464
1524,1524,right,0.605326941,-0.301242921,0.859340763,-0.090691,-0.000184,2.609528,0.090692,0.000000,-0.000006368,0.000006317
1525,1525,left,0.702880893,0.191109283,0.890807954,-1.299233,0.000504,3.881060,1.299233,0.000000,-0.000007481,0.000008283
1525,1525,right,0.605226871,-0.301242967,0.861934420,-0.100070,-0.000046,2.593658,0.100070,0.000000,-0.000006309,0.000006259
1526,1526,left,0.701577103,0.191109549,0.894653306,-1.303790,0.000266,3.845352,1.303790,0.000000,-0.000007296,0.000008103
1526,1526,right,0.605117069,-0.301243105,0.864503815,-0.109802,-0.000139,2.569394,0.109802,0.000000,-0.000006251,0.000006201
1527,1527,left,0.700271320,0.191110019,0.898450231,-1.305784,0.000470,3.796925,1.305784,0.000000,-0.000007112,0.000007925
1527,1527,right,0.604997077,-0.301243177,0.867041107,-0.119992,-0.000072,2.537292,0.119992,0.000000,-0.000006193,0.000006143
1528,1528,left,0.698966394,0.191110255,0.902188546,-1.304925,0.000236,3.738314,1.304925,0.000000,-0.000006930,0.000007750
1528,1528,right,0.604866799,-0.301243296,0.869539053,-0.130278,-0.000119,2.497947,0.130279,0.000000,-0.000006135,0.000006085
1529,1529,left,0.697722397,0.191107801,0.905792362,-1.243997,-0.002453,3.603817,1.243999,0.000000,-0.000006753,0.000007578
1529,1529,right,0.604725891,-0.301243441,0.871990240,-0.140908,-0.000145,2.451187,0.140908,0.000000,-0.000006078,0.000006028
1530,1530,left,0.696376613,0.191109883,0.909444279,-1.345784,0.002082,3.651917,1.345786,0.000000,-0.000006577,0.000007408
1530,1530,right,0.604573570,-0.301243692,0.874386610,-0.152321,-0.000251,2.396370,0.152321,0.000000,-0.000006022,0.000005972
1531,1531,left,0.695140063,0.191108312,0.912877120,-1.236550,-0.001571,3.432841,1.236551,0.000000,-0.000006409,0.000007245
1531,1531,right,0.604410148,-0.301243705,0.876721763,-0.163422,-0.000013,2.335153,0.163422,0.000000,-0.000005967,0.000005917
1532,1532,left,0.693874743,0.191107364,0.916272966,-1.265320,-0.000948,3.395847,1.265320,0.000000,-0.000006243,0.000007085
1532,1532,right,0.604196671,-0.301238707,0.878908456,-0.213477,0.004998,2.186693,0.213535,0.000000,-0.000005916,0.000005866
1533,1533,left,0.692618214,0.191106790,0.919557701,-1.256530,-0.000574,3.284734,1.256530,0.000000,-0.000006085,0.000006932
1533,1533,right,0.604047787,-0.301243906,0.881180734,-0.148884,-0.005199,2.272277,0.148975,0.000000,-0.000005861,0.000005811
1534,1534,left,0.691376927,0.191106442,0.922721970,-1.241286,-0.000348,3.164269,1.241286,0.000000,-0.000005933,0.000006785
1534,1534,right,0.603816151,-0.301239659,0.883218065,-0.231636,0.004247,2.037332,0.231675,0.000000,-0.000005813,0.000005764
1535,1535,left,0.690155117,0.191105898,0.925757742,-1.221810,-0.000544,3.035772,1.221810,0.000000,-0.000005788,0.000006645
1535,1535,right,0.603601419,-0.301239039,0.885242594,-0.214732,0.000620,2.024528,0.214732,0.000000,-0.000005766,0.000005716
1536,1536,left,0.688955113,0.191105135,0.928657469,-1.200005,-0.000763,2.899727,1.200005,0.000000,-0.000005652,0.000006513
1536,1536,right,0.603381373,-0.301239484,0.887180518,-0.220046,-0.000445,1.937924,0.220046,0.000000,-0.000005720,0.000005671
1537,1537,left,0.687779323,0.191104187,0.931414235,-1.175790,-0.000949,2.756765,1.175791,0.000000,-0.000005523,0.000006389
1537,1537,right,0.603150175,-0.301239941,0.889022289,-0.231199,-0.000457,1.841771,0.231199,0.000000,-0.000005677,0.000005628
1538,1538,left,0.686629338,0.191103015,0.934021869,-1.149985,-0.001172,2.607634,1.149986,0.000000,-0.000005404,0.000006274
1538,1538,right,0.602907267,-0.301240610,0.890764812,-0.242908,-0.000669,1.742523,0.242909,0.000000,-0.000005637,0.000005588
1539,1539,left,0.685437165,0.191106934,0.936507757,-1.192173,0.003919,2.485888,1.192179,0.000000,-0.000005298,0.000006172
1539,1539,right,0.602652758,-0.301241210,0.892404007,-0.254510,-0.000600,1.639195,0.254510,0.000000,-0.000005600,0.000005551
1540,1540,left,0.684393816,0.191102703,0.938763021,-1.043349,-0.004231,2.255264,1.043357,0.000000,-0.000005198,0.000006076
1540,1540,right,0.602386093,-0.301241788,0.893936332,-0.266664,-0.000578,1.532325,0.266665,0.000000,-0.000005566,0.000005517
1541,1541,left,0.683265256,0.191105864,0.940920477,-1.128561,0.003161,2.157455,1.128565,0.000000,-0.000005112,0.000005994
1541,1541,right,0.602107634,-0.301242561,0.895359749,-0.278459,-0.000773,1.423417,0.278460,0.000000,-0.000005535,0.000005487
1542,1542,left,0.682218082,0.191106104,0.942877371,-1.047174,0.000240,1.956895,1.047174,0.000000,-0.000005036,0.000005921
1542,1542,right,0.601817580,-0.301243074,0.896672640,-0.290054,-0.000513,1.312891,0.290054,0.000000,-0.000005508,0.000005460
1543,1543,left,0.681206232,0.191105476,0.944669290,-1.011850,-0.000629,1.791919,1.011850,0.000000,-0.000004970,0.000005859
1543,1543,right,0.601515915,-0.301243681,0.897874181,-0.301665,-0.000608,1.201541,0.301666,0.000000,-0.000005484,0.000005436
1544,1544,left,0.680226279,0.191104906,0.946294542,-0.979953,-0.000570,1.625252,0.979953,0.000000,-0.000004916,0.000005808
1544,1544,right,0.601202886,-0.301244403,0.898963573,-0.313029,-0.000722,1.089392,0.313030,0.000000,-0.000005464,0.000005417
1545,1545,left,0.679277359,0.191104181,0.947752543,-0.948920,-0.000725,1.458000,0.948920,0.000000,-0.000004873,0.000005768
1545,1545,right,0.600879068,-0.301244978,0.899942243,-0.323819,-0.000574,0.978670,0.323819,0.000000,-0.000005448,0.000005401
1546,1546,left,0.678359538,0.191103649,0.949046170,-0.917821,-0.000532,1.293627,0.917822,0.000000,-0.000004842,0.000005739
1546,1546,right,0.600544187,-0.301245488,0.900810281,-0.334881,-0.000511,0.868038,0.334881,0.000000,-0.000005435,0.000005388
1547,1547,left,0.677472055,0.191103053,0.950178640,-0.887483,-0.000596,1.132471,0.887483,0.000000,-0.000004821,0.000005721
1547,1547,right,0.600199006,-0.301246230,0.901570780,-0.345181,-0.000742,0.760500,0.345182,0.000000,-0.000005426,0.000005380
1548,1548,left,0.676614676,0.191102477,0.951153980,-0.857379,-0.000576,0.975339,0.857379,0.000000,-0.000004812,0.000005714
1548,1548,right,0.599844122,-0.301246752,0.902226998,-0.354885,-0.000522,0.656218,0.354885,0.000000,-0.000005421,0.000005374
1549,1549,left,0.675785939,0.191102125,0.951979132,-0.828736,-0.000352,0.825153,0.828736,0.000000,-0.000004813,0.000005717
1549,1549,right,0.599479735,-0.301247370,0.902782121,-0.364387,-0.000618,0.555123,0.364387,0.000000,-0.000005419,0.000005373
1550,1550,left,0.674984905,0.191101738,0.952661148,-0.801034,-0.000387,0.682016,0.801034,0.000000,-0.000004824,0.000005730
1550,1550,right,0.599106419,-0.301247692,0.903241676,-0.373316,-0.000322,0.459555,0.373317,0.000000,-0.000005420,0.000005375
1551,1551,left,0.674209707,0.191101404,0.953209618,-0.775198,-0.000334,0.548470,0.775198,0.000000,-0.000004844,0.000005752
1551,1551,right,0.598724839,-0.301248225,0.903611816,-0.381580,-0.000533,0.370140,0.381580,0.000000,-0.000005424,0.000005379
1552,1552,left,0.673458640,0.191101275,0.953634548,-0.751067,-0.000129,0.424930,0.751067,0.000000,-0.000004873,0.000005783
1552,1552,right,0.598335620,-0.301248590,0.903899460,-0.389219,-0.000364,0.287644,0.389219,0.000000,-0.000005432,0.000005387
1553,1553,left,0.672729227,0.191101049,0.953948603,-0.729413,-0.000227,0.314055,0.729413,0.000000,-0.000004909,0.000005821
1553,1553,right,0.597939785,-0.301248957,0.904112241,-0.395835,-0.000367,0.212781,0.395835,0.000000,-0.000005442,0.000005397
1554,1554,left,0.672018635,0.191101024,0.954165132,-0.710592,-0.000024,0.216529,0.710592,0.000000,-0.000004953,0.000005866
1554,1554,right,0.597537830,-0.301249182,0.904260222,-0.401955,-0.000224,0.147981,0.401955,0.000000,-0.000005454,0.000005410
1555,1555,left,0.671323969,0.191101065,0.954300743,-0.694666,0.000041,0.135610,0.694666,0.000000,-0.000005001,0.000005916
1555,1555,right,0.597130893,-0.301249524,0.904353371,-0.406938,-0.000342,0.093149,0.406938,0.000000,-0.000005468,0.000005425
1556,1556,left,0.670641724,0.191101242,0.954372092,-0.682245,0.000176,0.071350,0.682245,0.000000,-0.000005055,0.000005971
1556,1556,right,0.596719767,-0.301249692,0.904403387,-0.411125,-0.000169,0.050016,0.411125,0.000000,-0.000005484,0.000005441
1557,1557,left,0.669968013,0.191101499,0.954399144,-0.673711,0.000257,0.027051,0.673711,0.000000,-0.000005111,0.000006028
1557,1557,right,0.596305627,-0.301249746,0.904423486,-0.414140,-0.000054,0.020099,0.414140,0.000000,-0.000005501,0.000005458
1558,1558,left,0.669298712,0.191101805,0.954403079,-0.669301,0.000306,0.003935,0.669301,0.000000,-0.000005168,0.000006087
1558,1558,right,0.595889474,-0.301249685,0.904426995,-0.416153,0.000062,0.003508,0.416153,0.000000,-0.000005519,0.000005476
1559,1559,left,0.668629272,0.191102042,0.954402317,-0.669440,0.000236,-0.000762,0.669440,0.000000,-0.000005226,0.000006146
1559,1559,right,0.595472727,-0.301249683,0.904427627,-0.416747,0.000002,0.000633,0.416747,0.000000,-0.000005536,0.000005494
1560,1560,left,0.667959387,0.191102556,0.954401593,-0.669884,0.000515,-0.000723,0.669885,0.000000,-0.000005284,0.000006205
1560,1560,right,0.595054997,-0.301249721,0.904427470,-0.417730,-0.000038,-0.000157,0.417730,0.000000,-0.000005554,0.000005513
1561,1561,left,0.667288059,0.191103432,0.954400249,-0.671329,0.000876,-0.001344,0.671329,0.000000,-0.000005342,0.000006264
1561,1561,right,0.594636100,-0.301249862,0.904427543,-0.418897,-0.000141,0.000073,0.418897,0.000000,-0.000005572,0.000005531
1562,1562,left,0.666614862,0.191104275,0.954398340,-0.673197,0.000843,-0.001910,0.673198,0.000000,-0.000005400,0.000006323
1562,1562,right,0.594215914,-0.301250163,0.904427893,-0.420186,-0.000301,0.000350,0.420187,0.000000,-0.000005590,0.000005549
1563,1563,left,0.665939029,0.191105758,0.954395080,-0.675833,0.001483,-0.003260,0.675835,0.000000,-0.000005458,0.000006382
1563,1563,right,0.593793223,-0.301250700,0.904427518,-0.422690,-0.000537,-0.000375,0.422691,0.000000,-0.000005608,0.000005568
1564,1564,left,0.665259846,0.191107482,0.954390902,-0.679182,0.001723,-0.004178,0.679184,0.000000,-0.000005516,0.000006442
1564,1564,right,0.593367932,-0.301251718,0.904426921,-0.425291,-0.001018,-0.000598,0.425292,0.000000,-0.000005627,0.000005587
1565,1565,left,0.664576513,0.191110078,0.954385035,-0.683334,0.002596,-0.005866,0.683339,0.000000,-0.000005575,0.000006502
1565,1565,right,0.592939629,-0.301252886,0.904425827,-0.428304,-0.001168,-0.001094,0.428305,0.000000,-0.000005646,0.000005606
1566,1566,left,0.663888768,0.191113199,0.954377653,-0.687744,0.003121,-0.007382,0.687751,0.000000,-0.000005634,0.000006562
1566,1566,right,0.592507404,-0.301254592,0.904424713,-0.432225,-0.001706,-0.001114,0.432228,0.000000,-0.000005665,0.000005626
1567,1567,left,0.663195773,0.191116978,0.954368196,-0.692995,0.003779,-0.009457,0.693005,0.000000,-0.000005694,0.000006623
1567,1567,right,0.592071242,-0.301256781,0.904422907,-0.436161,-0.002189,-0.001807,0.436167,0.000000,-0.000005684,0.000005646
1568,1568,left,0.662496899,0.191121772,0.954356099,-0.698874,0.004793,-0.012097,0.698891,0.000000,-0.000005754,0.000006684
1568,1568,right,0.591630338,-0.301259550,0.904420497,-0.440905,-0.002770,-0.002409,0.440914,0.000000,-0.000005704,0.000005666
1569,1569,left,0.661791718,0.191127313,0.954342272,-0.705180,0.005541,-0.013827,0.705202,0.000000,-0.000005814,0.000006746
1569,1569,right,0.591184566,-0.301262833,0.904417890,-0.445771,-0.003282,-0.002608,0.445784,0.000000,-0.000005724,0.000005686
1570,1570,left,0.661079716,0.191134041,0.954325093,-0.712002,0.006729,-0.017179,0.712034,0.000000,-0.000005876,0.000006809
1570,1570,right,0.590732851,-0.301266843,0.904414618,-0.451715,-0.004010,-0.003272,0.451733,0.000000,-0.000005744,0.000005708
1571,1571,left,0.660360299,0.191141918,0.954305143,-0.719417,0.007876,-0.019950,0.719460,0.000000,-0.000005938,0.000006872
1571,1571,right,0.590275639,-0.301271383,0.904410663,-0.457212,-0.004541,-0.003955,0.457235,0.000000,-0.000005766,0.000005729
1572,1572,left,0.659632611,0.191150788,0.954282479,-0.727688,0.008870,-0.022665,0.727742,0.000000,-0.000006001,0.000006936
1572,1572,right,0.589811942,-0.301276839,0.904405985,-0.463697,-0.005456,-0.004678,0.463729,0.000000,-0.000005787,0.000005751
1573,1573,left,0.658896924,0.191161149,0.954256448,-0.735687,0.010362,-0.026030,0.735760,0.000000,-0.000006064,0.000007001
1573,1573,right,0.589341471,-0.301282997,0.904400260,-0.470471,-0.006158,-0.005724,0.470511,0.000000,-0.000005809,0.000005774
1574,1574,left,0.658152034,0.191172556,0.954226970,-0.744891,0.011406,-0.029478,0.744978,0.000000,-0.000006129,0.000007067
1574,1574,right,0.588863839,-0.301289921,0.904394143,-0.477632,-0.006924,-0.006118,0.477683,0.000000,-0.000005832,0.000005797
1575,1575,left,0.657397833,0.191185469,0.954193316,-0.754200,0.012913,-0.033654,0.754311,0.000000,-0.000006194,0.000007134
1575,1575,right,0.588378816,-0.301297831,0.904386593,-0.485023,-0.007909,-0.007549,0.485088,0.000000,-0.000005855,0.000005821
1576,1576,left,0.656633809,0.191199808,0.954156720,-0.764025,0.014340,-0.036596,0.764159,0.000000,-0.000006261,0.000007202
1576,1576,right,0.587886054,-0.301306607,0.904378831,-0.492761,-0.008776,-0.007762,0.492839,0.000000,-0.000005879,0.000005845
1577,1577,left,0.655859651,0.191215777,0.954115569,-0.774157,0.015969,-0.041151,0.774322,0.000000,-0.000006328,0.000007270
1577,1577,right,0.587385055,-0.301316275,0.904370244,-0.500999,-0.009668,-0.008587,0.501092,0.000000,-0.000005903,0.000005870
1578,1578,left,0.655074720,0.191233270,0.954070702,-0.784932,0.017493,-0.044867,0.785127,0.000000,-0.000006397,0.000007340
1578,1578,right,0.586875572,-0.301326854,0.904360296,-0.509483,-0.010580,-0.009948,0.509593,0.000000,-0.000005929,0.000005896
1579,1579,left,0.654278689,0.191252319,0.954021077,-0.796031,0.019048,-0.049625,0.796259,0.000000,-0.000006467,0.000007411
1579,1579,right,0.586356966,-0.301338630,0.904349309,-0.518606,-0.011776,-0.010987,0.518739,0.000000,-0.000005955,0.000005923
1580,1580,left,0.653471452,0.191273071,0.953967422,-0.807237,0.020752,-0.053655,0.807504,0.000000,-0.000006537,0.000007483
1580,1580,right,0.585829861,-0.301351293,0.904337849,-0.527105,-0.012662,-0.011460,0.527257,0.000000,-0.000005981,0.000005950
1581,1581,left,0.652652120,0.191295581,0.953908822,-0.819332,0.022509,-0.058600,0.819641,0.000000,-0.000006609,0.000007556
1581,1581,right,0.585293067,-0.301365286,0.904324796,-0.536794,-0.013994,-0.013053,0.536976,0.000000,-0.000006009,0.000005978
1582,1582,left,0.651821039,0.191319973,0.953845629,-0.831080,0.024392,-0.063193,0.831438,0.000000,-0.000006682,0.000007631
1582,1582,right,0.584746509,-0.301380194,0.904311045,-0.546558,-0.014908,-0.013751,0.546761,0.000000,-0.000006037,0.000006007
1583,1583,left,0.650977190,0.191346310,0.953777667,-0.843849,0.026337,-0.067962,0.844260,0.000000,-0.000006757,0.000007706
1583,1583,right,0.584190255,-0.301396313,0.904296032,-0.556254,-0.016119,-0.015014,0.556488,0.000000,-0.000006066,0.000006037
1584,1584,left,0.650120875,0.191374451,0.953704909,-0.856315,0.028141,-0.072758,0.856777,0.000000,-0.000006832,0.000007783
1584,1584,right,0.583623515,-0.301413747,0.904280007,-0.566740,-0.017434,-0.016025,0.567008,0.000000,-0.000006096,0.000006067
1585,1585,left,0.649251213,0.191404393,0.953626289,-0.869663,0.029942,-0.078620,0.870178,0.000000,-0.000006909,0.000007862
1585,1585,right,0.583046667,-0.301432081,0.904262688,-0.576848,-0.018333,-0.017319,0.577139,0.000000,-0.000006126,0.000006099
1586,1586,left,0.648368465,0.191436553,0.953543192,-0.882748,0.032160,-0.083097,0.883333,0.000000,-0.000006988,0.000007941
1586,1586,right,0.582458980,-0.301451970,0.904243929,-0.587687,-0.019889,-0.018759,0.588023,0.000000,-0.000006158,0.000006131
1587,1587,left,0.647472074,0.191470747,0.953454576,-0.896391,0.034194,-0.088616,0.897043,0.000000,-0.000007067,0.000008022
1587,1587,right,0.581860623,-0.301472873,0.904224263,-0.598357,-0.020903,-0.019666,0.598722,0.000000,-0.000006191,0.000006165
1588,1588,left,0.646561687,0.191507002,0.953360228,-0.910387,0.036255,-0.094348,0.911109,0.000000,-0.000007148,0.000008104
1588,1588,right,0.581251049,-0.301495192,0.904203140,-0.609574,-0.022319,-0.021122,0.609983,0.000000,-0.000006224,0.000006199
1589,1589,left,0.645637371,0.191545458,0.953260651,-0.924315,0.038456,-0.099577,0.925115,0.000000,-0.000007230,0.000008188
1589,1589,right,0.580630202,-0.301518884,0.904181027,-0.620847,-0.023692,-0.022113,0.621299,0.000000,-0.000006259,0.000006235
1590,1590,left,0.644698778,0.191585902,0.953155369,-0.938594,0.040444,-0.105282,0.939464,0.000000,-0.000007314,0.000008273
1590,1590,right,0.579997980,-0.301543812,0.904157378,-0.632222,-0.024928,-0.023649,0.632713,0.000000,-0.000006294,0.000006271
1591,1591,left,0.643745567,0.191628632,0.953044268,-0.953211,0.042730,-0.111101,0.954168,0.000000,-0.000007399,0.000008360
1591,1591,right,0.579354098,-0.301570116,0.904132565,-0.643882,-0.026304,-0.024813,0.644419,0.000000,-0.000006331,0.000006308
1592,1592,left,0.642777795,0.191673386,0.952927499,-0.967771,0.044754,-0.116768,0.968806,0.000000,-0.000007486,0.000008448
1592,1592,right,0.578698357,-0.301597930,0.904106036,-0.655741,-0.027815,-0.026529,0.656331,0.000000,-0.000006368,0.000006347
1593,1593,left,0.641795186,0.191720678,0.952804700,-0.982609,0.047292,-0.122800,0.983747,0.000000,-0.000007574,0.000008537
1593,1593,right,0.578030790,-0.301627032,0.904078465,-0.667567,-0.029102,-0.027571,0.668201,0.000000,-0.000006407,0.000006386
1594,1594,left,0.640797620,0.191769902,0.952676179,-0.997566,0.049224,-0.128521,0.998780,0.000000,-0.000007664,0.000008628
1594,1594,right,0.577351195,-0.301657473,0.904049455,-0.679595,-0.030441,-0.029011,0.680276,0.000000,-0.000006447,0.000006427
1595,1595,left,0.639784689,0.191821791,0.952541164,-1.012931,0.051888,-0.135014,1.014259,0.000000,-0.000007755,0.000008720
1595,1595,right,0.576659384,-0.301689354,0.904019109,-0.691812,-0.031880,-0.030346,0.692546,0.000000,-0.000006487,0.000006469
1596,1596,left,0.638756532,0.191875907,0.952400363,-1.028157,0.054117,-0.140801,1.029580,0.000000,-0.000007847,0.000008814
1596,1596,right,0.575955372,-0.301722809,0.903987492,-0.704011,-0.033456,-0.031617,0.704806,0.000000,-0.000006529,0.000006512
1597,1597,left,0.637712869,0.191932284,0.952253326,-1.043663,0.056377,-0.147037,1.045184,0.000000,-0.000007941,0.000008910
1597,1597,right,0.575238869,-0.301757695,0.903954436,-0.716503,-0.034886,-0.033056,0.717352,0.000000,-0.000006572,0.000006556
1598,1598,left,0.636653804,0.191990911,0.952100238,-1.059065,0.058627,-0.153088,1.060687,0.000000,-0.000008037,0.000009007
1598,1598,right,0.574510065,-0.301793894,0.903919827,-0.728805,-0.036199,-0.034609,0.729703,0.000000,-0.000006617,0.000006602
1599,1599,left,0.635578941,0.192052152,0.951940596,-1.074863,0.061240,-0.159642,1.076606,0.000000,-0.000008134,0.000009105
1599,1599,right,0.573768763,-0.301831659,0.903884065,-0.741301,-0.037765,-0.035762,0.742263,0.000000,-0.000006662,0.000006649
1600,1600,left,0.634488405,0.192115695,0.951774719,-1.090535,0.063544,-0.165877,1.092385,0.000000,-0.000008233,0.000009205
1600,1600,right,0.573014723,-0.301871005,0.903846470,-0.754041,-0.039347,-0.037594,0.755066,0.000000,-0.000006709,0.000006697
1601,1601,left,0.633382086,0.192181791,0.951602786,-1.106320,0.066095,-0.171932,1.108292,0.000000,-0.000008333,0.000009307
1601,1601,right,0.572247876,-0.301911877,0.903807817,-0.766847,-0.040872,-0.038654,0.767935,0.000000,-0.000006757,0.000006746
1602,1602,left,0.632259887,0.192250214,0.951424283,-1.122199,0.068423,-0.178504,1.124283,0.000000,-0.000008435,0.000009410
1602,1602,right,0.571468326,-0.301954046,0.903767005,-0.779550,-0.042169,-0.040812,0.780690,0.000000,-0.000006806,0.000006796
1603,1603,left,0.631121975,0.192321124,0.951239487,-1.137911,0.070910,-0.184795,1.140119,0.000000,-0.000008538,0.000009514
1603,1603,right,0.570676146,-0.301997960,0.903725501,-0.792180,-0.043914,-0.041504,0.793396,0.000000,-0.000006857,0.000006848
1604,1604,left,0.629968004,0.192394543,0.951048250,-1.153972,0.073419,-0.191237,1.156305,0.000000,-0.000008643,0.000009621
1604,1604,right,0.569871235,-0.302043321,0.903682476,-0.804911,-0.045361,-0.043025,0.806188,0.000000,-0.000006909,0.000006902
1605,1605,left,0.628798372,0.192470271,0.950850341,-1.169632,0.075729,-0.197910,1.172081,0.000000,-0.000008749,0.000009728
1605,1605,right,0.569053107,-0.302090198,0.903637370,-0.818128,-0.046877,-0.045106,0.819470,0.000000,-0.000006962,0.000006956
1606,1606,left,0.627612548,0.192548721,0.950645974,-1.185823,0.078450,-0.204366,1.188416,0.000000,-0.000008857,0.000009838
1606,1606,right,0.568222180,-0.302138565,0.903591158,-0.830928,-0.048367,-0.046213,0.832334,0.000000,-0.000007017,0.000007012
1607,1607,left,0.626410660,0.192629455,0.950435036,-1.201888,0.080733,-0.210938,1.204597,0.000000,-0.000008967,0.000009949
1607,1607,right,0.567378435,-0.302188441,0.903543313,-0.843745,-0.049877,-0.047845,0.845218,0.000000,-0.000007073,0.000007070
1608,1608,left,0.625193423,0.192712623,0.950217863,-1.217237,0.083169,-0.217173,1.220075,0.000000,-0.000009078,0.000010061
1608,1608,right,0.566521635,-0.302240005,0.903493916,-0.856800,-0.051564,-0.049397,0.858350,0.000000,-0.000007130,0.000007129
1609,1609,left,0.623959586,0.192798494,0.949994026,-1.233837,0.085871,-0.223837,1.236821,0.000000,-0.000009190,0.000010175
1609,1609,right,0.565652434,-0.302293003,0.903443255,-0.869201,-0.052998,-0.050661,0.870815,0.000000,-0.000007189,0.000007189
1610,1610,left,0.622710367,0.192886754,0.949764068,-1.249219,0.088260,-0.229958,1.252333,0.000000,-0.000009304,0.000010291
1610,1610,right,0.564770184,-0.302347448,0.903390999,-0.882250,-0.054445,-0.052256,0.883928,0.000000,-0.000007250,0.000007251
1611,1611,left,0.621445221,0.192977494,0.949527314,-1.265147,0.090740,-0.236754,1.268396,0.000000,-0.000009420,0.000010408
1611,1611,right,0.563875129,-0.302403634,0.903337336,-0.895055,-0.056186,-0.053663,0.896817,0.000000,-0.000007311,0.000007314
1612,1612,left,0.620164071,0.193070674,0.949283940,-1.281150,0.093180,-0.243374,1.284534,0.000000,-0.000009538,0.000010527
1612,1612,right,0.562967490,-0.302461180,0.903281837,-0.907639,-0.057546,-0.055499,0.909461,0.000000,-0.000007375,0.000007379
1613,1613,left,0.618867384,0.193166507,0.949034156,-1.296687,0.095833,-0.249784,1.300223,0.000000,-0.000009656,0.000010647
1613,1613,right,0.562047021,-0.302520395,0.903225060,-0.920469,-0.059215,-0.056778,0.922372,0.000000,-0.000007439,0.000007446
1614,1614,left,0.617555357,0.193264505,0.948778071,-1.312027,0.097998,-0.256085,1.315681,0.000000,-0.000009777,0.000010769
1614,1614,right,0.561113923,-0.302581092,0.903167246,-0.933097,-0.060697,-0.057814,0.935070,0.000000,-0.000007506,0.000007514
1615,1615,left,0.616227546,0.193365174,0.948515399,-1.327811,0.100669,-0.262672,1.331622,0.000000,-0.000009898,0.000010892
1615,1615,right,0.560168137,-0.302643324,0.903107336,-0.945786,-0.062232,-0.059910,0.947831,0.000000,-0.000007574,0.000007583
1616,1616,left,0.614884169,0.193468276,0.948245908,-1.343377,0.103102,-0.269491,1.347327,0.000000,-0.000010022,0.000011017
1616,1616,right,0.559209809,-0.302706910,0.903045908,-0.958329,-0.063586,-0.061428,0.960436,0.000000,-0.000007643,0.000007655
1617,1617,left,0.613526000,0.193573916,0.947970688,-1.358170,0.105640,-0.275220,1.362272,0.000000,-0.000010147,0.000011143
1617,1617,right,0.558239211,-0.302772337,0.902983157,-0.970598,-0.065427,-0.062751,0.972800,0.000000,-0.000007714,0.000007727
1618,1618,left,0.612152475,0.193681761,0.947688810,-1.373524,0.107845,-0.281878,1.377752,0.000000,-0.000010273,0.000011271
1618,1618,right,0.557256120,-0.302839030,0.902918897,-0.983091,-0.066693,-0.064259,0.985350,0.000000,-0.000007787,0.000007802
1619,1619,left,0.610763932,0.193792237,0.947400948,-1.388544,0.110477,-0.287862,1.392932,0.000000,-0.000010401,0.000011400
1619,1619,right,0.556174473,-0.302903239,0.902828614,-1.081647,-0.064209,-0.090283,1.083551,0.000000,-0.000007866,0.000007883
1620,1620,left,0.609360449,0.193905044,0.947106449,-1.403483,0.112807,-0.294499,1.408009,0.000000,-0.000010531,0.000011531
1620,1620,right,0.555244850,-0.302976092,0.902782894,-0.929623,-0.072854,-0.045720,0.932474,0.000000,-0.000007938,0.000007957
1621,1621,left,0.607942147,0.194020143,0.946805520,-1.418302,0.115099,-0.300929,1.422965,0.000000,-0.000010662,0.000011664
1621,1621,right,0.554146340,-0.303044363,0.902692533,-1.098510,-0.068271,-0.090361,1.100629,0.000000,-0.000008020,0.000008041
1622,1622,left,0.606509202,0.194137807,0.946498635,-1.432944,0.117664,-0.306886,1.437767,0.000000,-0.000010794,0.000011798
1622,1622,right,0.553194114,-0.303120129,0.902644210,-0.952226,-0.075766,-0.048323,0.955235,0.000000,-0.000008095,0.000008118
1623,1623,left,0.605061817,0.194257663,0.946185654,-1.447386,0.119857,-0.312981,1.452340,0.000000,-0.000010928,0.000011933
1623,1623,right,0.552070760,-0.303191422,0.902551120,-1.123354,-0.071293,-0.093090,1.125614,0.000000,-0.000008181,0.000008206
1624,1624,left,0.603600376,0.194379935,0.945866548,-1.461441,0.122272,-0.319106,1.466547,0.000000,-0.000011063,0.000012070
1624,1624,right,0.551096327,-0.303269864,0.902500038,-0.974433,-0.078442,-0.051082,0.977586,0.000000,-0.000008258,0.000008286
1625,1625,left,0.602124925,0.194504448,0.945541193,-1.475451,0.124513,-0.325355,1.480695,0.000000,-0.000011200,0.000012208
1625,1625,right,0.549948420,-0.303344020,0.902403707,-1.147907,-0.074156,-0.096331,1.150300,0.000000,-0.000008348,0.000008378
1626,1626,left,0.600635463,0.194631441,0.945210130,-1.489462,0.126993,-0.331064,1.494866,0.000000,-0.000011338,0.000012348
1626,1626,right,0.548952442,-0.303425362,0.902350259,-0.995978,-0.081342,-0.053448,0.999294,0.000000,-0.000008429,0.000008461
1627,1627,left,0.599132250,0.194760554,0.944872822,-1.503213,0.129112,-0.337308,1.508748,0.000000,-0.000011478,0.000012489
1627,1627,right,0.547780858,-0.303502600,0.902251194,-1.171584,-0.077238,-0.099065,1.174127,0.000000,-0.000008523,0.000008557
1628,1628,left,0.597615801,0.194891922,0.944529830,-1.516449,0.131368,-0.342992,1.522129,0.000000,-0.000011619,0.000012631
1628,1628,right,0.546763593,-0.303586412,0.902195206,-1.017265,-0.083812,-0.055987,1.020712,0.000000,-0.000008607,0.000008643
1629,1629,left,0.596086180,0.195025445,0.944180765,-1.529621,0.133523,-0.349065,1.535438,0.000000,-0.000011761,0.000012775
1629,1629,right,0.545569307,-0.303666495,0.902093006,-1.194286,-0.080083,-0.102200,1.196968,0.000000,-0.000008705,0.000008743
1630,1630,left,0.594543337,0.195161377,0.943826329,-1.542843,0.135932,-0.354436,1.548820,0.000000,-0.000011905,0.000012920
1630,1630,right,0.544531554,-0.303752946,0.902034590,-1.037753,-0.086451,-0.058416,1.041348,0.000000,-0.000008793,0.000008833
1631,1631,left,0.592987738,0.195299370,0.943465814,-1.555599,0.137993,-0.360515,1.561707,0.000000,-0.000012050,0.000013067
1631,1631,right,0.543315058,-0.303835899,0.901929903,-1.216496,-0.082953,-0.104687,1.219321,0.000000,-0.000008894,0.000008937
1632,1632,left,0.591419624,0.195439484,0.943099921,-1.568114,0.140114,-0.365893,1.574361,0.000000,-0.000012197,0.000013215
1632,1632,right,0.542257180,-0.303925041,0.901868750,-1.057878,-0.089143,-0.061153,1.061627,0.000000,-0.000008986,0.000009031
1633,1633,left,0.589839458,0.195581608,0.942728578,-1.580167,0.142124,-0.371343,1.586545,0.000000,-0.000012345,0.000013364
1633,1633,right,0.541019147,-0.304010825,0.901761030,-1.238033,-0.085784,-0.107720,1.241002,0.000000,-0.000009091,0.000009139
1634,1634,left,0.588247074,0.195726053,0.942351812,-1.592384,0.144445,-0.376765,1.598922,0.000000,-0.000012494,0.000013515
1634,1634,right,0.539942133,-0.304102146,0.901697844,-1.077014,-0.091321,-0.063186,1.080879,0.000000,-0.000009186,0.000009236
1635,1635,left,0.586643017,0.195872335,0.941969494,-1.604057,0.146282,-0.382319,1.610713,0.000000,-0.000012644,0.000013667
1635,1635,right,0.538683603,-0.304190600,0.901587682,-1.258530,-0.088453,-0.110162,1.261634,0.000000,-0.000009295,0.000009348
1636,1636,left,0.585027254,0.196020747,0.941582150,-1.615763,0.148413,-0.387344,1.622565,0.000000,-0.000012796,0.000013820
1636,1636,right,0.537587921,-0.304284292,0.901521859,-1.095682,-0.093692,-0.065823,1.099681,0.000000,-0.000009394,0.000009450
1637,1637,left,0.583400252,0.196171174,0.941189426,-1.627002,0.150427,-0.392724,1.633941,0.000000,-0.000012949,0.000013975
1637,1637,right,0.536309766,-0.304375618,0.901409268,-1.278154,-0.091326,-0.112591,1.281413,0.000000,-0.000009507,0.000009566
1638,1638,left,0.581762586,0.196323516,0.940791764,-1.637666,0.152342,-0.397661,1.644737,0.000000,-0.000013104,0.000014131
1638,1638,right,0.535108522,-0.304469745,0.901317958,-1.201245,-0.094127,-0.091310,1.204927,0.000000,-0.000009617,0.000009678
1639,1639,left,0.580114243,0.196477694,0.940389180,-1.648343,0.154178,-0.402585,1.655538,0.000000,-0.000013259,0.000014288
1639,1639,right,0.533898905,-0.304565167,0.901226042,-1.209617,-0.095422,-0.091916,1.213375,0.000000,-0.000009728,0.000009792
1640,1640,left,0.578455303,0.196633894,0.939981329,-1.658940,0.156200,-0.407850,1.666277,0.000000,-0.000013416,0.000014446
1640,1640,right,0.532680762,-0.304661740,0.901132652,-1.218143,-0.096573,-0.093390,1.221965,0.000000,-0.000009841,0.000009907
1641,1641,left,0.576786697,0.196791761,0.939568956,-1.668607,0.157868,-0.412373,1.676058,0.000000,-0.000013574,0.000014605
1641,1641,right,0.531454269,-0.304759482,0.901038604,-1.226493,-0.097742,-0.094048,1.230382,0.000000,-0.000009956,0.000010025
1642,1642,left,0.575108089,0.196951578,0.939151665,-1.678608,0.159817,-0.417291,1.686198,0.000000,-0.000013733,0.000014766
1642,1642,right,0.530219532,-0.304858504,0.900943248,-1.234737,-0.099022,-0.095356,1.238701,0.000000,-0.000010073,0.000010145
1643,1643,left,0.573420190,0.197113116,0.938730009,-1.687899,0.161538,-0.421656,1.695611,0.000000,-0.000013894,0.000014928
1643,1643,right,0.528976746,-0.304958408,0.900847016,-1.242786,-0.099905,-0.096232,1.246795,0.000000,-0.000010192,0.000010267
1644,1644,left,0.571723330,0.197276246,0.938303843,-1.696860,0.163130,-0.426166,1.704684,0.000000,-0.000014055,0.000015091
1644,1644,right,0.527726335,-0.305059410,0.900749384,-1.250411,-0.101002,-0.097633,1.254483,0.000000,-0.000010313,0.000010391
1645,1645,left,0.570017469,0.197441148,0.937873112,-1.705861,0.164902,-0.430731,1.713813,0.000000,-0.000014218,0.000015255
1645,1645,right,0.526468261,-0.305161435,0.900650887,-1.258074,-0.102025,-0.098497,1.262204,0.000000,-0.000010437,0.000010518
1646,1646,left,0.568303085,0.197607810,0.937438426,-1.714384,0.166662,-0.434686,1.722466,0.000000,-0.000014382,0.000015420
1646,1646,right,0.525203236,-0.305264508,0.900551215,-1.265025,-0.103073,-0.099672,1.269217,0.000000,-0.000010562,0.000010646
1647,1647,left,0.566580628,0.197775814,0.936999499,-1.722457,0.168004,-0.438927,1.730631,0.000000,-0.000014547,0.000015587
1647,1647,right,0.523931245,-0.305368426,0.900450953,-1.271991,-0.103918,-0.100262,1.276229,0.000000,-0.000010689,0.000010777
1648,1648,left,0.564850339,0.197945639,0.936556016,-1.730289,0.169825,-0.443482,1.738603,0.000000,-0.000014713,0.000015754
1648,1648,right,0.522652433,-0.305473585,0.900349471,-1.278811,-0.105160,-0.101482,1.283128,0.000000,-0.000010819,0.000010909
1649,1649,left,0.563112854,0.198116876,0.936109067,-1.737485,0.171237,-0.446949,1.745903,0.000000,-0.000014880,0.000015922
1649,1649,right,0.521367507,-0.305579478,0.900247604,-1.284926,-0.105893,-0.101866,1.289282,0.000000,-0.000010951,0.000011044
1650,1650,left,0.561368035,0.198289641,0.935657945,-1.744819,0.172766,-0.451122,1.753351,0.000000,-0.000015048,0.000016092
1650,1650,right,0.520076288,-0.305686321,0.900144452,-1.291219,-0.106842,-0.103153,1.295631,0.000000,-0.000011084,0.000011181
1651,1651,left,0.559616519,0.198463671,0.935203362,-1.751517,0.174030,-0.454583,1.760141,0.000000,-0.000015217,0.000016262
1651,1651,right,0.518779020,-0.305793980,0.900040237,-1.297269,-0.107659,-0.104214,1.301728,0.000000,-0.000011220,0.000011320
1652,1652,left,0.557858787,0.198639163,0.934745008,-1.757731,0.175492,-0.458354,1.766470,0.000000,-0.000015387,0.000016434
1652,1652,right,0.517476201,-0.305902577,0.899935539,-1.302819,-0.108597,-0.104699,1.307337,0.000000,-0.000011358,0.000011461
1653,1653,left,0.556094951,0.198816047,0.934283451,-1.763837,0.176884,-0.461557,1.772684,0.000000,-0.000015558,0.000016606
1653,1653,right,0.516167948,-0.306012022,0.899829938,-1.308252,-0.109445,-0.105600,1.312822,0.000000,-0.000011498,0.000011605
1654,1654,left,0.554325467,0.198994163,0.933818383,-1.769484,0.178116,-0.465068,1.778426,0.000000,-0.000015730,0.000016779
1654,1654,right,0.514855078,-0.306122301,0.899723490,-1.312871,-0.110278,-0.106448,1.317494,0.000000,-0.000011640,0.000011750
1655,1655,left,0.552550699,0.199173582,0.933350506,-1.774768,0.179419,-0.467877,1.783814,0.000000,-0.000015903,0.000016953
1655,1655,right,0.513537171,-0.306233235,0.899616555,-1.317906,-0.110935,-0.106935,1.322567,0.000000,-0.000011785,0.000011898
1656,1656,left,0.550770800,0.199354083,0.932878743,-1.779899,0.180501,-0.471764,1.789028,0.000000,-0.000016077,0.000017128
1656,1656,right,0.512214940,-0.306344979,0.899508831,-1.322232,-0.111744,-0.107724,1.326945,0.000000,-0.000011931,0.000012048
1657,1657,left,0.548986666,0.199535818,0.932404152,-1.784134,0.181735,-0.474591,1.793366,0.000000,-0.000016251,0.000017304
1657,1657,right,0.510888494,-0.306457284,0.899400335,-1.326445,-0.112305,-0.108495,1.331191,0.000000,-0.000012080,0.000012200
1658,1658,left,0.547198285,0.199718542,0.931926960,-1.788381,0.182724,-0.477192,1.797691,0.000000,-0.000016427,0.000017481
1658,1658,right,0.509558128,-0.306570510,0.899291159,-1.330366,-0.113226,-0.109177,1.335176,0.000000,-0.000012231,0.000012354
1659,1659,left,0.545406106,0.199902358,0.931447017,-1.792180,0.183816,-0.479943,1.801582,0.000000,-0.000016603,0.000017659
1659,1659,right,0.508224017,-0.306684132,0.899181346,-1.334111,-0.113622,-0.109812,1.338941,0.000000,-0.000012383,0.000012511
1660,1660,left,0.543610368,0.200087317,0.930964467,-1.795738,0.184959,-0.482551,1.805238,0.000000,-0.000016780,0.000017837
1660,1660,right,0.506886650,-0.306798528,0.899070834,-1.337367,-0.114395,-0.110512,1.342251,0.000000,-0.000012538,0.000012669
1661,1661,left,0.541811617,0.200273077,0.930479503,-1.798750,0.185760,-0.484963,1.808317,0.000000,-0.000016957,0.000018016
1661,1661,right,0.505546481,-0.306913364,0.898959868,-1.340169,-0.114836,-0.110966,1.345080,0.000000,-0.000012696,0.000012830
1662,1662,left,0.540010384,0.200459647,0.929992273,-1.801233,0.186570,-0.487231,1.810870,0.000000,-0.000017136,0.000018195
1662,1662,right,0.504203180,-0.307028829,0.898848241,-1.343301,-0.115465,-0.111627,1.348254,0.000000,-0.000012855,0.000012993
1663,1663,left,0.538206923,0.200647184,0.929502942,-1.803461,0.187537,-0.489331,1.813186,0.000000,-0.000017315,0.000018376
1663,1663,right,0.502858207,-0.307144924,0.898736499,-1.344973,-0.116096,-0.111743,1.349974,0.000000,-0.000013016,0.000013158
1664,1664,left,0.536401663,0.200835613,0.929011073,-1.805260,0.188429,-0.491869,1.815068,0.000000,-0.000017495,0.000018557
1664,1664,right,0.501510752,-0.307261387,0.898624177,-1.347455,-0.116463,-0.112322,1.352478,0.000000,-0.000013180,0.000013325
1665,1665,left,0.534594835,0.201024659,0.928517562,-1.806827,0.189047,-0.493512,1.816690,0.000000,-0.000017675,0.000018738
1665,1665,right,0.500161497,-0.307378294,0.898511322,-1.349255,-0.116907,-0.112855,1.354311,0.000000,-0.000013345,0.000013495
1666,1666,left,0.532787072,0.201214328,0.928022258,-1.807763,0.189669,-0.495303,1.817686,0.000000,-0.000017856,0.000018921
1666,1666,right,0.498810915,-0.307495790,0.898397827,-1.350582,-0.117496,-0.113495,1.355683,0.000000,-0.000013513,0.000013666
1667,1667,left,0.530978342,0.201404723,0.927524860,-1.808731,0.190395,-0.497398,1.818724,0.000000,-0.000018038,0.000019103
1667,1667,right,0.497548846,-0.307611113,0.898303217,-1.262069,-0.115323,-0.094609,1.267327,0.000000,-0.000013672,0.000013829
1668,1668,left,0.529169599,0.201595703,0.927026597,-1.808743,0.190980,-0.498264,1.818797,0.000000,-0.000018220,0.000019286
1668,1668,right,0.496106772,-0.307731608,0.898170277,-1.442074,-0.120495,-0.132941,1.447099,0.000000,-0.000013854,0.000014015
1669,1669,left,0.527361219,0.201787275,0.926526656,-1.808380,0.191571,-0.499940,1.818499,0.000000,-0.000018402,0.000019470
1669,1669,right,0.494842470,-0.307847400,0.898074505,-1.264302,-0.115792,-0.095772,1.269594,0.000000,-0.000014017,0.000014182
1670,1670,left,0.525552989,0.201979245,0.926025632,-1.808230,0.191970,-0.501024,1.818392,0.000000,-0.000018585,0.000019654
1670,1670,right,0.493399978,-0.307968882,0.897941033,-1.442492,-0.121482,-0.133471,1.447598,0.000000,-0.000014204,0.000014373
1671,1671,left,0.523745936,0.202171689,0.925523420,-1.807053,0.192444,-0.502212,1.817271,0.000000,-0.000018769,0.000019839
1671,1671,right,0.492135054,-0.308084759,0.897844444,-1.264924,-0.115876,-0.096589,1.270220,0.000000,-0.000014370,0.000014543
1672,1672,left,0.521940042,0.202364500,0.925020123,-1.805894,0.192811,-0.503298,1.816158,0.000000,-0.000018953,0.000020024
1672,1672,right,0.490693740,-0.308206962,0.897711126,-1.441314,-0.122204,-0.133318,1.446486,0.000000,-0.000014561,0.000014738
1673,1673,left,0.520136039,0.202557548,0.924515885,-1.804003,0.193048,-0.504237,1.814302,0.000000,-0.000019137,0.000020209
1673,1673,right,0.489429266,-0.308323034,0.897612952,-1.264474,-0.116072,-0.098174,1.269790,0.000000,-0.000014732,0.000014912
1674,1674,left,0.518334042,0.202750984,0.924011131,-1.801997,0.193437,-0.504754,1.812350,0.000000,-0.000019321,0.000020394
1674,1674,right,0.487990222,-0.308446004,0.897480248,-1.439044,-0.122970,-0.132704,1.444289,0.000000,-0.000014927,0.000015112
1675,1675,left,0.516534724,0.202944535,0.923505829,-1.799317,0.193551,-0.505302,1.809698,0.000000,-0.000019506,0.000020580
1675,1675,right,0.486727698,-0.308561977,0.897381642,-1.262523,-0.115973,-0.098606,1.267839,0.000000,-0.000015101,0.000015289
1676,1676,left,0.514738245,0.203138321,0.922999772,-1.796479,0.193786,-0.506057,1.806901,0.000000,-0.000019691,0.000020766
1676,1676,right,0.485292222,-0.308685663,0.897248887,-1.435476,-0.123686,-0.132755,1.440795,0.000000,-0.000015300,0.000015493
1677,1677,left,0.512945357,0.203332187,0.922493995,-1.792888,0.193866,-0.505777,1.803339,0.000000,-0.000019876,0.000020952
1677,1677,right,0.484032711,-0.308801213,0.897149512,-1.259511,-0.115550,-0.099376,1.264800,0.000000,-0.000015477,0.000015674
1678,1678,left,0.511156061,0.203526219,0.921987871,-1.789296,0.194033,-0.506123,1.799786,0.000000,-0.000020061,0.000021138
1678,1678,right,0.482602028,-0.308925361,0.897017336,-1.430683,-0.124148,-0.132176,1.436059,0.000000,-0.000015680,0.000015882
1679,1679,left,0.509371027,0.203720013,0.921481716,-1.785033,0.193793,-0.506155,1.795522,0.000000,-0.000020247,0.000021325
1679,1679,right,0.481346661,-0.309040681,0.896917210,-1.255367,-0.115320,-0.100125,1.260652,0.000000,-0.000015861,0.000016066
1680,1680,left,0.507590809,0.203913895,0.920975958,-1.780218,0.193883,-0.505758,1.790745,0.000000,-0.000020432,0.000021511
1680,1680,right,0.479922361,-0.309165082,0.896785648,-1.424300,-0.124401,-0.131562,1.429722,0.000000,-0.000016068,0.000016278
1681,1681,left,0.505815201,0.204107792,0.920470404,-1.775608,0.193897,-0.505554,1.786164,0.000000,-0.000020618,0.000021698
1681,1681,right,0.478672529,-0.309280034,0.896685203,-1.249833,-0.114951,-0.100445,1.255108,0.000000,-0.000016252,0.000016465
1682,1682,left,0.504045054,0.204301316,0.919964854,-1.770147,0.193524,-0.505550,1.780695,0.000000,-0.000020803,0.000021884
1682,1682,right,0.477255622,-0.309404603,0.896554573,-1.416906,-0.124569,-0.130630,1.422371,0.000000,-0.000016463,0.000016681
1683,1683,left,0.502280830,0.204494685,0.919460512,-1.764224,0.193369,-0.504341,1.774789,0.000000,-0.000020989,0.000022070
1683,1683,right,0.476012661,-0.309518822,0.896453432,-1.242961,-0.114219,-0.101141,1.248198,0.000000,-0.000016649,0.000016871
1684,1684,left,0.500522875,0.204687782,0.918956078,-1.757954,0.193096,-0.504434,1.768528,0.000000,-0.000021174,0.000022257
1684,1684,right,0.474694699,-0.309637852,0.896339525,-1.317962,-0.119030,-0.113907,1.323326,0.000000,-0.000016849,0.000017076
1685,1685,left,0.498771232,0.204880511,0.918453240,-1.751643,0.192730,-0.502838,1.762214,0.000000,-0.000021360,0.000022443
1685,1685,right,0.473375789,-0.309756754,0.896224293,-1.318910,-0.118902,-0.115232,1.324259,0.000000,-0.000017052,0.000017283
1686,1686,left,0.497026687,0.205072966,0.917950928,-1.744545,0.192455,-0.502313,1.755128,0.000000,-0.000021545,0.000022628
1686,1686,right,0.472060910,-0.309875521,0.896109043,-1.314879,-0.118767,-0.115250,1.320232,0.000000,-0.000017256,0.000017491
1687,1687,left,0.495289446,0.205264920,0.917449938,-1.737241,0.191955,-0.500990,1.747814,0.000000,-0.000021730,0.000022814
1687,1687,right,0.470751253,-0.309993850,0.895994028,-1.309657,-0.118330,-0.115015,1.314992,0.000000,-0.000017462,0.000017701
1688,1688,left,0.493560020,0.205456425,0.916950244,-1.729426,0.191505,-0.499694,1.739997,0.000000,-0.000021914,0.000022999
1688,1688,right,0.469447016,-0.310112128,0.895879285,-1.304237,-0.118278,-0.114743,1.309590,0.000000,-0.000017669,0.000017913
1689,1689,left,0.491838786,0.205647510,0.916451981,-1.721234,0.191084,-0.498264,1.731808,0.000000,-0.000022099,0.000023184
1689,1689,right,0.468148537,-0.310229883,0.895764656,-1.298479,-0.117754,-0.114629,1.303807,0.000000,-0.000017877,0.000018125
1690,1690,left,0.490126216,0.205837773,0.915955310,-1.712570,0.190264,-0.496671,1.723107,0.000000,-0.000022282,0.000023369
1690,1690,right,0.466855960,-0.310347306,0.895650625,-1.292577,-0.117423,-0.114032,1.297900,0.000000,-0.000018087,0.000018340
1691,1691,left,0.488422322,0.206027538,0.915460018,-1.703894,0.189764,-0.495292,1.714428,0.000000,-0.000022466,0.000023553
1691,1691,right,0.465569954,-0.310464385,0.895537221,-1.286006,-0.117078,-0.113404,1.291325,0.000000,-0.000018298,0.000018555
1692,1692,left,0.486727983,0.206216635,0.914967014,-1.694339,0.189097,-0.493004,1.704859,0.000000,-0.000022649,0.000023736
1692,1692,right,0.464290372,-0.310580994,0.895423893,-1.279582,-0.116610,-0.113328,1.284884,0.000000,-0.000018510,0.000018771
1693,1693,left,0.485043095,0.206404921,0.914475416,-1.684889,0.188286,-0.491597,1.695376,0.000000,-0.000022832,0.000023919
1693,1693,right,0.463017733,-0.310697141,0.895311291,-1.272639,-0.116147,-0.112602,1.277928,0.000000,-0.000018723,0.000018989
1694,1694,left,0.483368563,0.206592417,0.913986234,-1.674532,0.187497,-0.489183,1.684996,0.000000,-0.000023014,0.000024102
1694,1694,right,0.461752201,-0.310812778,0.895198735,-1.265532,-0.115636,-0.112557,1.270804,0.000000,-0.000018938,0.000019208
1695,1695,left,0.481704255,0.206779071,0.913498926,-1.664308,0.186653,-0.487308,1.674742,0.000000,-0.000023195,0.000024284
1695,1695,right,0.460494252,-0.310928012,0.895086741,-1.257949,-0.115234,-0.111994,1.263216,0.000000,-0.000019153,0.000019427
1696,1696,left,0.480050934,0.206964830,0.913014302,-1.653321,0.185759,-0.484624,1.663724,0.000000,-0.000023376,0.000024465
1696,1696,right,0.459244206,-0.311042681,0.894975826,-1.250046,-0.114668,-0.110915,1.255294,0.000000,-0.000019369,0.000019648
1697,1697,left,0.478408875,0.207149693,0.912532019,-1.642059,0.184864,-0.482282,1.652432,0.000000,-0.000023556,0.000024646
1697,1697,right,0.458001918,-0.311156616,0.894864474,-1.242289,-0.113936,-0.111352,1.247502,0.000000,-0.000019586,0.000019869
1698,1698,left,0.476778307,0.207333491,0.912052738,-1.630568,0.183798,-0.479281,1.640894,0.000000,-0.000023735,0.000024825
1698,1698,right,0.456768161,-0.311269977,0.894754535,-1.233757,-0.113361,-0.109939,1.238954,0.000000,-0.000019804,0.000020091
1699,1699,left,0.475159496,0.207516295,0.911575875,-1.618811,0.182804,-0.476864,1.629100,0.000000,-0.000023914,0.000025004
1699,1699,right,0.455543212,-0.311382670,0.894645158,-1.224949,-0.112693,-0.109377,1.230122,0.000000,-0.000020022,0.000020314
1700,1700,left,0.473552949,0.207697996,0.911101578,-1.606547,0.181701,-0.474296,1.616790,0.000000,-0.000024091,0.000025182
1700,1700,right,0.454327123,-0.311494799,0.894536392,-1.216089,-0.112129,-0.108766,1.221248,0.000000,-0.000020242,0.000020538
1701,1701,left,0.471958994,0.207878454,0.910630623,-1.593955,0.180458,-0.470956,1.604138,0.000000,-0.000024268,0.000025359
1701,1701,right,0.453120161,-0.311606077,0.894427979,-1.206961,-0.111277,-0.108413,1.212080,0.000000,-0.000020461,0.000020762
1702,1702,left,0.470378000,0.208057851,0.910162872,-1.580994,0.179397,-0.467751,1.591140,0.000000,-0.000024444,0.000025535
1702,1702,right,0.451922829,-0.311716857,0.894320764,-1.197332,-0.110780,-0.107216,1.202446,0.000000,-0.000020682,0.000020987
1703,1703,left,0.468810610,0.208235868,0.909698062,-1.567389,0.178017,-0.464809,1.577466,0.000000,-0.000024619,0.000025710
1703,1703,right,0.450735331,-0.311826630,0.894214288,-1.187498,-0.109773,-0.106476,1.192561,0.000000,-0.000020902,0.000021211
1704,1704,left,0.467256609,0.208412794,0.909236993,-1.554001,0.176926,-0.461070,1.564040,0.000000,-0.000024793,0.000025885
1704,1704,right,0.449557659,-0.311935666,0.894108252,-1.177672,-0.109036,-0.106036,1.182709,0.000000,-0.000021123,0.000021437
1705,1705,left,0.465716674,0.208588185,0.908779039,-1.539936,0.175391,-0.457953,1.549891,0.000000,-0.000024965,0.000026057
1705,1705,right,0.448390187,-0.312043977,0.894003153,-1.167472,-0.108311,-0.105099,1.172485,0.000000,-0.000021344,0.000021662
1706,1706,left,0.464191049,0.208762327,0.908325032,-1.525625,0.174142,-0.454007,1.535532,0.000000,-0.000025137,0.000026229
1706,1706,right,0.447233260,-0.312151409,0.893898447,-1.156927,-0.107432,-0.104706,1.161904,0.000000,-0.000021565,0.000021888
1707,1707,left,0.462679954,0.208934967,0.907874486,-1.511094,0.172640,-0.450546,1.520924,0.000000,-0.000025307,0.000026400
1707,1707,right,0.446087297,-0.312257789,0.893794926,-1.145963,-0.106380,-0.103521,1.150890,0.000000,-0.000021787,0.000022113
1708,1708,left,0.461184036,0.209106105,0.907428029,-1.495918,0.171139,-0.446457,1.505676,0.000000,-0.000025477,0.000026569
1708,1708,right,0.444952243,-0.312363439,0.893692454,-1.135054,-0.105650,-0.102472,1.139961,0.000000,-0.000022008,0.000022339
1709,1709,left,0.459703228,0.209275866,0.906985231,-1.480808,0.169761,-0.442798,1.490507,0.000000,-0.000025644,0.000026737
1709,1709,right,0.443828534,-0.312468130,0.893590857,-1.123709,-0.104691,-0.101597,1.128575,0.000000,-0.000022229,0.000022564
1710,1710,left,0.458238028,0.209443969,0.906546964,-1.465200,0.168103,-0.438267,1.474811,0.000000,-0.000025811,0.000026904
1710,1710,right,0.442716343,-0.312571856,0.893489955,-1.112191,-0.103726,-0.100902,1.117017,0.000000,-0.000022450,0.000022789
1711,1711,left,0.456788805,0.209610550,0.906112410,-1.449223,0.166581,-0.434554,1.458766,0.000000,-0.000025976,0.000027069
1711,1711,right,0.441615890,-0.312674551,0.893390105,-1.100453,-0.102696,-0.099850,1.105235,0.000000,-0.000022670,0.000023014
1712,1712,left,0.455355643,0.209775316,0.905682128,-1.433162,0.164766,-0.430282,1.442602,0.000000,-0.000026140,0.000027233
1712,1712,right,0.440527712,-0.312776165,0.893291376,-1.088177,-0.101614,-0.098729,1.092911,0.000000,-0.000022891,0.000023239
1713,1713,left,0.453938978,0.209938525,0.905256494,-1.416665,0.163209,-0.425634,1.426036,0.000000,-0.000026302,0.000027395
1713,1713,right,0.439451631,-0.312876988,0.893193610,-1.076081,-0.100823,-0.097765,1.080794,0.000000,-0.000023110,0.000023462
1714,1714,left,0.452539097,0.210100075,0.904835253,-1.399881,0.161550,-0.421241,1.409172,0.000000,-0.000026463,0.000027556
1714,1714,right,0.438388058,-0.312976634,0.893097132,-1.063573,-0.099646,-0.096479,1.068231,0.000000,-0.000023329,0.000023686
1715,1715,left,0.451156236,0.210259686,0.904418826,-1.382861,0.159611,-0.416426,1.392042,0.000000,-0.000026622,0.000027715
1715,1715,right,0.437337037,-0.313075031,0.893001256,-1.051021,-0.098397,-0.095875,1.055617,0.000000,-0.000023548,0.000023908
1716,1716,left,0.449876694,0.210406419,0.904036523,-1.279541,0.146733,-0.382303,1.287927,0.000000,-0.000026770,0.000027863
1716,1716,right,0.436299035,-0.313172576,0.892906792,-1.038002,-0.097545,-0.094464,1.042575,0.000000,-0.000023765,0.000024130
1717,1717,left,0.448443114,0.210573656,0.903600044,-1.433581,0.167238,-0.436479,1.443303,0.000000,-0.000026936,0.000028028
1717,1717,right,0.435273968,-0.313268764,0.892813413,-1.025067,-0.096188,-0.093379,1.029570,0.000000,-0.000023982,0.000024351
1718,1718,left,0.447195948,0.210717062,0.903226209,-1.247165,0.143406,-0.373835,1.255383,0.000000,-0.000027081,0.000028173
1718,1718,right,0.434262186,-0.313363970,0.892720958,-1.011782,-0.095206,-0.092455,1.016251,0.000000,-0.000024198,0.000024570
1719,1719,left,0.445800791,0.210880038,0.902800618,-1.395157,0.162976,-0.425591,1.404644,0.000000,-0.000027242,0.000028335
1719,1719,right,0.433264189,-0.313457823,0.892629618,-0.997997,-0.093853,-0.091340,1.002400,0.000000,-0.000024413,0.000024789
1720,1720,left,0.444587704,0.211020134,0.902435699,-1.213087,0.140096,-0.364919,1.221150,0.000000,-0.000027384,0.000028476
1720,1720,right,0.432279612,-0.313550593,0.892539433,-0.984578,-0.092769,-0.090185,0.988938,0.000000,-0.000024626,0.000025007
1721,1721,left,0.443316676,0.211167914,0.902050515,-1.271028,0.147780,-0.385185,1.279590,0.000000,-0.000027533,0.000028624
1721,1721,right,0.431308967,-0.313642181,0.892450710,-0.970645,-0.091588,-0.088723,0.974956,0.000000,-0.000024838,0.000025223
1722,1722,left,0.442059207,0.211314365,0.901668428,-1.257469,0.146451,-0.382087,1.265968,0.000000,-0.000027680,0.000028771
1722,1722,right,0.430352634,-0.313732505,0.892363173,-0.956333,-0.090324,-0.087537,0.960589,0.000000,-0.000025049,0.000025437
1723,1723,left,0.440820141,0.211458830,0.901291212,-1.239067,0.144465,-0.377216,1.247460,0.000000,-0.000027825,0.000028916
1723,1723,right,0.429410334,-0.313821454,0.892276585,-0.942300,-0.088950,-0.086588,0.946489,0.000000,-0.000025258,0.000025651
1724,1724,left,0.439600541,0.211601287,0.900919989,-1.219600,0.142456,-0.371223,1.227892,0.000000,-0.000027968,0.000029059
1724,1724,right,0.428482442,-0.313909231,0.892191633,-0.927893,-0.087777,-0.084952,0.932035,0.000000,-0.000025466,0.000025862
1725,1725,left,0.438400301,0.211741554,0.900553982,-1.200240,0.140268,-0.366008,1.208408,0.000000,-0.000028110,0.000029200
1725,1725,right,0.427569258,-0.313995697,0.892107482,-0.913183,-0.086466,-0.084152,0.917268,0.000000,-0.000025672,0.000026072
1726,1726,left,0.437219597,0.211879746,0.900193400,-1.180704,0.138192,-0.360582,1.188764,0.000000,-0.000028249,0.000029339
1726,1726,right,0.426670798,-0.314080842,0.892024935,-0.898460,-0.085145,-0.082547,0.902486,0.000000,-0.000025876,0.000026280
1727,1727,left,0.436058645,0.212015742,0.899838701,-1.160952,0.135996,-0.354699,1.168890,0.000000,-0.000028386,0.000029476
1727,1727,right,0.425787315,-0.314164649,0.891943643,-0.883483,-0.083808,-0.081292,0.887449,0.000000,-0.000026079,0.000026486
1728,1728,left,0.434917658,0.212149410,0.899489746,-1.140987,0.133669,-0.348955,1.148790,0.000000,-0.000028521,0.000029611
1728,1728,right,0.424918588,-0.314247069,0.891863800,-0.868727,-0.082420,-0.079843,0.872628,0.000000,-0.000026279,0.000026690
1729,1729,left,0.433796708,0.212281073,0.899146438,-1.120949,0.131663,-0.343307,1.128655,0.000000,-0.000028654,0.000029744
1729,1729,right,0.424065149,-0.314328202,0.891784857,-0.853439,-0.081132,-0.078943,0.857287,0.000000,-0.000026478,0.000026892
1730,1730,left,0.432696131,0.212410370,0.898809285,-1.100577,0.129297,-0.337153,1.108146,0.000000,-0.000028785,0.000029874
1730,1730,right,0.423226941,-0.314407880,0.891707691,-0.838209,-0.079678,-0.077166,0.841987,0.000000,-0.000026674,0.000027091
1731,1731,left,0.431615734,0.212537371,0.898477582,-1.080397,0.127001,-0.331703,1.087836,0.000000,-0.000028914,0.000030002
1731,1731,right,0.422403995,-0.314486103,0.891631671,-0.822946,-0.078223,-0.076020,0.826655,0.000000,-0.000026868,0.000027289
1732,1732,left,0.430556183,0.212662036,0.898152358,-1.059551,0.124665,-0.325224,1.066859,0.000000,-0.000029040,0.000030129
1732,1732,right,0.421596911,-0.314563025,0.891557140,-0.807084,-0.076922,-0.074531,0.810742,0.000000,-0.000027059,0.000027484
1733,1733,left,0.429517205,0.212784451,0.897832872,-1.038978,0.122415,-0.319486,1.046165,0.000000,-0.000029164,0.000030252
1733,1733,right,0.420805306,-0.314638500,0.891484042,-0.791605,-0.075475,-0.073098,0.795195,0.000000,-0.000027248,0.000027676
1734,1734,left,0.428499281,0.212904555,0.897520051,-1.017924,0.120104,-0.312821,1.024985,0.000000,-0.000029286,0.000030374
1734,1734,right,0.420029396,-0.314712538,0.891412338,-0.775909,-0.074038,-0.071704,0.779434,0.000000,-0.000027435,0.000027866
1735,1735,left,0.427502312,0.213022188,0.897213178,-0.996970,0.117633,-0.306873,1.003885,0.000000,-0.000029406,0.000030493
1735,1735,right,0.419269387,-0.314785041,0.891341991,-0.760009,-0.072503,-0.070347,0.763460,0.000000,-0.000027619,0.000028053
1736,1736,left,0.426526191,0.213137499,0.896912295,-0.976121,0.115311,-0.300882,0.982908,0.000000,-0.000029523,0.000030610
1736,1736,right,0.418525098,-0.314856179,0.891272857,-0.744289,-0.071137,-0.069134,0.747681,0.000000,-0.000027800,0.000028238
1737,1737,left,0.425571297,0.213250398,0.896617803,-0.954894,0.112898,-0.294493,0.961545,0.000000,-0.000029638,0.000030724
1737,1737,right,0.417797101,-0.314925777,0.891205626,-0.727997,-0.069598,-0.067230,0.731316,0.000000,-0.000027978,0.000028419
1738,1738,left,0.424637643,0.213360949,0.896329395,-0.933655,0.110551,-0.288408,0.940177,0.000000,-0.000029751,0.000030836
1738,1738,right,0.417084897,-0.314993969,0.891139285,-0.712204,-0.068192,-0.066341,0.715461,0.000000,-0.000028154,0.000028598
1739,1739,left,0.423725260,0.213469021,0.896047452,-0.912382,0.108072,-0.281943,0.918761,0.000000,-0.000029861,0.000030946
1739,1739,right,0.416389083,-0.315060696,0.891074755,-0.695814,-0.066727,-0.064530,0.699006,0.000000,-0.000028326,0.000028774
1740,1740,left,0.422833993,0.213574676,0.895771796,-0.891268,0.105655,-0.275656,0.897508,0.000000,-0.000029968,0.000031053
1740,1740,right,0.415709341,-0.315125850,0.891011747,-0.679742,-0.065154,-0.063009,0.682857,0.000000,-0.000028496,0.000028946
1741,1741,left,0.421964482,0.213677867,0.895502868,-0.869511,0.103192,-0.268928,0.875612,0.000000,-0.000030074,0.000031158
1741,1741,right,0.415045841,-0.315189482,0.890949954,-0.663500,-0.063632,-0.061792,0.666545,0.000000,-0.000028662,0.000029115
1742,1742,left,0.421116157,0.213778612,0.895239817,-0.848325,0.100745,-0.263051,0.854287,0.000000,-0.000030176,0.000031261
1742,1742,right,0.414398626,-0.315251889,0.890889838,-0.647215,-0.062407,-0.060116,0.650217,0.000000,-0.000028826,0.000029282
1743,1743,left,0.420289534,0.213876804,0.894983763,-0.826623,0.098192,-0.256054,0.832434,0.000000,-0.000030277,0.000031360
1743,1743,right,0.413767397,-0.315312391,0.890831235,-0.631229,-0.060502,-0.058604,0.634122,0.000000,-0.000028986,0.000029444
1744,1744,left,0.419484115,0.213972703,0.894733817,-0.805419,0.095899,-0.249946,0.811108,0.000000,-0.000030375,0.000031458
1744,1744,right,0.413152805,-0.315371535,0.890774218,-0.614592,-0.059144,-0.057017,0.617431,0.000000,-0.000029142,0.000029604
1745,1745,left,0.418700443,0.214065904,0.894490526,-0.783672,0.093200,-0.243291,0.789194,0.000000,-0.000030470,0.000031553
1745,1745,right,0.412554474,-0.315429255,0.890718271,-0.598331,-0.057719,-0.055947,0.601109,0.000000,-0.000029296,0.000029760
1746,1746,left,0.417938175,0.214156816,0.894253730,-0.762269,0.090913,-0.236796,0.767671,0.000000,-0.000030563,0.000031645
1746,1746,right,0.411972415,-0.315485307,0.890664230,-0.582059,-0.056052,-0.054041,0.584752,0.000000,-0.000029445,0.000029912
1747,1747,left,0.417197345,0.214245085,0.894023388,-0.740830,0.088268,-0.230342,0.746070,0.000000,-0.000030653,0.000031735
1747,1747,right,0.411406519,-0.315539893,0.890611439,-0.565895,-0.054586,-0.052791,0.568522,0.000000,-0.000029592,0.000030061
1748,1748,left,0.416478013,0.214330929,0.893799212,-0.719332,0.085844,-0.224176,0.724436,0.000000,-0.000030741,0.000031822
1748,1748,right,0.410857168,-0.315592871,0.890560424,-0.549352,-0.052978,-0.051015,0.551900,0.000000,-0.000029735,0.000030206
1749,1749,left,0.415780094,0.214414293,0.893582114,-0.697918,0.083364,-0.217098,0.702880,0.000000,-0.000030826,0.000031907
1749,1749,right,0.410323786,-0.315644396,0.890510507,-0.533382,-0.051525,-0.049918,0.535864,0.000000,-0.000029874,0.000030348
1750,1750,left,0.415103490,0.214495145,0.893371341,-0.676604,0.080853,-0.210772,0.681418,0.000000,-0.000030909,0.000031990
1750,1750,right,0.409806984,-0.315694534,0.890462324,-0.516802,-0.050138,-0.048183,0.519228,0.000000,-0.000030009,0.000030486
1751,1751,left,0.414448091,0.214573537,0.893166951,-0.655399,0.078392,-0.204390,0.660071,0.000000,-0.000030989,0.000032070
1751,1751,right,0.409306110,-0.315742912,0.890415642,-0.500874,-0.048378,-0.046682,0.503205,0.000000,-0.000030141,0.000030620
1752,1752,left,0.413813993,0.214649353,0.892968811,-0.634098,0.075816,-0.198140,0.638615,0.000000,-0.000031067,0.000032147
1752,1752,right,0.408821254,-0.315789700,0.890370119,-0.484856,-0.046788,-0.045523,0.487108,0.000000,-0.000030269,0.000030750
1753,1753,left,0.413200811,0.214722780,0.892777305,-0.613182,0.073427,-0.191506,0.617562,0.000000,-0.000031142,0.000032222
1753,1753,right,0.408352671,-0.315835163,0.890326306,-0.468583,-0.045463,-0.043813,0.470783,0.000000,-0.000030394,0.000030877
1754,1754,left,0.412608816,0.214793739,0.892592258,-0.591995,0.070959,-0.185046,0.596232,0.000000,-0.000031215,0.000032294
1754,1754,right,0.407900023,-0.315879087,0.890284202,-0.452648,-0.043924,-0.042104,0.454775,0.000000,-0.000030515,0.000031000
1755,1755,left,0.412037699,0.214862278,0.892413747,-0.571117,0.068540,-0.178511,0.575216,0.000000,-0.000031285,0.000032364
1755,1755,right,0.407463231,-0.315921593,0.890243212,-0.436792,-0.042507,-0.040989,0.438855,0.000000,-0.000030632,0.000031119
1756,1756,left,0.411487226,0.214928289,0.892241475,-0.550473,0.066011,-0.172272,0.554417,0.000000,-0.000031353,0.000032431
1756,1756,right,0.407042323,-0.315962417,0.890203958,-0.420908,-0.040823,-0.039254,0.422883,0.000000,-0.000030744,0.000031233
1757,1757,left,0.410957321,0.214991887,0.892075320,-0.529905,0.063597,-0.166155,0.533708,0.000000,-0.000031418,0.000032496
1757,1757,right,0.406636875,-0.316001869,0.890165835,-0.405448,-0.039452,-0.038123,0.407363,0.000000,-0.000030854,0.000031344
1758,1758,left,0.410447950,0.215053189,0.891915776,-0.509371,0.061303,-0.159544,0.513046,0.000000,-0.000031481,0.000032558
1758,1758,right,0.406247293,-0.316039822,0.890129286,-0.389582,-0.037954,-0.036548,0.391427,0.000000,-0.000030959,0.000031452
1759,1759,left,0.409958724,0.215112004,0.891762401,-0.489226,0.058815,-0.153375,0.492749,0.000000,-0.000031541,0.000032618
1759,1759,right,0.405873187,-0.316076335,0.890094421,-0.374106,-0.036513,-0.034865,0.375883,0.000000,-0.000031061,0.000031555
1760,1760,left,0.409489575,0.215168489,0.891615240,-0.469149,0.056486,-0.147161,0.472537,0.000000,-0.000031599,0.000032676
1760,1760,right,0.405514124,-0.316111104,0.890060616,-0.359063,-0.034769,-0.033805,0.360743,0.000000,-0.000031158,0.000031654
1761,1761,left,0.409040383,0.215222516,0.891474062,-0.449192,0.054027,-0.141179,0.452429,0.000000,-0.000031655,0.000032731
1761,1761,right,0.405170358,-0.316144733,0.890028482,-0.343766,-0.033629,-0.032135,0.345407,0.000000,-0.000031252,0.000031750
1762,1762,left,0.408610917,0.215274168,0.891339312,-0.429466,0.051652,-0.134750,0.432561,0.000000,-0.000031708,0.000032784
1762,1762,right,0.404841496,-0.316176708,0.889997517,-0.328862,-0.031975,-0.030965,0.330412,0.000000,-0.000031342,0.000031841
1763,1763,left,0.408200768,0.215323679,0.891210461,-0.410149,0.049511,-0.128851,0.413127,0.000000,-0.000031758,0.000032834
1763,1763,right,0.404527658,-0.316207528,0.889968131,-0.313838,-0.030820,-0.029385,0.315348,0.000000,-0.000031428,0.000031929
1764,1764,left,0.407809794,0.215370767,0.891087263,-0.390973,0.047088,-0.123198,0.393799,0.000000,-0.000031807,0.000032882
1764,1764,right,0.404228329,-0.316236731,0.889940276,-0.299328,-0.029203,-0.027855,0.300750,0.000000,-0.000031511,0.000032013
1765,1765,left,0.407437840,0.215415695,0.890970245,-0.371955,0.044928,-0.117018,0.374658,0.000000,-0.000031853,0.000032928
1765,1765,right,0.403943485,-0.316264619,0.889913353,-0.284844,-0.027888,-0.026923,0.286206,0.000000,-0.000031589,0.000032093
1766,1766,left,0.407084450,0.215458397,0.890859082,-0.353390,0.042701,-0.111163,0.355960,0.000000,-0.000031896,0.000032971
1766,1766,right,0.403672898,-0.316291206,0.889887980,-0.270587,-0.026586,-0.025373,0.271890,0.000000,-0.000031664,0.000032169
1767,1767,left,0.406749305,0.215498839,0.890753497,-0.335145,0.040442,-0.105584,0.337576,0.000000,-0.000031938,0.000033013
1767,1767,right,0.403416336,-0.316316292,0.889863822,-0.256562,-0.025086,-0.024158,0.257786,0.000000,-0.000031735,0.000032241
1768,1768,left,0.406432548,0.215537196,0.890653642,-0.316757,0.038358,-0.099855,0.319071,0.000000,-0.000031977,0.000033051
1768,1768,right,0.403173429,-0.316340059,0.889841090,-0.242907,-0.023768,-0.022732,0.244067,0.000000,-0.000031803,0.000032310
1769,1769,left,0.406133399,0.215573267,0.890559280,-0.299149,0.036070,-0.094362,0.301316,0.000000,-0.000032014,0.000033088
1769,1769,right,0.402944245,-0.316362589,0.889819581,-0.229184,-0.022530,-0.021509,0.230289,0.000000,-0.000031867,0.000032375
1770,1770,left,0.405851518,0.215607392,0.890470400,-0.281882,0.034126,-0.088880,0.283940,0.000000,-0.000032049,0.000033123
1770,1770,right,0.402728546,-0.316383723,0.889799482,-0.215699,-0.021133,-0.020099,0.216732,0.000000,-0.000031927,0.000032436
1771,1771,left,0.405586877,0.215639414,0.890386647,-0.264641,0.032021,-0.083752,0.266571,0.000000,-0.000032082,0.000033156
1771,1771,right,0.402525543,-0.316403729,0.889780261,-0.203003,-0.020006,-0.019221,0.203987,0.000000,-0.000031984,0.000032494
1772,1772,left,0.405338760,0.215669523,0.890308615,-0.248117,0.030110,-0.078033,0.249937,0.000000,-0.000032113,0.000033186
1772,1772,right,0.402335426,-0.316422490,0.889762311,-0.190117,-0.018761,-0.017950,0.191041,0.000000,-0.000032037,0.000032548
1773,1773,left,0.405107040,0.215697574,0.890235088,-0.231720,0.028051,-0.073526,0.233412,0.000000,-0.000032142,0.000033215
1773,1773,right,0.402157827,-0.316440068,0.889745409,-0.177599,-0.017578,-0.016901,0.178467,0.000000,-0.000032087,0.000032598
1774,1774,left,0.404891143,0.215723848,0.890166701,-0.215897,0.026274,-0.068387,0.217489,0.000000,-0.000032168,0.000033241
1774,1774,right,0.401992311,-0.316456287,0.889730061,-0.165516,-0.016219,-0.015348,0.166309,0.000000,-0.000032133,0.000032646
1775,1775,left,0.404690658,0.215748185,0.890103446,-0.200485,0.024337,-0.063255,0.201957,0.000000,-0.000032193,0.000033266
1775,1775,right,0.401838785,-0.316471515,0.889715561,-0.153526,-0.015228,-0.014500,0.154279,0.000000,-0.000032177,0.000032690
1776,1776,left,0.404505349,0.215770643,0.890044805,-0.185309,0.022458,-0.058641,0.186665,0.000000,-0.000032216,0.000033289
1776,1776,right,0.401696587,-0.316485651,0.889702326,-0.142197,-0.014135,-0.013236,0.142898,0.000000,-0.000032217,0.000032730
1777,1777,left,0.404334567,0.215791371,0.889990586,-0.170782,0.020728,-0.054219,0.172035,0.000000,-0.000032237,0.000033310
1777,1777,right,0.401565565,-0.316498513,0.889689948,-0.131022,-0.012863,-0.012377,0.131652,0.000000,-0.000032254,0.000032768
1778,1778,left,0.404178010,0.215810356,0.889940955,-0.156558,0.018984,-0.049631,0.157704,0.000000,-0.000032257,0.000033329
1778,1778,right,0.401445449,-0.316510454,0.889678644,-0.120116,-0.011941,-0.011304,0.120708,0.000000,-0.000032288,0.000032802
1779,1779,left,0.404035022,0.215827723,0.889895924,-0.142987,0.017368,-0.045032,0.144038,0.000000,-0.000032275,0.000033347
1779,1779,right,0.401335720,-0.316521326,0.889668434,-0.109729,-0.010872,-0.010210,0.110266,0.000000,-0.000032319,0.000032834
1780,1780,left,0.403905214,0.215843529,0.889854689,-0.129808,0.015806,-0.041235,0.130767,0.000000,-0.000032291,0.000033363
1780,1780,right,0.401236021,-0.316531232,0.889659252,-0.099700,-0.009905,-0.009182,0.100190,0.000000,-0.000032347,0.000032863
1781,1781,left,0.403787934,0.215857825,0.889817535,-0.117280,0.014296,-0.037154,0.118148,0.000000,-0.000032305,0.000033377
1781,1781,right,0.401236021,-0.316531232,0.889659252,0.000000,0.000000,0.000000,0.000000,0.000000,-0.000032347,0.000032863
1782,1782,left,0.403682717,0.215870541,0.889784026,-0.105217,0.012716,-0.033509,0.105982,0.000000,-0.000032318,0.000033390
1782,1782,right,0.401071669,-0.316546560,0.889642642,-0.164351,-0.015329,-0.016609,0.165065,0.000000,-0.000032393,0.000032909
1783,1783,left,0.403589032,0.215882007,0.889754376,-0.093685,0.011466,-0.029650,0.094384,0.000000,-0.000032330,0.000033402
1783,1783,right,0.401071669,-0.316546560,0.889642642,0.000000,0.000000,0.000000,0.000000,0.000000,-0.000032393,0.000032909
1784,1784,left,0.403589032,0.215882007,0.889754376,0.000000,0.000000,0.000000,0.000000,0.000000,-0.000032330,0.000033402
1784,1784,right,0.400935680,-0.316560148,0.889629931,-0.135989,-0.013588,-0.012711,0.136666,0.000000,-0.000032431,0.000032949
1785,1785,left,0.403439319,0.215900394,0.889706291,-0.149713,0.018387,-0.048085,0.150838,0.000000,-0.000032348,0.000033420
1785,1785,right,0.400935680,-0.316560148,0.889629931,0.000000,0.000000,0.000000,0.000000,0.000000,-0.000032431,0.000032949
1786,1786,left,0.403439319,0.215900394,0.889706291,0.000000,0.000000,0.000000,0.000000,0.000000,-0.000032348,0.000033420
1786,1786,right,0.400830727,-0.316570888,0.889620432,-0.104953,-0.010740,-0.009499,0.105501,0.000000,-0.000032461,0.000032979
1787,1787,left,0.403322326,0.215914668,0.889669253,-0.116994,0.014274,-0.037039,0.117861,0.000000,-0.000032363,0.000033435
1787,1787,right,0.400830727,-0.316570888,0.889620432,0.000000,0.000000,0.000000,0.000000,0.000000,-0.000032461,0.000032979
1788,1788,left,0.403322326,0.215914668,0.889669253,0.000000,0.000000,0.000000,0.000000,0.000000,-0.000032363,0.000033435
1788,1788,right,0.400830727,-0.316570888,0.889620432,0.000000,0.000000,0.000000,0.000000,0.000000,-0.000032461,0.000032979
1789,1789,left,0.403322326,0.215914668,0.889669253,0.000000,0.000000,0.000000,0.000000,0.000000,-0.000032363,0.000033435
1789,1789,right,0.400727749,-0.316581064,0.889610773,-0.102978,-0.010177,-0.009659,0.103480,0.000000,-0.000032491,0.000033009
1790,1790,left,0.403211286,0.215928214,0.889633771,-0.111040,0.013545,-0.035482,0.111863,0.000000,-0.000032377,0.000033448
1790,1790,right,0.400727749,-0.316581064,0.889610773,0.000000,0.000000,0.000000,0.000000,0.000000,-0.000032491,0.000033009
1791,1791,left,0.403211286,0.215928214,0.889633771,0.000000,0.000000,0.000000,0.000000,0.000000,-0.000032377,0.000033448
1791,1791,right,0.400727749,-0.316581064,0.889610773,0.000000,0.000000,0.000000,0.000000,0.000000,-0.000032491,0.000033009
1792,1792,left,0.403211286,0.215928214,0.889633771,0.000000,0.000000,0.000000,0.000000,0.000000,-0.000032377,0.000033448
1792,1792,right,0.400727749,-0.316581064,0.889610773,0.000000,0.000000,0.000000,0.000000,0.000000,-0.000032491,0.000033009
1793,1793,left,0.403211286,0.215928214,0.889633771,0.000000,0.000000,0.000000,0.000000,0.000000,-0.000032377,0.000033448
1793,1793,right,0.400727749,-0.316581064,0.889610773,0.000000,0.000000,0.000000,0.000000,0.000000,-0.000032491,0.000033009
1794,1794,left,0.403211286,0.215928214,0.889633771,0.000000,0.000000,0.000000,0.000000,0.000000,-0.000032377,0.000033448
1794,1794,right,0.400727749,-0.316581064,0.889610773,0.000000,0.000000,0.000000,0.000000,0.000000,-0.000032491,0.000033009
1795,1795,left,0.403211286,0.215928214,0.889633771,0.000000,0.000000,0.000000,0.000000,0.000000,-0.000032377,0.000033448
1795,1795,right,0.400727749,-0.316581064,0.889610773,0.000000,0.000000,0.000000,0.000000,0.000000,-0.000032491,0.000033009
1796,1796,left,0.403211286,0.215928214,0.889633771,0.000000,0.000000,0.000000,0.000000,0.000000,-0.000032377,0.000033448
1796,1796,right,0.400727749,-0.316581064,0.889610773,0.000000,0.000000,0.000000,0.000000,0.000000,-0.000032491,0.000033009
1797,1797,left,0.403211286,0.215928214,0.889633771,0.000000,0.000000,0.000000,0.000000,0.000000,-0.000032377,0.000033448
1797,1797,right,0.400727749,-0.316581064,0.889610773,0.000000,0.000000,0.000000,0.000000,0.000000,-0.000032491,0.000033009
1798,1798,left,0.403211286,0.215928214,0.889633771,0.000000,0.000000,0.000000,0.000000,0.000000,-0.000032377,0.000033448
1798,1798,right,0.400727749,-0.316581064,0.889610773,0.000000,0.000000,0.000000,0.000000,0.000000,-0.000032491,0.000033009
1799,1799,left,0.403211286,0.215928214,0.889633771,0.000000,0.000000,0.000000,0.000000,0.000069,-0.000029363,0.000036462
1799,1799,right,0.400727749,-0.316581064,0.889610773,0.000000,0.000000,0.000000,0.000000,0.000069,-0.000029477,0.000036023
1800,1800,left,0.403211286,0.215928214,0.889633771,0.000000,0.000000,0.000000,0.000000,0.000525,-0.000009277,0.000056548
1800,1800,right,0.400727749,-0.316581064,0.889610773,0.000000,0.000000,0.000000,0.000000,0.000525,-0.000009391,0.000056108
1801,1801,left,0.403211286,0.215928212,0.889633771,-0.000000,-0.000001,-0.000000,0.000001,0.001696,0.000042244,0.000108069
1801,1801,right,0.400727749,-0.316581064,0.889610773,0.000000,0.000000,0.000000,0.000000,0.001696,0.000042130,0.000107630
1802,1802,left,0.403211286,0.215928212,0.889633771,0.000000,0.000000,0.000000,0.000000,0.003844,0.000136771,0.000202596
1802,1802,right,0.400727749,-0.316581064,0.889610773,0.000000,0.000000,0.000000,0.000000,0.003844,0.000136657,0.000202157
1803,1803,left,0.403211286,0.215928214,0.889633771,0.000000,0.000001,0.000000,0.000001,0.007173,0.000283254,0.000349080
1803,1803,right,0.400727749,-0.316581064,0.889610773,0.000000,0.000000,0.000000,0.000000,0.007173,0.000283140,0.000348640
1804,1804,left,0.403211286,0.215928212,0.889633771,-0.000000,-0.000001,-0.000000,0.000001,0.011831,0.000488199,0.000554025
1804,1804,right,0.400727749,-0.316581064,0.889610773,0.000000,0.000000,0.000000,0.000000,0.011831,0.000488085,0.000553586
1805,1805,left,0.403211286,0.215928214,0.889633771,0.000000,0.000001,0.000000,0.000001,0.017914,0.000755840,0.000821668
1805,1805,right,0.400727749,-0.316581064,0.889610773,0.000000,0.000000,0.000000,0.000000,0.017914,0.000755726,0.000821228
1806,1806,left,0.403211254,0.215928185,0.889633795,-0.000032,-0.000028,0.000024,0.000043,0.025470,0.001088318,0.001154146
1806,1806,right,0.400727749,-0.316581064,0.889610773,0.000000,0.000000,0.000000,0.000000,0.025470,0.001088204,0.001153707
1807,1807,left,0.403211254,0.215928185,0.889633795,0.000000,0.000000,0.000000,0.000000,0.034505,0.001485850,0.001551680
1807,1807,right,0.400727749,-0.316581064,0.889610773,0.000000,0.000000,0.000000,0.000000,0.034505,0.001485737,0.001551240
1808,1808,left,0.403211254,0.215928185,0.889633795,0.000000,0.000000,0.000000,0.000000,0.044984,0.001946909,0.002012739
1808,1808,right,0.400727749,-0.316581064,0.889610773,0.000000,0.000000,0.000000,0.000000,0.044984,0.001946795,0.002012300
1809,1809,left,0.403211224,0.215928184,0.889633795,-0.000030,-0.000001,-0.000000,0.000030,0.056836,0.002468394,0.002534226
1809,1809,right,0.400727749,-0.316581064,0.889610773,0.000000,0.000000,0.000000,0.000000,0.056836,0.002468280,0.002533786
1810,1810,left,0.403211224,0.215928185,0.889633794,-0.000000,0.000001,-0.000000,0.000001,0.069959,0.003045808,0.003111642
1810,1810,right,0.400727749,-0.316581064,0.889610773,0.000000,0.000000,0.000000,0.000000,0.069959,0.003045695,0.003111202
1811,1811,left,0.403211254,0.215928186,0.889633795,0.000030,0.000001,0.000000,0.000030,0.084223,0.003673432,0.003739268
1811,1811,right,0.400727749,-0.316581064,0.889610773,0.000000,0.000000,0.000000,0.000000,0.084223,0.003673319,0.003738828
1812,1812,left,0.403211254,0.215928186,0.889633795,0.000000,0.000000,0.000000,0.000000,0.099475,0.004344499,0.004410336
1812,1812,right,0.400727749,-0.316581064,0.889610773,0.000000,0.000000,0.000000,0.000000,0.099475,0.004344386,0.004409895
1813,1813,left,0.403211254,0.215928186,0.889633795,0.000000,0.000000,0.000000,0.000000,0.115540,0.005051367,0.005117206
1813,1813,right,0.400727802,-0.316581068,0.889610777,0.000053,-0.000003,0.000004,0.000053,0.115540,0.005051255,0.005116766
1814,1814,left,0.403211254,0.215928185,0.889633795,0.000000,-0.000001,0.000000,0.000001,0.132229,0.005785699,0.005851539
1814,1814,right,0.400727802,-0.316581068,0.889610777,0.000000,0.000000,0.000000,0.000000,0.132229,0.005785586,0.005851098
1815,1815,left,0.403211254,0.215928185,0.889633795,0.000000,0.000000,0.000000,0.000000,0.149341,0.006538629,0.006604472
1815,1815,right,0.400727802,-0.316581068,0.889610777,0.000000,0.000000,0.000000,0.000000,0.149341,0.006538517,0.006604030
1816,1816,left,0.403211254,0.215928185,0.889633795,0.000000,0.000000,0.000000,0.000000,0.166667,0.007300947,0.007366790
1816,1816,right,0.400727802,-0.316581068,0.889610777,0.000000,0.000000,0.000000,0.000000,0.166667,0.007300835,0.007366349
1817,1817,left,0.403211254,0.215928185,0.889633795,0.000000,0.000000,0.000000,0.000000,0.183992,0.008063264,0.008129110
1817,1817,right,0.400727802,-0.316581068,0.889610777,0.000000,0.000000,0.000000,0.000000,0.183992,0.008063153,0.008128668
1818,1818,left,0.403211254,0.215928186,0.889633795,-0.000000,0.000001,-0.000000,0.000001,0.201104,0.008816195,0.008882042
1818,1818,right,0.400727802,-0.316581068,0.889610777,0.000000,0.000000,0.000000,0.000000,0.201104,0.008816084,0.008881601
1819,1819,left,0.403211254,0.215928186,0.889633795,0.000000,0.000000,0.000000,0.000000,0.217794,0.009550527,0.009616375
1819,1819,right,0.400727802,-0.316581067,0.889610777,0.000000,0.000001,0.000000,0.000001,0.217794,0.009550416,0.009615933
1820,1820,left,0.403211224,0.215928185,0.889633794,-0.000030,-0.000001,-0.000000,0.000030,0.233859,0.010257395,0.010323245
1820,1820,right,0.400727802,-0.316581067,0.889610777,0.000000,0.000000,0.000000,0.000000,0.233859,0.010257284,0.010322803
1821,1821,left,0.403211254,0.215928186,0.889633795,0.000030,0.000001,0.000000,0.000030,0.249110,0.010928462,0.010994313
1821,1821,right,0.400727802,-0.316581067,0.889610777,0.000000,0.000000,0.000000,0.000000,0.249110,0.010928352,0.010993871
1822,1822,left,0.403211224,0.215928185,0.889633794,-0.000030,-0.000001,-0.000000,0.000030,0.263374,0.011556086,0.011621939
1822,1822,right,0.400727802,-0.316581067,0.889610777,0.000000,0.000000,0.000000,0.000000,0.263374,0.011555977,0.011621496
1823,1823,left,0.403211254,0.215928186,0.889633795,0.000030,0.000001,0.000000,0.000030,0.276498,0.012133501,0.012199354
1823,1823,right,0.400727802,-0.316581067,0.889610777,0.000000,0.000000,0.000000,0.000000,0.276498,0.012133392,0.012198911
1824,1824,left,0.403211283,0.215928274,0.889633770,0.000030,0.000088,-0.000025,0.000092,0.288350,0.012654986,0.012720841
1824,1824,right,0.400727802,-0.316581067,0.889610777,0.000000,0.000000,0.000000,0.000000,0.288350,0.012654877,0.012720397
1825,1825,left,0.403211283,0.215928275,0.889633770,0.000000,0.000001,0.000000,0.000001,0.298828,0.013116045,0.013181900
1825,1825,right,0.400727802,-0.316581067,0.889610777,0.000000,0.000000,0.000000,0.000000,0.298828,0.013115936,0.013181456
1826,1826,left,0.403211283,0.215928275,0.889633770,0.000000,0.000000,0.000000,0.000000,0.307863,0.013513578,0.013579434
1826,1826,right,0.400727802,-0.316581067,0.889610777,0.000000,0.000000,0.000000,0.000000,0.307863,0.013513469,0.013578990
1827,1827,left,0.403211283,0.215928275,0.889633770,0.000000,0.000000,0.000000,0.000000,0.315419,0.013846056,0.013911912
1827,1827,right,0.400727802,-0.316581067,0.889610777,0.000000,0.000000,0.000000,0.000000,0.315419,0.013845948,0.013911468
1828,1828,left,0.403211283,0.215928275,0.889633770,0.000000,0.000000,0.000000,0.000000,0.321502,0.014113697,0.014179554
1828,1828,right,0.400727802,-0.316581067,0.889610777,0.000000,0.000000,0.000000,0.000000,0.321502,0.014113589,0.014179110
1829,1829,left,0.403211283,0.215928274,0.889633770,-0.000000,-0.000001,-0.000000,0.000001,0.326160,0.014318642,0.014384499
1829,1829,right,0.400727802,-0.316581067,0.889610777,0.000000,0.000000,0.000000,0.000000,0.326160,0.014318534,0.014384055
1830,1830,left,0.403211283,0.215928274,0.889633770,0.000000,0.000000,0.000000,0.000000,0.329489,0.014465126,0.014530983
1830,1830,right,0.400727802,-0.316581067,0.889610777,0.000000,0.000000,0.000000,0.000000,0.329489,0.014465018,0.014530539
1831,1831,left,0.403211283,0.215928274,0.889633770,0.000000,0.000000,0.000000,0.000000,0.331637,0.014559653,0.014625509
1831,1831,right,0.400727802,-0.316581067,0.889610777,0.000000,0.000000,0.000000,0.000000,0.331637,0.014559545,0.014625065
1832,1832,left,0.403211283,0.215928274,0.889633770,0.000000,0.000000,0.000000,0.000000,0.332808,0.014611174,0.014677031
1832,1832,right,0.400727802,-0.316581067,0.889610777,0.000000,0.000000,0.000000,0.000000,0.332808,0.014611066,0.014676587
1833,1833,left,0.403211283,0.215928274,0.889633770,0.000000,0.000000,0.000000,0.000000,0.333265,0.014631259,0.014697116
1833,1833,right,0.400727802,-0.316581067,0.889610777,0.000000,0.000000,0.000000,0.000000,0.333265,0.014631151,0.014696672
1834,1834,left,0.403211283,0.215928274,0.889633770,0.000000,0.000000,0.000000,0.000000,0.333333,0.014634273,0.014700130
1834,1834,right,0.400727802,-0.316581067,0.889610777,0.000000,0.000000,0.000000,0.000000,0.333333,0.014634165,0.014699685
1835,1835,left,0.403211283,0.215928274,0.889633770,0.000000,0.000000,0.000000,0.000000,0.333333,0.014634273,0.014700130
1835,1835,right,0.400727802,-0.316581067,0.889610777,0.000000,0.000000,0.000000,0.000000,0.333333,0.014634165,0.014699685
1836,1836,left,0.403211283,0.215928274,0.889633770,0.000000,0.000000,0.000000,0.000000,0.333333,0.014634273,0.014700130
1836,1836,right,0.400727802,-0.316581067,0.889610777,0.000000,0.000000,0.000000,0.000000,0.333333,0.014634165,0.014699685
1837,1837,left,0.403138809,0.215937317,0.889711727,-0.072475,0.009043,0.077957,0.073037,0.333333,0.014634270,0.014700132
1837,1837,right,0.400649590,-0.316589359,0.889693355,-0.078212,-0.008291,0.082578,0.078651,0.333333,0.014634147,0.014699703
1838,1838,left,0.403134409,0.215937836,0.889849938,-0.004400,0.000519,0.138211,0.004430,0.333333,0.014634278,0.014700125
1838,1838,right,0.400644366,-0.316590933,0.889817513,-0.005224,-0.001574,0.124158,0.005456,0.333333,0.014634151,0.014699699
1839,1839,left,0.403135037,0.215937949,0.890067298,0.000629,0.000113,0.217360,0.000639,0.333333,0.014634291,0.014700112
1839,1839,right,0.400644780,-0.316591273,0.890010666,0.000415,-0.000340,0.193153,0.000536,0.333333,0.014634161,0.014699689
1840,1840,left,0.403136366,0.215937984,0.890377391,0.001328,0.000035,0.310093,0.001329,0.333333,0.014634309,0.014700093
1840,1840,right,0.400645851,-0.316591506,0.890286658,0.001071,-0.000233,0.275992,0.001096,0.333333,0.014634176,0.014699674
1841,1841,left,0.403137860,0.215938034,0.890790861,0.001494,0.000050,0.413470,0.001495,0.333333,0.014634334,0.014700069
1841,1841,right,0.400646906,-0.316591655,0.890653889,0.001055,-0.000149,0.367231,0.001066,0.333333,0.014634197,0.014699655
1842,1842,left,0.403139341,0.215938128,0.891314835,0.001481,0.000094,0.523974,0.001484,0.333333,0.014634367,0.014700036
1842,1842,right,0.400648179,-0.316591952,0.891119416,0.001273,-0.000297,0.465527,0.001307,0.333333,0.014634222,0.014699629
1843,1843,left,0.403140767,0.215938393,0.891954176,0.001426,0.000265,0.639341,0.001450,0.333333,0.014634407,0.014699997
1843,1843,right,0.400649201,-0.316592076,0.891687604,0.001022,-0.000124,0.568189,0.001030,0.333333,0.014634253,0.014699598
1844,1844,left,0.403142119,0.215938470,0.892711180,0.001352,0.000077,0.757003,0.001354,0.333333,0.014634454,0.014699951
1844,1844,right,0.400650420,-0.316592269,0.892360336,0.001219,-0.000194,0.672731,0.001234,0.333333,0.014634292,0.014699560
1845,1845,left,0.403143310,0.215938668,0.893586688,0.001191,0.000199,0.875508,0.001207,0.333333,0.014634510,0.014699896
1845,1845,right,0.400651378,-0.316592431,0.893138194,0.000958,-0.000161,0.777858,0.000972,0.333333,0.014634336,0.014699516
1846,1846,left,0.403144755,0.215938859,0.894578206,0.001445,0.000190,0.991517,0.001458,0.333333,0.014634573,0.014699833
1846,1846,right,0.400652644,-0.316592611,0.894019432,0.001266,-0.000181,0.881238,0.001279,0.333333,0.014634388,0.014699465
1847,1847,left,0.403136181,0.215937640,0.895777593,-0.008574,-0.001219,1.199387,0.008661,0.333333,0.014634648,0.014699759
1847,1847,right,0.400653547,-0.316592717,0.895000789,0.000904,-0.000106,0.981357,0.000910,0.333333,0.014634446,0.014699407
1848,1848,left,0.403136788,0.215937437,0.896998963,0.000607,-0.000203,1.221370,0.000640,0.333333,0.014634729,0.014699679
1848,1848,right,0.400646267,-0.316591798,0.896168791,-0.007281,0.000919,1.168003,0.007338,0.333333,0.014634515,0.014699338
1849,1849,left,0.403137418,0.215937415,0.898318901,0.000630,-0.000022,1.319938,0.000630,0.333333,0.014634818,0.014699591
1849,1849,right,0.400646799,-0.316591971,0.897342628,0.000532,-0.000173,1.173836,0.000560,0.333333,0.014634588,0.014699265
1850,1850,left,0.403137945,0.215937401,0.899730272,0.000527,-0.000014,1.411371,0.000528,0.333333,0.014634915,0.014699495
1850,1850,right,0.400647354,-0.316592071,0.898596416,0.000555,-0.000099,1.253789,0.000564,0.333333,0.014634668,0.014699186
1851,1851,left,0.403138750,0.215937230,0.901223163,0.000805,-0.000172,1.492891,0.000823,0.333333,0.014635019,0.014699393
1851,1851,right,0.400648101,-0.316592388,0.899922943,0.000747,-0.000318,1.326527,0.000812,0.333333,0.014634755,0.014699101
1852,1852,left,0.403139387,0.215937202,0.902786791,0.000636,-0.000027,1.563628,0.000637,0.333333,0.014635130,0.014699283
1852,1852,right,0.400648861,-0.316592698,0.901312177,0.000760,-0.000310,1.389234,0.000821,0.333333,0.014634847,0.014699008
1853,1853,left,0.403140376,0.215936969,0.904409412,0.000990,-0.000234,1.622621,0.001017,0.333333,0.014635247,0.014699167
1853,1853,right,0.400649418,-0.316592885,0.902753925,0.000557,-0.000187,1.441748,0.000587,0.333333,0.014634945,0.014698911
1854,1854,left,0.403141220,0.215936809,0.906078998,0.000844,-0.000160,1.669586,0.000859,0.333333,0.014635371,0.014699045
1854,1854,right,0.400650063,-0.316592927,0.904237181,0.000645,-0.000042,1.483256,0.000646,0.333333,0.014635050,0.014698807
1855,1855,left,0.403142086,0.215936638,0.907782575,0.000866,-0.000170,1.703577,0.000883,0.333333,0.014635499,0.014698918
1855,1855,right,0.400650803,-0.316593193,0.905750591,0.000740,-0.000267,1.513410,0.000787,0.333333,0.014635158,0.014698699
1856,1856,left,0.403142803,0.215936453,0.909506223,0.000717,-0.000185,1.723647,0.000741,0.333333,0.014635631,0.014698788
1856,1856,right,0.400651522,-0.316593445,0.907282386,0.000720,-0.000252,1.531795,0.000763,0.333333,0.014635270,0.014698587
1857,1857,left,0.403143729,0.215936274,0.911237099,0.000926,-0.000179,1.730876,0.000943,0.333333,0.014635766,0.014698654
1857,1857,right,0.400652243,-0.316593715,0.908819879,0.000721,-0.000270,1.537493,0.000770,0.333333,0.014635386,0.014698472
1858,1858,left,0.403144432,0.215936147,0.912961007,0.000703,-0.000127,1.723908,0.000714,0.333333,0.014635902,0.014698519
1858,1858,right,0.400652949,-0.316593955,0.910351749,0.000706,-0.000240,1.531870,0.000746,0.333333,0.014635504,0.014698355
1859,1859,left,0.403145268,0.215936079,0.914665156,0.000836,-0.000068,1.704149,0.000839,0.333333,0.014636039,0.014698383
1859,1859,right,0.400653588,-0.316594061,0.911865409,0.000639,-0.000106,1.513660,0.000648,0.333333,0.014635623,0.014698237
1860,1860,left,0.403146193,0.215935762,0.916335085,0.000925,-0.000317,1.669929,0.000978,0.333333,0.014636175,0.014698248
1860,1860,right,0.400654468,-0.316594445,0.913349390,0.000880,-0.000384,1.483981,0.000961,0.333333,0.014635741,0.014698120
1861,1861,left,0.403147177,0.215935573,0.917958685,0.000984,-0.000190,1.623600,0.001002,0.333333,0.014636309,0.014698115
1861,1861,right,0.400655101,-0.316594670,0.914792112,0.000632,-0.000224,1.442722,0.000671,0.333333,0.014635859,0.014698002
1862,1862,left,0.403148054,0.215935375,0.919523505,0.000877,-0.000197,1.564820,0.000899,0.333333,0.014636440,0.014697986
1862,1862,right,0.400655776,-0.316594852,0.916182134,0.000675,-0.000182,1.390023,0.000699,0.333333,0.014635974,0.014697888
1863,1863,left,0.403148846,0.215935207,0.921017468,0.000792,-0.000168,1.493963,0.000810,0.333333,0.014636567,0.014697861
1863,1863,right,0.400656554,-0.316595103,0.917509508,0.000778,-0.000251,1.327374,0.000817,0.333333,0.014636085,0.014697777
1864,1864,left,0.403149583,0.215934979,0.922430269,0.000737,-0.000228,1.412801,0.000772,0.333333,0.014636687,0.014697741
1864,1864,right,0.400661071,-0.316595132,0.918674217,0.004517,-0.000029,1.164708,0.004517,0.333333,0.014636186,0.014697677
1865,1865,left,0.403150455,0.215934801,0.923751797,0.000871,-0.000178,1.321529,0.000889,0.333333,0.014636802,0.014697627
1865,1865,right,0.400661420,-0.316595112,0.919847189,0.000349,0.000021,1.172972,0.000350,0.333333,0.014636287,0.014697576
1866,1866,left,0.403154510,0.215936836,0.924886724,0.004056,0.002036,1.134927,0.004538,0.333333,0.014636902,0.014697528
1866,1866,right,0.400661805,-0.316595234,0.920939660,0.000385,-0.000123,1.092472,0.000404,0.333333,0.014636382,0.014697481
1867,1867,left,0.403154914,0.215937031,0.926003065,0.000403,0.000195,1.116341,0.000448,0.333333,0.014637001,0.014697431
1867,1867,right,0.400661989,-0.316595511,0.921938275,0.000184,-0.000277,0.998614,0.000333,0.333333,0.014636471,0.014697393
1868,1868,left,0.403155341,0.215936685,0.927014464,0.000427,-0.000346,1.011399,0.000550,0.333333,0.014637089,0.014697342
1868,1868,right,0.400662332,-0.316595796,0.922837906,0.000344,-0.000284,0.899631,0.000446,0.333333,0.014636551,0.014697314
1869,1869,left,0.403155455,0.215936216,0.927910817,0.000114,-0.000469,0.896352,0.000483,0.333333,0.014637169,0.014697263
1869,1869,right,0.400662428,-0.316595957,0.923633867,0.000096,-0.000162,0.795961,0.000188,0.333333,0.014636623,0.014697243
1870,1870,left,0.403155667,0.215935752,0.928689153,0.000212,-0.000463,0.778336,0.000510,0.333333,0.014637238,0.014697194
1870,1870,right,0.400662566,-0.316596296,0.924325310,0.000138,-0.000339,0.691444,0.000366,0.333333,0.014636685,0.014697180
1871,1871,left,0.403155759,0.215935388,0.929349389,0.000092,-0.000364,0.660236,0.000375,0.333333,0.014637297,0.014697136
1871,1871,right,0.400662553,-0.316596475,0.924912298,-0.000013,-0.000178,0.586987,0.000179,0.333333,0.014636738,0.014697127
1872,1872,left,0.403155820,0.215934807,0.929893840,0.000061,-0.000582,0.544451,0.000585,0.333333,0.014637346,0.014697088
1872,1872,right,0.400662502,-0.316596609,0.925395733,-0.000051,-0.000135,0.483435,0.000144,0.333333,0.014636782,0.014697083
1873,1873,left,0.403155616,0.215934542,0.930326458,-0.000204,-0.000264,0.432617,0.000334,0.333333,0.014637385,0.014697049
1873,1873,right,0.400662472,-0.316596749,0.925780357,-0.000029,-0.000139,0.384624,0.000142,0.333333,0.014636817,0.014697049
1874,1874,left,0.403155557,0.215934126,0.930654450,-0.000059,-0.000416,0.327992,0.000420,0.333333,0.014637414,0.014697020
1874,1874,right,0.400662283,-0.316596850,0.926071509,-0.000189,-0.000102,0.291152,0.000215,0.333333,0.014636844,0.014697022
1875,1875,left,0.403155456,0.215933846,0.930887207,-0.000101,-0.000281,0.232757,0.000298,0.333333,0.014637435,0.014696999
1875,1875,right,0.400662218,-0.316596957,0.926278505,-0.000065,-0.000107,0.206995,0.000125,0.333333,0.014636864,0.014697003
1876,1876,left,0.403155300,0.215933534,0.931037377,-0.000156,-0.000312,0.150170,0.000349,0.333333,0.014637449,0.014696985
1876,1876,right,0.400661933,-0.316597035,0.926411893,-0.000285,-0.000077,0.133388,0.000296,0.333333,0.014636876,0.014696991
1877,1877,left,0.403155300,0.215933534,0.931037377,0.000000,0.000000,0.000000,0.000000,0.333333,0.014637449,0.014696985
1877,1877,right,0.400661933,-0.316597035,0.926411893,0.000000,0.000000,0.000000,0.000000,0.333333,0.014636876,0.014696991
1878,1878,left,0.403155091,0.215933465,0.931147267,-0.000209,-0.000069,0.109890,0.000220,0.333333,0.014637459,0.014696976
1878,1878,right,0.400661713,-0.316597087,0.926509685,-0.000219,-0.000052,0.097792,0.000226,0.333333,0.014636884,0.014696982
1879,1879,left,0.403155091,0.215933465,0.931147267,0.000000,0.000000,0.000000,0.000000,0.333333,0.014637459,0.014696976
1879,1879,right,0.400661713,-0.316597087,0.926509685,0.000000,0.000000,0.000000,0.000000,0.333333,0.014636884,0.014696982
1880,1880,left,0.403155091,0.215933465,0.931147267,0.000000,0.000000,0.000000,0.000000,0.333333,0.014637459,0.014696976
1880,1880,right,0.400661713,-0.316597087,0.926509685,0.000000,0.000000,0.000000,0.000000,0.333333,0.014636884,0.014696982
1881,1881,left,0.403155091,0.215933465,0.931147267,0.000000,0.000000,0.000000,0.000000,0.333333,0.014637459,0.014696976
1881,1881,right,0.400661713,-0.316597087,0.926509685,0.000000,0.000000,0.000000,0.000000,0.333333,0.014636884,0.014696982
1882,1882,left,0.403155091,0.215933465,0.931147267,0.000000,0.000000,0.000000,0.000000,0.333333,0.014637459,0.014696976
1882,1882,right,0.400661713,-0.316597087,0.926509685,0.000000,0.000000,0.000000,0.000000,0.333333,0.014636884,0.014696982
1883,1883,left,0.403155091,0.215933465,0.931147267,0.000000,0.000000,0.000000,0.000000,0.333333,0.014637459,0.014696976
1883,1883,right,0.400661713,-0.316597087,0.926509685,0.000000,0.000000,0.000000,0.000000,0.333333,0.014636884,0.014696982
1884,1884,left,0.403155091,0.215933465,0.931147267,0.000000,0.000000,0.000000,0.000000,0.333333,0.014637459,0.014696976
1884,1884,right,0.400661713,-0.316597087,0.926509685,0.000000,0.000000,0.000000,0.000000,0.333333,0.014636884,0.014696982
1885,1885,left,0.403155091,0.215933465,0.931147267,0.000000,0.000000,0.000000,0.000000,0.333333,0.014637459,0.014696976
1885,1885,right,0.400661713,-0.316597087,0.926509685,0.000000,0.000000,0.000000,0.000000,0.333333,0.014636884,0.014696982
1886,1886,left,0.403155091,0.215933465,0.931147267,0.000000,0.000000,0.000000,0.000000,0.333333,0.014637459,0.014696976
1886,1886,right,0.400661713,-0.316597087,0.926509685,0.000000,0.000000,0.000000,0.000000,0.333333,0.014636884,0.014696982
1887,1887,left,0.403155091,0.215933465,0.931147267,0.000000,0.000000,0.000000,0.000000,0.333333,0.014637459,0.014696976
1887,1887,right,0.400661713,-0.316597087,0.926509685,0.000000,0.000000,0.000000,0.000000,0.333333,0.014636884,0.014696982
1888,1888,left,0.403155091,0.215933465,0.931147267,0.000000,0.000000,0.000000,0.000000,0.333333,0.014637459,0.014696976
1888,1888,right,0.400661713,-0.316597087,0.926509685,0.000000,0.000000,0.000000,0.000000,0.333333,0.014636884,0.014696982
1889,1889,left,0.403155091,0.215933465,0.931147267,0.000000,0.000000,0.000000,0.000000,0.333333,0.014637459,0.014696976
1889,1889,right,0.400661713,-0.316597087,0.926509685,0.000000,0.000000,0.000000,0.000000,0.333333,0.014636884,0.014696982
1890,1890,left,0.403155091,0.215933465,0.931147267,0.000000,0.000000,0.000000,0.000000,0.333333,0.014637459,0.014696976
1890,1890,right,0.400661713,-0.316597087,0.926509685,0.000000,0.000000,0.000000,0.000000,0.333333,0.014636884,0.014696982
1891,1891,left,0.403155091,0.215933465,0.931147267,0.000000,0.000000,0.000000,0.000000,0.333333,0.014637459,0.014696976
1891,1891,right,0.400661713,-0.316597087,0.926509685,0.000000,0.000000,0.000000,0.000000,0.333333,0.014636884,0.014696982
1892,1892,left,0.403155091,0.215933465,0.931147267,0.000000,0.000000,0.000000,0.000000,0.333333,0.014637459,0.014696976
1892,1892,right,0.400661713,-0.316597087,0.926509685,0.000000,0.000000,0.000000,0.000000,0.333333,0.014636884,0.014696982
1893,1893,left,0.403155091,0.215933465,0.931147267,0.000000,0.000000,0.000000,0.000000,0.333333,0.014637459,0.014696976
1893,1893,right,0.400661713,-0.316597087,0.926509685,0.000000,0.000000,0.000000,0.000000,0.333333,0.014636884,0.014696982
1894,1894,left,0.403155091,0.215933465,0.931147267,0.000000,0.000000,0.000000,0.000000,0.333333,0.014637459,0.014696976
1894,1894,right,0.400661713,-0.316597087,0.926509685,0.000000,0.000000,0.000000,0.000000,0.333333,0.014636884,0.014696982
1895,1895,left,0.403155091,0.215933465,0.931147267,0.000000,0.000000,0.000000,0.000000,0.333333,0.014637459,0.014696976
1895,1895,right,0.400661713,-0.316597087,0.926509685,0.000000,0.000000,0.000000,0.000000,0.333333,0.014636884,0.014696982
1896,1896,left,0.403155091,0.215933465,0.931147267,0.000000,0.000000,0.000000,0.000000,0.333333,0.014637459,0.014696976
1896,1896,right,0.400661713,-0.316597087,0.926509685,0.000000,0.000000,0.000000,0.000000,0.333333,0.014636884,0.014696982
1897,1897,left,0.403155091,0.215933465,0.931147267,0.000000,0.000000,0.000000,0.000000,0.333333,0.014637459,0.014696976
1897,1897,right,0.400661713,-0.316597087,0.926509685,0.000000,0.000000,0.000000,0.000000,0.333333,0.014636884,0.014696982
1898,1898,left,0.403155091,0.215933465,0.931147267,0.000000,0.000000,0.000000,0.000000,0.333333,0.014637459,0.014696976
1898,1898,right,0.400661713,-0.316597087,0.926509685,0.000000,0.000000,0.000000,0.000000,0.333333,0.014636884,0.014696982
1899,1899,left,0.403155091,0.215933465,0.931147267,0.000000,0.000000,0.000000,0.000000,0.333333,0.014637459,0.014696976
1899,1899,right,0.400661713,-0.316597087,0.926509685,0.000000,0.000000,0.000000,0.000000,0.333333,0.014636884,0.014696982
1900,1900,left,0.403155091,0.215933465,0.931147267,0.000000,0.000000,0.000000,0.000000,0.333333,0.014637459,0.014696976
1900,1900,right,0.400661713,-0.316597087,0.926509685,0.000000,0.000000,0.000000,0.000000,0.333333,0.014636884,0.014696982
1901,1901,left,0.403155091,0.215933465,0.931147267,0.000000,0.000000,0.000000,0.000000,0.333333,0.014637459,0.014696976
1901,1901,right,0.400661713,-0.316597087,0.926509685,0.000000,0.000000,0.000000,0.000000,0.333333,0.014636884,0.014696982
1902,1902,left,0.403155091,0.215933465,0.931147267,0.000000,0.000000,0.000000,0.000000,0.333333,0.014637459,0.014696976
1902,1902,right,0.400661713,-0.316597087,0.926509685,0.000000,0.000000,0.000000,0.000000,0.333333,0.014636884,0.014696982
1903,1903,left,0.403155091,0.215933465,0.931147267,0.000000,0.000000,0.000000,0.000000,0.333333,0.014637459,0.014696976
1903,1903,right,0.400661713,-0.316597087,0.926509685,0.000000,0.000000,0.000000,0.000000,0.333333,0.014636884,0.014696982
1904,1904,left,0.403155091,0.215933465,0.931147267,0.000000,0.000000,0.000000,0.000000,0.333333,0.014637459,0.014696976
1904,1904,right,0.400661713,-0.316597087,0.926509685,0.000000,0.000000,0.000000,0.000000,0.333333,0.014636884,0.014696982
1905,1905,left,0.403155091,0.215933465,0.931147267,0.000000,0.000000,0.000000,0.000000,0.333333,0.014637459,0.014696976
1905,1905,right,0.400661713,-0.316597087,0.926509685,0.000000,0.000000,0.000000,0.000000,0.333333,0.014636884,0.014696982
1906,1906,left,0.403155091,0.215933465,0.931147267,0.000000,0.000000,0.000000,0.000000,0.333333,0.014637459,0.014696976
1906,1906,right,0.400661713,-0.316597087,0.926509685,0.000000,0.000000,0.000000,0.000000,0.333333,0.014636884,0.014696982
1907,1907,left,0.403155091,0.215933465,0.931147267,0.000000,0.000000,0.000000,0.000000,0.333333,0.014637459,0.014696976
1907,1907,right,0.400661713,-0.316597087,0.926509685,0.000000,0.000000,0.000000,0.000000,0.333333,0.014636884,0.014696982
1908,1908,left,0.403155091,0.215933465,0.931147267,0.000000,0.000000,0.000000,0.000000,0.333333,0.014637459,0.014696976
1908,1908,right,0.400661713,-0.316597087,0.926509685,0.000000,0.000000,0.000000,0.000000,0.333333,0.014636884,0.014696982
1909,1909,left,0.403155091,0.215933465,0.931147267,0.000000,0.000000,0.000000,0.000000,0.333333,0.014637459,0.014696976
1909,1909,right,0.400661713,-0.316597087,0.926509685,0.000000,0.000000,0.000000,0.000000,0.333333,0.014636884,0.014696982
1910,1910,left,0.403155091,0.215933465,0.931147267,0.000000,0.000000,0.000000,0.000000,0.333333,0.014637459,0.014696976
1910,1910,right,0.400661713,-0.316597087,0.926509685,0.000000,0.000000,0.000000,0.000000,0.333333,0.014636884,0.014696982
1911,1911,left,0.403155091,0.215933465,0.931147267,0.000000,0.000000,0.000000,0.000000,0.333333,0.014637459,0.014696976
1911,1911,right,0.400661713,-0.316597087,0.926509685,0.000000,0.000000,0.000000,0.000000,0.333333,0.014636884,0.014696982
1912,1912,left,0.403155091,0.215933465,0.931147267,0.000000,0.000000,0.000000,0.000000,0.333333,0.014637459,0.014696976
1912,1912,right,0.400661713,-0.316597087,0.926509685,0.000000,0.000000,0.000000,0.000000,0.333333,0.014636884,0.014696982
1913,1913,left,0.403155091,0.215933465,0.931147267,0.000000,0.000000,0.000000,0.000000,0.333333,0.014637459,0.014696976
1913,1913,right,0.400661713,-0.316597087,0.926509685,0.000000,0.000000,0.000000,0.000000,0.333333,0.014636884,0.014696982
1914,1914,left,0.403155091,0.215933465,0.931147267,0.000000,0.000000,0.000000,0.000000,0.333333,0.014637459,0.014696976
1914,1914,right,0.400661713,-0.316597087,0.926509685,0.000000,0.000000,0.000000,0.000000,0.333333,0.014636884,0.014696982
1915,1915,left,0.403155091,0.215933465,0.931147267,0.000000,0.000000,0.000000,0.000000,0.333333,0.014637459,0.014696976
1915,1915,right,0.400661713,-0.316597087,0.926509685,0.000000,0.000000,0.000000,0.000000,0.333333,0.014636884,0.014696982
1916,1916,left,0.403155091,0.215933465,0.931147267,0.000000,0.000000,0.000000,0.000000,0.333333,0.014637459,0.014696976
1916,1916,right,0.400661713,-0.316597087,0.926509685,0.000000,0.000000,0.000000,0.000000,0.333333,0.014636884,0.014696982
1917,1917,left,0.403155091,0.215933465,0.931147267,0.000000,0.000000,0.000000,0.000000,0.333333,0.014637459,0.014696976
1917,1917,right,0.400661713,-0.316597087,0.926509685,0.000000,0.000000,0.000000,0.000000,0.333333,0.014636884,0.014696982
1918,1918,left,0.403155091,0.215933465,0.931147267,0.000000,0.000000,0.000000,0.000000,0.333333,0.014637459,0.014696976
1918,1918,right,0.400661713,-0.316597087,0.926509685,0.000000,0.000000,0.000000,0.000000,0.333333,0.014636884,0.014696982
1919,1919,left,0.403155091,0.215933465,0.931147267,0.000000,0.000000,0.000000,0.000000,0.333333,0.014637459,0.014696976
1919,1919,right,0.400661713,-0.316597087,0.926509685,0.000000,0.000000,0.000000,0.000000,0.333333,0.014636884,0.014696982
1920,1920,left,0.403155091,0.215933465,0.931147267,0.000000,0.000000,0.000000,0.000000,0.333333,0.014637459,0.014696976
1920,1920,right,0.400661713,-0.316597087,0.926509685,0.000000,0.000000,0.000000,0.000000,0.333333,0.014636884,0.014696982
1921,1921,left,0.403155091,0.215933465,0.931147267,0.000000,0.000000,0.000000,0.000000,0.333333,0.014637459,0.014696976
1921,1921,right,0.400661713,-0.316597087,0.926509685,0.000000,0.000000,0.000000,0.000000,0.333333,0.014636884,0.014696982
1922,1922,left,0.403155091,0.215933465,0.931147267,0.000000,0.000000,0.000000,0.000000,0.333333,0.014637459,0.014696976
1922,1922,right,0.400661713,-0.316597087,0.926509685,0.000000,0.000000,0.000000,0.000000,0.333333,0.014636884,0.014696982
1923,1923,left,0.403155091,0.215933465,0.931147267,0.000000,0.000000,0.000000,0.000000,0.333333,0.014637459,0.014696976
1923,1923,right,0.400661713,-0.316597087,0.926509685,0.000000,0.000000,0.000000,0.000000,0.333333,0.014636884,0.014696982
1924,1924,left,0.403155091,0.215933465,0.931147267,0.000000,0.000000,0.000000,0.000000,0.333333,0.014637459,0.014696976
1924,1924,right,0.400661713,-0.316597087,0.926509685,0.000000,0.000000,0.000000,0.000000,0.333333,0.014636884,0.014696982
1925,1925,left,0.403155091,0.215933465,0.931147267,0.000000,0.000000,0.000000,0.000000,0.333333,0.014637459,0.014696976
1925,1925,right,0.400661713,-0.316597087,0.926509685,0.000000,0.000000,0.000000,0.000000,0.333333,0.014636884,0.014696982
1926,1926,left,0.403155091,0.215933465,0.931147267,0.000000,0.000000,0.000000,0.000000,0.333333,0.014637459,0.014696976
1926,1926,right,0.400661713,-0.316597087,0.926509685,0.000000,0.000000,0.000000,0.000000,0.333333,0.014636884,0.014696982
1927,1927,left,0.403155091,0.215933465,0.931147267,0.000000,0.000000,0.000000,0.000000,0.333333,0.014637459,0.014696976
1927,1927,right,0.400661713,-0.316597087,0.926509685,0.000000,0.000000,0.000000,0.000000,0.333333,0.014636884,0.014696982
1928,1928,left,0.403155091,0.215933465,0.931147267,0.000000,0.000000,0.000000,0.000000,0.333333,0.014637459,0.014696976
1928,1928,right,0.400661713,-0.316597087,0.926509685,0.000000,0.000000,0.000000,0.000000,0.333333,0.014636884,0.014696982
1929,1929,left,0.403155091,0.215933465,0.931147267,0.000000,0.000000,0.000000,0.000000,0.333333,0.014637459,0.014696976
1929,1929,right,0.400661713,-0.316597087,0.926509685,0.000000,0.000000,0.000000,0.000000,0.333333,0.014636884,0.014696982
1930,1930,left,0.403155091,0.215933465,0.931147267,0.000000,0.000000,0.000000,0.000000,0.333333,0.014637459,0.014696976
1930,1930,right,0.400661713,-0.316597087,0.926509685,0.000000,0.000000,0.000000,0.000000,0.333333,0.014636884,0.014696982
1931,1931,left,0.403155091,0.215933465,0.931147267,0.000000,0.000000,0.000000,0.000000,0.333333,0.014637459,0.014696976
1931,1931,right,0.400661713,-0.316597087,0.926509685,0.000000,0.000000,0.000000,0.000000,0.333333,0.014636884,0.014696982
1932,1932,left,0.403155091,0.215933465,0.931147267,0.000000,0.000000,0.000000,0.000000,0.333333,0.014637459,0.014696976
1932,1932,right,0.400661713,-0.316597087,0.926509685,0.000000,0.000000,0.000000,0.000000,0.333333,0.014636884,0.014696982
1933,1933,left,0.403155091,0.215933465,0.931147267,0.000000,0.000000,0.000000,0.000000,0.333333,0.014637459,0.014696976
1933,1933,right,0.400661713,-0.316597087,0.926509685,0.000000,0.000000,0.000000,0.000000,0.333333,0.014636884,0.014696982
1934,1934,left,0.403155091,0.215933465,0.931147267,0.000000,0.000000,0.000000,0.000000,0.333333,0.014637459,0.014696976
1934,1934,right,0.400661713,-0.316597087,0.926509685,0.000000,0.000000,0.000000,0.000000,0.333333,0.014636884,0.014696982
1935,1935,left,0.403155091,0.215933465,0.931147267,0.000000,0.000000,0.000000,0.000000,0.333333,0.014637459,0.014696976
1935,1935,right,0.400661713,-0.316597087,0.926509685,0.000000,0.000000,0.000000,0.000000,0.333333,0.014636884,0.014696982
1936,1936,left,0.403155091,0.215933465,0.931147267,0.000000,0.000000,0.000000,0.000000,0.333333,0.014637459,0.014696976
1936,1936,right,0.400661713,-0.316597087,0.926509685,0.000000,0.000000,0.000000,0.000000,0.333333,0.014636884,0.014696982
1937,1937,left,0.403155091,0.215933465,0.931147267,0.000000,0.000000,0.000000,0.000000,0.333333,0.014637459,0.014696976
1937,1937,right,0.400661713,-0.316597087,0.926509685,0.000000,0.000000,0.000000,0.000000,0.333333,0.014636884,0.014696982
1938,1938,left,0.403155091,0.215933465,0.931147267,0.000000,0.000000,0.000000,0.000000,0.333333,0.014637459,0.014696976
1938,1938,right,0.400661713,-0.316597087,0.926509685,0.000000,0.000000,0.000000,0.000000,0.333333,0.014636884,0.014696982
1939,1939,left,0.403155091,0.215933465,0.931147267,0.000000,0.000000,0.000000,0.000000,0.333333,0.014637459,0.014696976
1939,1939,right,0.400661713,-0.316597087,0.926509685,0.000000,0.000000,0.000000,0.000000,0.333333,0.014636884,0.014696982
