source_frame,trajectory_index,hand,tcp_x_m,tcp_y_m,tcp_z_m,step_dx_mm,step_dy_mm,step_dz_mm,step_dxy_mm,openness,finger_q0_m,finger_q1_m
0,0,left,0.412231280,0.258080110,1.054322052,nan,nan,nan,nan,0.999982,0.043996893,0.044001624
0,0,right,0.407853491,-0.248389145,1.071531845,nan,nan,nan,nan,0.828978,0.036474425,0.036475435
1,1,left,0.412231280,0.258080110,1.054322052,0.000000,0.000000,0.000000,0.000000,0.999982,0.043997671,0.044000849
1,1,right,0.407853491,-0.248389145,1.071531845,0.000000,0.000000,0.000000,0.000000,0.828982,0.036474764,0.036475487
2,2,left,0.412231592,0.258071281,1.054284159,0.000312,-0.008830,-0.037893,0.008835,0.999982,0.043997671,0.044000849
2,2,right,0.407862217,-0.248392020,1.071492197,0.008726,-0.002875,-0.039648,0.009187,0.829013,0.036476117,0.036476836
3,3,left,0.412229194,0.258048644,1.054198743,-0.002398,-0.022636,-0.085416,0.022763,0.999982,0.043997668,0.044000857
3,3,right,0.407883013,-0.248399462,1.071401612,0.020796,-0.007443,-0.090585,0.022088,0.829094,0.036479682,0.036480397
4,4,left,0.412221645,0.258003639,1.054038265,-0.007548,-0.045005,-0.160479,0.045634,0.999982,0.043997664,0.044000864
4,4,right,0.407922986,-0.248414447,1.071231185,0.039973,-0.014984,-0.170427,0.042689,0.829247,0.036486428,0.036487136
5,5,left,0.412204862,0.257928760,1.053781702,-0.016783,-0.074879,-0.256562,0.076736,0.999982,0.043997657,0.044000875
5,5,right,0.407987733,-0.248439408,1.070959648,0.064746,-0.024962,-0.271537,0.069391,0.829493,0.036497232,0.036497928
6,6,left,0.412126572,0.257781722,1.053433712,-0.078290,-0.147039,-0.347990,0.166582,0.999982,0.043997649,0.044000905
6,6,right,0.408082484,-0.248476905,1.070567093,0.094752,-0.037496,-0.392555,0.101901,0.829848,0.036512882,0.036513560
7,7,left,0.412040768,0.257602881,1.052941196,-0.085804,-0.178841,-0.492516,0.198359,0.999982,0.043997634,0.044000939
7,7,right,0.408211808,-0.248529318,1.070035031,0.129324,-0.052413,-0.532062,0.139541,0.830329,0.036534064,0.036534719
8,8,left,0.411892117,0.257350067,1.052306499,-0.148652,-0.252815,-0.634697,0.293279,0.999983,0.043997623,0.044000987
8,8,right,0.408379660,-0.248598546,1.069349357,0.167852,-0.069228,-0.685674,0.181568,0.830950,0.036561407,0.036562033
9,9,left,0.411738470,0.257056357,1.051513131,-0.153647,-0.293710,-0.793368,0.331471,0.999983,0.043997601,0.044001043
9,9,right,0.408620167,-0.248716975,1.068538265,0.240507,-0.118429,-0.811092,0.268084,0.831723,0.036595449,0.036596030
10,10,left,0.411556068,0.256702525,1.050551025,-0.182402,-0.353832,-0.962106,0.398080,0.999983,0.043997575,0.044001114
10,10,right,0.408896073,-0.248840646,1.067515189,0.275905,-0.123671,-1.023076,0.302354,0.832658,0.036636624,0.036637161
11,11,left,0.411338234,0.256282963,1.049411270,-0.217834,-0.419562,-1.139755,0.472741,0.999983,0.043997541,0.044001199
11,11,right,0.409216985,-0.248982683,1.066302348,0.320912,-0.142037,-1.212841,0.350940,0.833764,0.036685318,0.036685809
12,12,left,0.411081962,0.255794667,1.048085348,-0.256272,-0.488296,-1.325922,0.551460,0.999983,0.043997500,0.044001304
12,12,right,0.409587899,-0.249146992,1.064891609,0.370914,-0.164310,-1.410739,0.405679,0.835048,0.036741830,0.036742285
13,13,left,0.410747546,0.255208062,1.046566836,-0.334416,-0.586605,-1.518512,0.675233,0.999983,0.043997452,0.044001430
13,13,right,0.410011830,-0.249335647,1.063276991,0.423930,-0.188654,-1.614619,0.464012,0.836515,0.036806405,0.036806818
14,14,left,0.410441457,0.254599386,1.044851014,-0.306089,-0.608675,-1.715822,0.681305,0.999983,0.043997381,0.044001579
14,14,right,0.410535186,-0.249574689,1.061459379,0.523357,-0.239042,-1.817612,0.575364,0.838169,0.036879204,0.036879592
15,15,left,0.410028144,0.253861583,1.042934510,-0.413314,-0.737803,-1.916504,0.845684,0.999983,0.043997295,0.044001758
15,15,right,0.411086518,-0.249819957,1.059423112,0.551331,-0.245269,-2.036267,0.603426,0.840012,0.036960326,0.036960702
16,16,left,0.409604446,0.253074309,1.040814635,-0.423697,-0.787274,-2.119876,0.894047,0.999984,0.043997180,0.044001974
16,16,right,0.411689880,-0.250088597,1.057170964,0.603363,-0.268639,-2.252147,0.660465,0.842046,0.037049815,0.037050206
17,17,left,0.409142228,0.252213578,1.038491528,-0.462219,-0.860731,-2.323107,0.976987,0.999984,0.043997034,0.044002231
17,17,right,0.412350181,-0.250382966,1.054702955,0.660300,-0.294369,-2.468009,0.722945,0.844269,0.037147645,0.037148081
18,18,left,0.408639630,0.251277884,1.035964941,-0.502597,-0.935694,-2.526587,1.062133,0.999984,0.043996844,0.044002544
18,18,right,0.413068061,-0.250703073,1.052019868,0.717881,-0.320107,-2.683087,0.786016,0.846681,0.037253745,0.037254259
19,19,left,0.408096985,0.250268052,1.033236871,-0.542645,-1.009831,-2.728069,1.146396,0.999984,0.043996602,0.044002917
19,19,right,0.413887964,-0.251064553,1.049122678,0.819903,-0.361481,-2.897190,0.896052,0.849279,0.037367981,0.037368629
20,20,left,0.407515021,0.249185180,1.030310500,-0.581964,-1.082872,-2.926371,1.229347,0.999985,0.043996297,0.044003367
20,20,right,0.414728312,-0.251436853,1.046015063,0.840348,-0.372299,-3.107615,0.919125,0.852058,0.037490178,0.037491009
21,21,left,0.406894852,0.248030782,1.027189442,-0.620170,-1.154399,-3.121059,1.310438,0.999985,0.043995909,0.044003900
21,21,right,0.415621198,-0.251833078,1.042701102,0.892886,-0.396225,-3.313961,0.976852,0.855013,0.037620105,0.037621181
22,22,left,0.406237609,0.246806443,1.023878617,-0.657243,-1.224338,-3.310825,1.389594,0.999985,0.043995433,0.044004537
22,22,right,0.416568040,-0.252253016,1.039186587,0.946842,-0.419938,-3.514515,1.035788,0.858138,0.037757494,0.037758879
23,23,left,0.405544742,0.245514787,1.020384584,-0.692867,-1.291656,-3.494032,1.465756,0.999986,0.043994848,0.044005282
23,23,right,0.417567221,-0.252696069,1.035477405,0.999181,-0.443053,-3.709181,1.093005,0.861427,0.037902031,0.037903801
24,24,left,0.404817726,0.244158226,1.016713504,-0.727016,-1.356561,-3.671080,1.539094,0.999986,0.043994144,0.044006154
24,24,right,0.418616678,-0.253161145,1.031581600,1.049457,-0.465076,-3.895805,1.147892,0.864871,0.038053364,0.038055599
25,25,left,0.404058057,0.242739641,1.012874057,-0.759669,-1.418585,-3.839447,1.609186,0.999986,0.043993313,0.044007160
25,25,right,0.419714447,-0.253647281,1.027506900,1.097768,-0.486136,-4.074701,1.200593,0.868462,0.038211111,0.038213879
26,26,left,0.403267633,0.241262527,1.008874507,-0.790424,-1.477114,-3.999551,1.675302,0.999987,0.043992337,0.044008303
26,26,right,0.420857864,-0.254153158,1.023262342,1.143418,-0.505877,-4.244557,1.250326,0.872190,0.038374849,0.038378224
27,27,left,0.402448203,0.239730534,1.004723630,-0.819430,-1.531993,-4.150877,1.737374,0.999987,0.043991219,0.044009596
27,27,right,0.422043980,-0.254677545,1.018858098,1.186116,-0.524387,-4.404245,1.296862,0.876044,0.038544133,0.038548183
28,28,left,0.401601844,0.238147512,1.000432085,-0.846359,-1.583022,-4.291545,1.795071,0.999988,0.043989956,0.044011030
28,28,right,0.423270061,-0.255219276,1.014304550,1.226081,-0.541731,-4.553548,1.340428,0.880015,0.038718484,0.038723271
29,29,left,0.400730761,0.236517653,0.996010448,-0.871083,-1.629859,-4.421638,1.848033,0.999988,0.043988548,0.044012602
29,29,right,0.424532865,-0.255776847,1.009613287,1.262805,-0.557572,-4.691263,1.380421,0.884090,0.038897410,0.038902979
30,30,left,0.399837245,0.234845625,0.991470101,-0.893516,-1.672028,-4.540347,1.895798,0.999988,0.043987006,0.044014301
30,30,right,0.425829028,-0.256348638,1.004795643,1.296163,-0.571791,-4.817644,1.416680,0.888257,0.039080385,0.039086778
31,31,left,0.398923787,0.233135853,0.986822379,-0.913458,-1.709773,-4.647722,1.938486,0.999989,0.043985341,0.044016112
31,31,right,0.427154917,-0.256933217,0.999864262,1.325889,-0.584579,-4.931380,1.449039,0.892505,0.039266884,0.039274115
32,32,left,0.397976103,0.231445125,0.982083395,-0.947684,-1.690728,-4.738984,1.938212,0.999989,0.043983620,0.044017963
32,32,right,0.428507040,-0.257528957,0.994832093,1.352123,-0.595740,-5.032170,1.477546,0.896820,0.039456338,0.039464414
33,33,left,0.397028426,0.229674621,0.977259042,-0.947677,-1.770503,-4.824353,2.008177,0.999990,0.043981779,0.044019934
33,33,right,0.429881643,-0.258134057,0.989712726,1.374603,-0.605100,-5.119367,1.501892,0.901190,0.039648186,0.039657094
34,34,left,0.396068913,0.227877107,0.972365064,-0.959513,-1.797515,-4.893978,2.037578,0.999990,0.043979879,0.044021942
34,34,right,0.431220562,-0.258739655,0.984545793,1.338918,-0.605598,-5.166933,1.469507,0.905600,0.039841853,0.039851550
35,35,left,0.395100348,0.226061750,0.967414416,-0.968565,-1.815356,-4.950648,2.057580,0.999991,0.043977953,0.044023965
35,35,right,0.432630963,-0.259359639,0.979293764,1.410402,-0.619985,-5.252029,1.540654,0.910037,0.040036738,0.040047195
36,36,left,0.394125585,0.224233778,0.962420317,-0.974763,-1.827972,-4.994099,2.071629,0.999991,0.043976039,0.044025969
36,36,right,0.434054520,-0.259984121,0.973993733,1.423557,-0.624482,-5.300031,1.554507,0.914489,0.040232256,0.040243421
37,37,left,0.393147585,0.222398866,0.957396488,-0.978000,-1.834913,-5.023830,2.079276,0.999992,0.043974154,0.044027917
37,37,right,0.435484595,-0.260611235,0.968662078,1.430074,-0.627114,-5.331655,1.561533,0.918940,0.040427804,0.040439606
38,38,left,0.392169162,0.220562072,0.952356816,-0.978423,-1.836794,-5.039671,2.081135,0.999992,0.043972336,0.044029791
38,38,right,0.436917068,-0.261239034,0.963312768,1.432473,-0.627799,-5.349310,1.564005,0.923378,0.040622782,0.040635146
39,39,left,0.391193025,0.218728651,0.947313835,-0.976138,-1.833420,-5.042981,2.077083,0.999993,0.043970607,0.044031557
39,39,right,0.438347729,-0.261865808,0.957960630,1.430661,-0.626774,-5.352138,1.561933,0.927788,0.040816598,0.040829439
40,40,left,0.390222114,0.216903647,0.942281960,-0.970911,-1.825004,-5.031875,2.067198,0.999993,0.043968990,0.044033192
40,40,right,0.439772449,-0.262490013,0.952620577,1.424720,-0.624205,-5.340053,1.555461,0.932158,0.041008648,0.041021887
41,41,left,0.389259223,0.215092271,0.937274287,-0.962891,-1.811376,-5.007673,2.051400,0.999993,0.043967508,0.044034686
41,41,right,0.441187070,-0.263109719,0.947306292,1.414621,-0.619706,-5.314285,1.544405,0.936473,0.041198350,0.041211903
42,42,left,0.388306891,0.213299341,0.932304150,-0.952332,-1.792930,-4.970137,2.030156,0.999994,0.043966170,0.044036020
42,42,right,0.442587877,-0.263723034,0.942032888,1.400808,-0.613314,-5.273404,1.529188,0.940720,0.041385129,0.041398913
43,43,left,0.387367796,0.211530015,0.927384631,-0.939096,-1.769326,-4.919519,2.003101,0.999994,0.043964989,0.044037178
43,43,right,0.443970593,-0.264328560,0.936813550,1.382715,-0.605526,-5.219337,1.509491,0.944888,0.041568413,0.041582353
44,44,left,0.386444581,0.209788874,0.922528852,-0.923214,-1.741141,-4.855778,1.970761,0.999995,0.043963976,0.044038165
44,44,right,0.445331661,-0.264924456,0.931662715,1.361069,-0.595896,-5.150835,1.485800,0.948963,0.041747667,0.041761689
45,45,left,0.385539559,0.208080857,0.917749326,-0.905023,-1.708017,-4.779527,1.932974,0.999995,0.043963123,0.044038977
45,45,right,0.446600603,-0.265502359,0.926631778,1.268941,-0.577903,-5.030938,1.394340,0.952933,0.041922349,0.041936386
46,46,left,0.384655219,0.206410297,0.913057913,-0.884340,-1.670559,-4.691413,1.890192,0.999996,0.043962434,0.044039614
46,46,right,0.447911603,-0.266074764,0.921654686,1.311000,-0.572405,-4.977092,1.430514,0.956788,0.042091958,0.042105962
47,47,left,0.383794048,0.204781920,0.908467209,-0.861170,-1.628378,-4.590703,1.842072,0.999996,0.043961905,0.044040091
47,47,right,0.449191589,-0.266633078,0.916783601,1.279986,-0.558314,-4.871084,1.396452,0.960516,0.042256009,0.042269927
48,48,left,0.382958108,0.203199653,0.903988076,-0.835941,-1.582266,-4.479133,1.789515,0.999996,0.043961518,0.044040412
48,48,right,0.450434622,-0.267175251,0.912031863,1.243032,-0.542172,-4.751739,1.356127,0.964106,0.042414054,0.042427845
49,49,left,0.382149341,0.201667875,0.899631326,-0.808767,-1.531779,-4.356751,1.732181,0.999997,0.043961272,0.044040591
49,49,right,0.451637895,-0.267700078,0.907411863,1.203274,-0.524827,-4.620000,1.312749,0.967551,0.042565662,0.042579293
50,50,left,0.381307226,0.200215981,0.895449858,-0.842115,-1.451894,-4.181467,1.678438,0.999997,0.043961160,0.044040635
50,50,right,0.452798259,-0.268206273,0.902934141,1.160364,-0.506195,-4.477721,1.265969,0.970839,0.042710450,0.042723894
51,51,left,0.380561681,0.198794181,0.891368541,-0.745545,-1.421800,-4.081317,1.605413,0.999997,0.043961138,0.044040576
51,51,right,0.453912990,-0.268692661,0.898609136,1.114730,-0.486388,-4.325005,1.216222,0.973965,0.042848065,0.042861305
52,52,left,0.379850773,0.197433060,0.887435964,-0.710908,-1.361121,-3.932577,1.535592,0.999998,0.043961216,0.044040427
52,52,right,0.454979716,-0.269158024,0.894446472,1.066726,-0.465364,-4.162664,1.163816,0.976920,0.042978194,0.042991214
53,53,left,0.379174053,0.196136420,0.883662635,-0.676720,-1.296639,-3.773330,1.462609,0.999998,0.043961369,0.044040196
53,53,right,0.455995889,-0.269601373,0.890453803,1.016174,-0.443349,-3.992669,1.108679,0.979699,0.043100562,0.043113362
54,54,left,0.378532721,0.194906961,0.880055555,-0.641331,-1.229459,-3.607080,1.386678,0.999998,0.043961588,0.044039901
54,54,right,0.456959445,-0.270021739,0.886639985,0.963555,-0.420366,-3.813818,1.051259,0.982297,0.043214947,0.043227520
55,55,left,0.377927907,0.193746992,0.876621557,-0.604814,-1.159969,-3.433998,1.308178,0.999998,0.043961857,0.044039559
55,55,right,0.457868499,-0.270418451,0.883010973,0.909055,-0.396711,-3.629012,0.991847,0.984708,0.043321170,0.043333516
56,56,left,0.377360659,0.192658493,0.873366052,-0.567248,-1.088499,-3.255505,1.227436,0.999999,0.043962162,0.044039182
56,56,right,0.458722047,-0.270790560,0.879573146,0.853548,-0.372110,-3.437827,0.931134,0.986932,0.043419104,0.043431230
57,57,left,0.376831998,0.191642972,0.870293636,-0.528661,-1.015521,-3.072416,1.144887,0.999999,0.043962494,0.044038787
57,57,right,0.459518204,-0.271137792,0.876330804,0.796157,-0.347231,-3.242342,0.868582,0.988966,0.043508679,0.043520592
58,58,left,0.376342202,0.190701908,0.867407832,-0.489796,-0.941064,-2.885804,1.060897,0.999999,0.043962833,0.044038381
58,58,right,0.460256119,-0.271459510,0.873287767,0.737915,-0.321719,-3.043037,0.804998,0.990809,0.043589875,0.043601587
59,59,left,0.375891592,0.189835863,0.864710432,-0.450610,-0.866045,-2.697400,0.976260,0.999999,0.043963175,0.044037975
59,59,right,0.460935339,-0.271755643,0.870446052,0.679220,-0.296133,-2.841715,0.740969,0.992463,0.043662731,0.043674253
60,60,left,0.375480320,0.189045139,0.862202754,-0.411271,-0.790724,-2.507678,0.891285,0.999999,0.043963514,0.044037580
60,60,right,0.461555781,-0.272026066,0.867807233,0.620442,-0.270423,-2.638819,0.676813,0.993930,0.043727357,0.043738700
61,61,left,0.375108671,0.188329696,0.859885554,-0.371649,-0.715443,-2.317200,0.806214,1.000000,0.043963835,0.044037201
61,61,right,0.462117456,-0.272270667,0.865371024,0.561675,-0.244601,-2.436209,0.612624,0.995214,0.043783914,0.043795101
62,62,left,0.374775743,0.187688899,0.857756288,-0.332927,-0.640797,-2.129266,0.722123,1.000000,0.043964144,0.044036850
62,62,right,0.462620341,-0.272489745,0.863135413,0.502885,-0.219079,-2.235611,0.548533,0.996320,0.043832645,0.043843683
63,63,left,0.374481186,0.187121209,0.855812743,-0.294558,-0.567690,-1.943544,0.639560,1.000000,0.043964427,0.044036523
63,63,right,0.463066069,-0.272683784,0.861098033,0.445728,-0.194039,-2.037380,0.486132,0.997255,0.043873847,0.043884754
64,64,left,0.374224079,0.186625107,0.854050539,-0.257106,-0.496102,-1.762204,0.558767,1.000000,0.043964684,0.044036228
64,64,right,0.463455873,-0.272853453,0.859254366,0.389804,-0.169668,-1.843667,0.425129,0.998028,0.043907907,0.043918699
65,65,left,0.374003110,0.186198338,0.852464307,-0.220970,-0.426769,-1.586233,0.480582,1.000000,0.043964911,0.044035964
65,65,right,0.463791361,-0.272999312,0.857597625,0.335488,-0.145859,-1.656741,0.365824,0.998649,0.043935277,0.043945968
66,66,left,0.373816704,0.185838032,0.851046786,-0.186406,-0.360306,-1.417521,0.405669,1.000000,0.043965109,0.044035736
66,66,right,0.464074741,-0.273122535,0.856121016,0.283380,-0.123224,-1.476609,0.309012,0.999130,0.043956492,0.043967098
67,67,left,0.373663072,0.185540481,0.849788964,-0.153632,-0.297551,-1.257821,0.334872,1.000000,0.043965276,0.044035543
67,67,right,0.464308724,-0.273224286,0.854814483,0.233983,-0.101750,-1.306533,0.255149,0.999485,0.043972161,0.043982692
68,68,left,0.373540127,0.185301665,0.848680802,-0.122944,-0.238816,-1.108162,0.268605,1.000000,0.043965418,0.044035386
68,68,right,0.464417903,-0.273299173,0.853702832,0.109179,-0.074887,-1.111651,0.132393,0.999731,0.043982986,0.043993458
69,69,left,0.373445276,0.185116932,0.847709704,-0.094851,-0.184733,-0.971098,0.207661,1.000000,0.043965530,0.044035260
69,69,right,0.464574641,-0.273363324,0.852708016,0.156738,-0.064151,-0.994817,0.169358,0.999884,0.043989751,0.044000175
70,70,left,0.373375384,0.184980460,0.846862402,-0.069892,-0.136471,-0.847302,0.153327,1.000000,0.043965615,0.044035163
70,70,right,0.464698192,-0.273411232,0.851841529,0.123551,-0.047908,-0.866486,0.132514,0.999965,0.043993328,0.044003718
71,71,left,0.373288761,0.184899294,0.846187398,-0.086622,-0.081166,-0.675004,0.118707,1.000000,0.043965671,0.044035096
71,71,right,0.464786884,-0.273444614,0.851089114,0.088692,-0.033382,-0.752415,0.094767,0.999996,0.043994691,0.044005051
72,72,left,0.373263997,0.184838320,0.845545384,-0.024765,-0.060973,-0.642013,0.065811,1.000000,0.043965716,0.044035047
72,72,right,0.464845570,-0.273465797,0.850432131,0.058685,-0.021184,-0.656983,0.062392,1.000000,0.043994896,0.044005238
73,73,left,0.373256290,0.184804232,0.844965855,-0.007707,-0.034088,-0.579529,0.034949,1.000000,0.043965742,0.044035014
73,73,right,0.464879890,-0.273477143,0.849850375,0.034320,-0.011345,-0.581756,0.036147,1.000000,0.043994904,0.044005230
74,74,left,0.373256688,0.184790256,0.844434534,0.000398,-0.013976,-0.531320,0.013982,1.000000,0.043965761,0.044034995
74,74,right,0.464895908,-0.273481756,0.849319899,0.016018,-0.004613,-0.530476,0.016669,1.000000,0.043994911,0.044005223
75,75,left,0.373259530,0.184787175,0.843930094,0.002842,-0.003081,-0.504440,0.004192,1.000000,0.043965772,0.044034984
75,75,right,0.464901314,-0.273482695,0.848816570,0.005406,-0.000939,-0.503328,0.005487,1.000000,0.043994915,0.044005219
76,76,left,0.373260335,0.184786928,0.843429891,0.000804,-0.000247,-0.500203,0.000841,1.000000,0.043965787,0.044034973
76,76,right,0.464902027,-0.273482748,0.848316636,0.000714,-0.000053,-0.499934,0.000716,1.000000,0.043994918,0.044005215
77,77,left,0.373260445,0.184786842,0.842928070,0.000111,-0.000086,-0.501821,0.000140,1.000000,0.043965798,0.044034958
77,77,right,0.464902199,-0.273482756,0.847814265,0.000171,-0.000008,-0.502371,0.000172,1.000000,0.043994922,0.044005211
78,78,left,0.373260329,0.184786865,0.842421118,-0.000117,0.000023,-0.506952,0.000119,1.000000,0.043965809,0.044034947
78,78,right,0.464902272,-0.273482797,0.847307013,0.000073,-0.000042,-0.507252,0.000084,1.000000,0.043994926,0.044005208
79,79,left,0.373260225,0.184786937,0.841906918,-0.000103,0.000072,-0.514200,0.000126,1.000000,0.043965824,0.044034932
79,79,right,0.464902221,-0.273482768,0.846792193,-0.000051,0.000029,-0.514820,0.000059,1.000000,0.043994930,0.044005204
80,80,left,0.373259918,0.184786921,0.841383460,-0.000307,-0.000016,-0.523458,0.000308,1.000000,0.043965839,0.044034917
80,80,right,0.464902126,-0.273482802,0.846267587,-0.000096,-0.000034,-0.524606,0.000102,1.000000,0.043994933,0.044005197
81,81,left,0.373259580,0.184786958,0.840848953,-0.000338,0.000037,-0.534507,0.000340,1.000000,0.043965854,0.044034902
81,81,right,0.464902135,-0.273482775,0.845732252,0.000010,0.000027,-0.535335,0.000029,1.000000,0.043994941,0.044005193
82,82,left,0.373259242,0.184787092,0.840301736,-0.000338,0.000134,-0.547218,0.000364,1.000000,0.043965872,0.044034883
82,82,right,0.464902128,-0.273482752,0.845183866,-0.000007,0.000023,-0.548386,0.000024,1.000000,0.043994945,0.044005189
83,83,left,0.373258818,0.184787151,0.839740253,-0.000424,0.000059,-0.561483,0.000428,1.000000,0.043965887,0.044034868
83,83,right,0.464901979,-0.273482752,0.844621437,-0.000149,0.000000,-0.562429,0.000149,1.000000,0.043994948,0.044005182
84,84,left,0.373258340,0.184787244,0.839163757,-0.000477,0.000092,-0.576496,0.000486,1.000000,0.043965906,0.044034846
84,84,right,0.464901881,-0.273482790,0.844043795,-0.000098,-0.000037,-0.577641,0.000105,1.000000,0.043994956,0.044005178
85,85,left,0.373258110,0.184787253,0.838571402,-0.000230,0.000009,-0.592355,0.000230,1.000000,0.043965928,0.044034828
85,85,right,0.464901723,-0.273482869,0.843449782,-0.000158,-0.000079,-0.594013,0.000177,1.000000,0.043994959,0.044005174
86,86,left,0.373276807,0.184782193,0.837876737,0.018696,-0.005060,-0.694665,0.019369,1.000000,0.043965954,0.044034801
86,86,right,0.464901624,-0.273482878,0.842838959,-0.000099,-0.000009,-0.610823,0.000100,1.000000,0.043994967,0.044005167
87,87,left,0.373261202,0.184786561,0.837322278,-0.015605,0.004368,-0.554459,0.016205,1.000000,0.043965973,0.044034783
87,87,right,0.464901537,-0.273482846,0.842210578,-0.000087,0.000032,-0.628381,0.000093,1.000000,0.043994971,0.044005159
88,88,left,0.373277002,0.184782108,0.836599390,0.015801,-0.004453,-0.722889,0.016416,1.000000,0.043966003,0.044034753
88,88,right,0.464901498,-0.273482714,0.841565118,-0.000039,0.000132,-0.645461,0.000138,1.000000,0.043994978,0.044005156
89,89,left,0.373260465,0.184786648,0.836014721,-0.016537,0.004540,-0.584668,0.017149,1.000000,0.043966025,0.044034731
89,89,right,0.464901290,-0.273482855,0.840901230,-0.000208,-0.000141,-0.663887,0.000251,1.000000,0.043994986,0.044005148
90,90,left,0.373277195,0.184781937,0.835251330,0.016730,-0.004711,-0.763391,0.017380,1.000000,0.043966059,0.044034697
90,90,right,0.464901304,-0.273482830,0.840219762,0.000014,0.000025,-0.681468,0.000028,1.000000,0.043994993,0.044005141
91,91,left,0.373277960,0.184781748,0.834548652,0.000765,-0.000189,-0.702678,0.000788,1.000000,0.043966088,0.044034667
91,91,right,0.464901273,-0.273482834,0.839520542,-0.000031,-0.000004,-0.699220,0.000031,1.000000,0.043995000,0.044005133
92,92,left,0.373278164,0.184781663,0.833830618,0.000204,-0.000086,-0.718034,0.000221,1.000000,0.043966118,0.044034634
92,92,right,0.464901367,-0.273482816,0.838804322,0.000094,0.000018,-0.716220,0.000095,1.000000,0.043995008,0.044005126
93,93,left,0.373278351,0.184781619,0.833096297,0.000188,-0.000044,-0.734321,0.000193,1.000000,0.043966152,0.044034600
93,93,right,0.464901217,-0.273482814,0.838071077,-0.000150,0.000002,-0.733246,0.000150,1.000000,0.043995015,0.044005118
94,94,left,0.373278507,0.184781480,0.832345576,0.000156,-0.000139,-0.750721,0.000209,1.000000,0.043966189,0.044034563
94,94,right,0.464901301,-0.273482854,0.837321802,0.000084,-0.000040,-0.749275,0.000093,1.000000,0.043995023,0.044005111
95,95,left,0.373278823,0.184781345,0.831579863,0.000316,-0.000135,-0.765713,0.000343,1.000000,0.043966226,0.044034526
95,95,right,0.464901393,-0.273482843,0.836557193,0.000092,0.000012,-0.764609,0.000093,1.000000,0.043995034,0.044005100
96,96,left,0.373279003,0.184781295,0.830799516,0.000181,-0.000050,-0.780347,0.000187,1.000000,0.043966267,0.044034485
96,96,right,0.464901224,-0.273482832,0.835778155,-0.000169,0.000010,-0.779038,0.000169,1.000000,0.043995041,0.044005092
97,97,left,0.373279397,0.184781044,0.830006172,0.000394,-0.000251,-0.793344,0.000467,1.000000,0.043966308,0.044034444
97,97,right,0.464901566,-0.273482992,0.834985783,0.000342,-0.000160,-0.792372,0.000377,1.000000,0.043995049,0.044005085
98,98,left,0.373279690,0.184780929,0.829200638,0.000293,-0.000115,-0.805534,0.000315,1.000000,0.043966353,0.044034399
98,98,right,0.464901517,-0.273482818,0.834181095,-0.000049,0.000174,-0.804687,0.000180,1.000000,0.043995060,0.044005074
99,99,left,0.373280004,0.184780834,0.828384005,0.000314,-0.000095,-0.816633,0.000328,1.000000,0.043966398,0.044034351
99,99,right,0.464909739,-0.273483393,0.833276699,0.008222,-0.000575,-0.904397,0.008242,1.000000,0.043995071,0.044005062
100,100,left,0.373280307,0.184780714,0.827557847,0.000303,-0.000119,-0.826158,0.000325,1.000000,0.043966446,0.044034302
100,100,right,0.464903171,-0.273483013,0.832529688,-0.006568,0.000380,-0.747011,0.006579,1.000000,0.043995079,0.044005055
101,101,left,0.373280804,0.184780482,0.826723396,0.000498,-0.000232,-0.834451,0.000549,1.000000,0.043966498,0.044034254
101,101,right,0.464910401,-0.273483417,0.831614556,0.007230,-0.000404,-0.915132,0.007241,1.000000,0.043995090,0.044005044
102,102,left,0.373281238,0.184780332,0.825882307,0.000434,-0.000150,-0.841089,0.000459,1.000000,0.043966550,0.044034202
102,102,right,0.464903592,-0.273483056,0.830854540,-0.006809,0.000360,-0.760015,0.006818,1.000000,0.043995101,0.044005033
103,103,left,0.373281787,0.184780106,0.825035882,0.000549,-0.000226,-0.846425,0.000593,1.000000,0.043966606,0.044034146
103,103,right,0.464910939,-0.273483449,0.829926210,0.007346,-0.000392,-0.928330,0.007357,1.000000,0.043995112,0.044005021
104,104,left,0.373282211,0.184779954,0.824186124,0.000425,-0.000152,-0.849758,0.000451,1.000000,0.043966662,0.044034090
104,104,right,0.464904538,-0.273483121,0.829158813,-0.006401,0.000327,-0.767398,0.006410,1.000000,0.043995123,0.044005010
105,105,left,0.373282766,0.184779603,0.823334194,0.000555,-0.000350,-0.851931,0.000656,1.000000,0.043966718,0.044034030
105,105,right,0.464911554,-0.273483654,0.828223408,0.007017,-0.000532,-0.935405,0.007037,1.000000,0.043995135,0.044004999
106,106,left,0.373283222,0.184779564,0.822482052,0.000456,-0.000040,-0.852142,0.000458,1.000000,0.043966778,0.044033971
106,106,right,0.464905234,-0.273483212,0.827454416,-0.006320,0.000442,-0.768991,0.006335,1.000000,0.043995146,0.044004988
107,107,left,0.373283906,0.184779196,0.821631610,0.000684,-0.000368,-0.850441,0.000777,1.000000,0.043966837,0.044033911
107,107,right,0.464912309,-0.273483685,0.826519919,0.007074,-0.000474,-0.934498,0.007090,1.000000,0.043995157,0.044004977
108,108,left,0.373284306,0.184778988,0.820784351,0.000399,-0.000207,-0.847259,0.000450,1.000000,0.043966901,0.044033848
108,108,right,0.464906177,-0.273483271,0.825755570,-0.006132,0.000414,-0.764349,0.006146,1.000000,0.043995168,0.044004966
109,109,left,0.373284821,0.184778781,0.819941913,0.000515,-0.000207,-0.842438,0.000555,1.000000,0.043966964,0.044033784
109,109,right,0.464913056,-0.273483666,0.824829539,0.006879,-0.000394,-0.926031,0.006891,1.000000,0.043995183,0.044004951
110,110,left,0.373285448,0.184778561,0.819106477,0.000627,-0.000221,-0.835436,0.000664,1.000000,0.043967031,0.044033717
110,110,right,0.464907250,-0.273483447,0.824075986,-0.005806,0.000218,-0.753553,0.005810,1.000000,0.043995194,0.044004939
111,111,left,0.373286166,0.184778300,0.818279690,0.000718,-0.000261,-0.826787,0.000764,1.000000,0.043967094,0.044033654
111,111,right,0.464913479,-0.273483800,0.823165922,0.006229,-0.000352,-0.910064,0.006239,1.000000,0.043995205,0.044004928
112,112,left,0.373286809,0.184778050,0.817462956,0.000644,-0.000250,-0.816735,0.000691,1.000000,0.043967161,0.044033587
112,112,right,0.464908063,-0.273483445,0.822430184,-0.005417,0.000355,-0.735738,0.005428,1.000000,0.043995216,0.044004917
113,113,left,0.373287600,0.184777779,0.816658404,0.000791,-0.000271,-0.804552,0.000836,1.000000,0.043967228,0.044033520
113,113,right,0.464914294,-0.273483921,0.821544438,0.006232,-0.000476,-0.885745,0.006250,1.000000,0.043995228,0.044004906
114,114,left,0.373288266,0.184777525,0.815867614,0.000666,-0.000254,-0.790790,0.000713,1.000000,0.043967295,0.044033453
114,114,right,0.464909487,-0.273483544,0.820832167,-0.004807,0.000377,-0.712271,0.004822,1.000000,0.043995239,0.044004895
115,115,left,0.373288835,0.184777301,0.815092713,0.000569,-0.000225,-0.774901,0.000611,1.000000,0.043967362,0.044033386
115,115,right,0.464909265,-0.273483655,0.820064635,-0.000222,-0.000110,-0.767532,0.000248,1.000000,0.043995250,0.044004884
116,116,left,0.373289521,0.184777039,0.814334394,0.000686,-0.000262,-0.758319,0.000735,1.000000,0.043967430,0.044033319
116,116,right,0.464909766,-0.273483697,0.819305994,0.000501,-0.000043,-0.758641,0.000503,1.000000,0.043995261,0.044004872
117,117,left,0.373290251,0.184776778,0.813595273,0.000730,-0.000261,-0.739121,0.000775,1.000000,0.043967493,0.044033252
117,117,right,0.464910339,-0.273483776,0.818564581,0.000573,-0.000079,-0.741413,0.000579,1.000000,0.043995272,0.044004858
118,118,left,0.373290847,0.184776556,0.812876543,0.000596,-0.000222,-0.718730,0.000636,1.000000,0.043967560,0.044033188
118,118,right,0.464911029,-0.273483825,0.817843635,0.000690,-0.000049,-0.720945,0.000691,1.000000,0.043995284,0.044004850
119,119,left,0.373291371,0.184776348,0.812179511,0.000524,-0.000208,-0.697031,0.000564,1.000000,0.043967623,0.044033121
119,119,right,0.464911654,-0.273483760,0.817144251,0.000625,0.000065,-0.699385,0.000628,1.000000,0.043995295,0.044004839
120,120,left,0.373292204,0.184776182,0.811505958,0.000833,-0.000166,-0.673553,0.000849,1.000000,0.043967687,0.044033058
120,120,right,0.464912247,-0.273483926,0.816467931,0.000593,-0.000165,-0.676319,0.000616,1.000000,0.043995306,0.044004828
121,121,left,0.373292892,0.184775833,0.810856677,0.000688,-0.000350,-0.649281,0.000772,1.000000,0.043967750,0.044032998
121,121,right,0.464913030,-0.273483897,0.815816435,0.000784,0.000029,-0.651496,0.000784,1.000000,0.043995317,0.044004817
122,122,left,0.373293516,0.184775633,0.810233415,0.000624,-0.000200,-0.623262,0.000655,1.000000,0.043967810,0.044032935
122,122,right,0.464913750,-0.273484061,0.815190358,0.000720,-0.000164,-0.626077,0.000739,1.000000,0.043995328,0.044004805
123,123,left,0.373294080,0.184775462,0.809636892,0.000564,-0.000170,-0.596523,0.000589,1.000000,0.043967869,0.044032879
123,123,right,0.464914251,-0.273484106,0.814590980,0.000501,-0.000045,-0.599378,0.000503,1.000000,0.043995336,0.044004798
124,124,left,0.373284045,0.184777686,0.809149274,-0.010034,0.002224,-0.487618,0.010278,1.000000,0.043967914,0.044032831
124,124,right,0.464914904,-0.273484042,0.814019587,0.000652,0.000064,-0.571393,0.000655,1.000000,0.043995347,0.044004787
125,125,left,0.373295254,0.184774937,0.808531975,0.011209,-0.002749,-0.617299,0.011541,1.000000,0.043967977,0.044032767
125,125,right,0.464915426,-0.273484121,0.813477597,0.000523,-0.000079,-0.541991,0.000529,1.000000,0.043995354,0.044004779
126,126,left,0.373286702,0.184776813,0.808092879,-0.008553,0.001876,-0.439096,0.008756,1.000000,0.043968022,0.044032723
126,126,right,0.464915989,-0.273484170,0.812964854,0.000562,-0.000049,-0.512742,0.000564,1.000000,0.043995362,0.044004772
127,127,left,0.373285914,0.184776924,0.807621731,-0.000787,0.000111,-0.471148,0.000795,1.000000,0.043968070,0.044032674
127,127,right,0.464916434,-0.273484304,0.812482479,0.000445,-0.000133,-0.482376,0.000465,1.000000,0.043995369,0.044004761
128,128,left,0.373286771,0.184776625,0.807170642,0.000857,-0.000299,-0.451089,0.000908,1.000000,0.043968115,0.044032630
128,128,right,0.464916937,-0.273484269,0.812031021,0.000502,0.000034,-0.451458,0.000503,1.000000,0.043995377,0.044004753
129,129,left,0.373288271,0.184776130,0.806749297,0.001500,-0.000495,-0.421346,0.001579,1.000000,0.043968160,0.044032585
129,129,right,0.464917609,-0.273484323,0.811611081,0.000672,-0.000053,-0.419940,0.000675,1.000000,0.043995384,0.044004750
130,130,left,0.373289489,0.184775840,0.806358743,0.001217,-0.000290,-0.390554,0.001252,1.000000,0.043968201,0.044032544
130,130,right,0.464917962,-0.273484337,0.811222694,0.000353,-0.000015,-0.388388,0.000353,1.000000,0.043995392,0.044004742
131,131,left,0.373290754,0.184775487,0.806000153,0.001266,-0.000353,-0.358590,0.001314,1.000000,0.043968238,0.044032507
131,131,right,0.464918437,-0.273484390,0.810866265,0.000475,-0.000053,-0.356429,0.000478,1.000000,0.043995399,0.044004735
132,132,left,0.373291944,0.184775224,0.805673114,0.001189,-0.000262,-0.327039,0.001218,1.000000,0.043968271,0.044032469
132,132,right,0.464918526,-0.273484397,0.810540812,0.000090,-0.000007,-0.325453,0.000090,1.000000,0.043995403,0.044004731
133,133,left,0.373293117,0.184774973,0.805377114,0.001173,-0.000251,-0.296000,0.001200,1.000000,0.043968305,0.044032440
133,133,right,0.464919003,-0.273484279,0.810247137,0.000477,0.000118,-0.293675,0.000491,1.000000,0.043995406,0.044004723
134,134,left,0.373294156,0.184774748,0.805112221,0.001039,-0.000226,-0.264893,0.001063,1.000000,0.043968335,0.044032410
134,134,right,0.464919483,-0.273484354,0.809984451,0.000480,-0.000074,-0.262686,0.000486,1.000000,0.043995414,0.044004720
135,135,left,0.373295297,0.184774427,0.804877590,0.001141,-0.000321,-0.234631,0.001186,1.000000,0.043968357,0.044032384
135,135,right,0.464919636,-0.273484479,0.809751852,0.000153,-0.000126,-0.232599,0.000198,1.000000,0.043995418,0.044004716
136,136,left,0.373296184,0.184774189,0.804672523,0.000886,-0.000238,-0.205067,0.000918,1.000000,0.043968379,0.044032361
136,136,right,0.464920010,-0.273484384,0.809548964,0.000374,0.000095,-0.202889,0.000386,1.000000,0.043995421,0.044004712
137,137,left,0.373297232,0.184773937,0.804495832,0.001048,-0.000252,-0.176691,0.001078,1.000000,0.043968402,0.044032343
137,137,right,0.464920234,-0.273484398,0.809374335,0.000224,-0.000014,-0.174628,0.000224,1.000000,0.043995421,0.044004709
138,138,left,0.373298231,0.184773788,0.804346180,0.000999,-0.000149,-0.149652,0.001010,1.000000,0.043968417,0.044032328
138,138,right,0.464920347,-0.273484407,0.809226720,0.000113,-0.000010,-0.147615,0.000113,1.000000,0.043995425,0.044004709
139,139,left,0.373298740,0.184773773,0.804222191,0.000509,-0.000015,-0.123989,0.000509,1.000000,0.043968432,0.044032313
139,139,right,0.464920388,-0.273484477,0.809104654,0.000041,-0.000069,-0.122066,0.000081,1.000000,0.043995429,0.044004705
140,140,left,0.373299535,0.184773487,0.804122447,0.000795,-0.000286,-0.099744,0.000845,1.000000,0.043968443,0.044032302
140,140,right,0.464920731,-0.273484494,0.809006558,0.000342,-0.000018,-0.098097,0.000343,1.000000,0.043995429,0.044004705
141,141,left,0.373299535,0.184773487,0.804122447,0.000000,0.000000,0.000000,0.000000,1.000000,0.043968443,0.044032302
141,141,right,0.464920731,-0.273484494,0.809006558,0.000000,0.000000,0.000000,0.000000,1.000000,0.043995429,0.044004705
142,142,left,0.373299225,0.184773572,0.803999760,-0.000310,0.000085,-0.122687,0.000322,1.000000,0.043968454,0.044032291
142,142,right,0.464920739,-0.273484484,0.808882534,0.000009,0.000011,-0.124024,0.000014,1.000000,0.043995433,0.044004701
143,143,left,0.373299225,0.184773572,0.803999760,0.000000,0.000000,0.000000,0.000000,1.000000,0.043968454,0.044032291
143,143,right,0.464920739,-0.273484484,0.808882534,0.000000,0.000000,0.000000,0.000000,1.000000,0.043995433,0.044004701
144,144,left,0.373299225,0.184773572,0.803999760,0.000000,0.000000,0.000000,0.000000,1.000000,0.043968454,0.044032291
144,144,right,0.464920739,-0.273484484,0.808882534,0.000000,0.000000,0.000000,0.000000,1.000000,0.043995433,0.044004701
145,145,left,0.373299225,0.184773572,0.803999760,0.000000,0.000000,0.000000,0.000000,1.000000,0.043968454,0.044032291
145,145,right,0.464920739,-0.273484484,0.808882534,0.000000,0.000000,0.000000,0.000000,1.000000,0.043995433,0.044004701
146,146,left,0.373300098,0.184773355,0.803914928,0.000873,-0.000218,-0.084833,0.000900,1.000000,0.043968465,0.044032279
146,146,right,0.464920739,-0.273484484,0.808882534,0.000000,0.000000,0.000000,0.000000,1.000000,0.043995433,0.044004701
147,147,left,0.373300098,0.184773355,0.803914928,0.000000,0.000000,0.000000,0.000000,1.000000,0.043968465,0.044032279
147,147,right,0.464920739,-0.273484484,0.808882534,0.000000,0.000000,0.000000,0.000000,1.000000,0.043995433,0.044004701
148,148,left,0.373300098,0.184773355,0.803914928,0.000000,0.000000,0.000000,0.000000,0.999974,0.043967310,0.044031125
148,148,right,0.464920739,-0.273484484,0.808882534,0.000000,0.000000,0.000000,0.000000,0.999974,0.043994278,0.044003546
149,149,left,0.373300098,0.184773355,0.803914928,0.000000,0.000000,0.000000,0.000000,0.999794,0.043959424,0.044023238
149,149,right,0.464920739,-0.273484484,0.808882534,0.000000,0.000000,0.000000,0.000000,0.999794,0.043986391,0.043995660
150,150,left,0.373300098,0.184773355,0.803914928,0.000000,0.000000,0.000000,0.000000,0.999321,0.043938592,0.044002406
150,150,right,0.464920739,-0.273484484,0.808882534,0.000000,0.000000,0.000000,0.000000,0.999321,0.043965559,0.043974828
151,151,left,0.373300098,0.184773355,0.803914928,0.000000,0.000000,0.000000,0.000000,0.998425,0.043899167,0.043962982
151,151,right,0.464920739,-0.273484484,0.808882534,0.000000,0.000000,0.000000,0.000000,0.998425,0.043926135,0.043935403
152,152,left,0.373300098,0.184773355,0.803914928,0.000000,0.000000,0.000000,0.000000,0.996990,0.043836035,0.043899849
152,152,right,0.464920739,-0.273484484,0.808882534,-0.000000,-0.000000,-0.000000,0.000000,0.996990,0.043863002,0.043872271
153,153,left,0.373300098,0.184773355,0.803914928,0.000000,0.000000,0.000000,0.000000,0.994912,0.043744605,0.043808419
153,153,right,0.464920739,-0.273484484,0.808882534,0.000000,0.000000,0.000000,0.000000,0.994912,0.043771572,0.043780841
154,154,left,0.373300098,0.184773355,0.803914928,0.000000,0.000000,0.000000,0.000000,0.992098,0.043620795,0.043684609
154,154,right,0.464920739,-0.273484484,0.808882534,0.000000,0.000000,0.000000,0.000000,0.992098,0.043647762,0.043657031
155,155,left,0.373300098,0.184773355,0.803914928,0.000000,0.000000,0.000000,0.000000,0.988467,0.043461021,0.043524835
155,155,right,0.464920739,-0.273484514,0.808882534,-0.000000,-0.000030,-0.000000,0.000030,0.988467,0.043487988,0.043497257
156,156,left,0.373300098,0.184773355,0.803914928,0.000000,0.000000,0.000000,0.000000,0.983948,0.043262161,0.043325979
156,156,right,0.464920739,-0.273484514,0.808882534,0.000000,0.000000,0.000000,0.000000,0.983948,0.043289132,0.043298401
157,157,left,0.373300098,0.184773355,0.803914928,0.000000,0.000000,0.000000,0.000000,0.978480,0.043021567,0.043085385
157,157,right,0.464920739,-0.273484514,0.808882534,0.000000,0.000000,0.000000,0.000000,0.978480,0.043048538,0.043057807
158,158,left,0.373300098,0.184773355,0.803914928,0.000000,0.000000,0.000000,0.000000,0.972013,0.042737022,0.042800840
158,158,right,0.464920739,-0.273484514,0.808882534,0.000000,0.000000,0.000000,0.000000,0.972013,0.042763993,0.042773262
159,159,left,0.373300153,0.184773426,0.803914944,0.000055,0.000071,0.000017,0.000090,0.964506,0.042406734,0.042470556
159,159,right,0.464920739,-0.273484514,0.808882534,0.000000,0.000000,0.000000,0.000000,0.964506,0.042433705,0.042442974
160,160,left,0.373300153,0.184773424,0.803914944,-0.000000,-0.000002,0.000000,0.000002,0.955929,0.042029325,0.042093147
160,160,right,0.464920739,-0.273484514,0.808882534,0.000000,0.000000,0.000000,0.000000,0.955929,0.042056296,0.042065565
161,161,left,0.373300153,0.184773424,0.803914944,0.000000,0.000000,0.000000,0.000000,0.946258,0.041603807,0.041667629
161,161,right,0.464920737,-0.273484571,0.808882544,-0.000002,-0.000057,0.000010,0.000057,0.946258,0.041630778,0.041640043
162,162,left,0.373300153,0.184773424,0.803914944,0.000000,0.000000,0.000000,0.000000,0.935480,0.041129574,0.041193396
162,162,right,0.464920737,-0.273484541,0.808882544,0.000000,0.000030,0.000000,0.000030,0.935480,0.041156549,0.041165810
163,163,left,0.373300103,0.184773439,0.803914916,-0.000051,0.000015,-0.000028,0.000053,0.923589,0.040606372,0.040670194
163,163,right,0.464920737,-0.273484541,0.808882544,-0.000000,-0.000000,-0.000000,0.000000,0.923589,0.040633347,0.040642608
164,164,left,0.373300103,0.184773442,0.803914916,0.000000,0.000004,-0.000000,0.000004,0.910587,0.040034298,0.040098120
164,164,right,0.464920808,-0.273484546,0.808882676,0.000071,-0.000004,0.000132,0.000071,0.910587,0.040061273,0.040070534
165,165,left,0.373300103,0.184773439,0.803914916,-0.000000,-0.000004,0.000000,0.000004,0.896484,0.039413769,0.039477598
165,165,right,0.464920808,-0.273484546,0.808882676,0.000000,0.000000,0.000000,0.000000,0.896484,0.039440747,0.039450008
166,166,left,0.373300103,0.184773442,0.803914916,0.000000,0.000004,-0.000000,0.000004,0.881297,0.038745526,0.038809355
166,166,right,0.464920828,-0.273484551,0.808882693,0.000019,-0.000005,0.000016,0.000020,0.881297,0.038772505,0.038781762
167,167,left,0.373300103,0.184773439,0.803914916,-0.000000,-0.000004,0.000000,0.000004,0.865049,0.038030595,0.038094424
167,167,right,0.464920828,-0.273484551,0.808882693,0.000000,0.000000,0.000000,0.000000,0.865049,0.038057577,0.038066830
168,168,left,0.373300103,0.184773439,0.803914916,0.000000,0.000000,0.000000,0.000000,0.847769,0.037270274,0.037334103
168,168,right,0.464920828,-0.273484551,0.808882693,0.000000,0.000000,0.000000,0.000000,0.847769,0.037297256,0.037306510
169,169,left,0.373300103,0.184773442,0.803914916,0.000000,0.000004,-0.000000,0.000004,0.829493,0.036466137,0.036529966
169,169,right,0.464920828,-0.273484551,0.808882693,0.000000,0.000000,0.000000,0.000000,0.829493,0.036493119,0.036502372
170,170,left,0.373300103,0.184773439,0.803914916,-0.000000,-0.000004,0.000000,0.000004,0.810262,0.035619993,0.035683822
170,170,right,0.464920808,-0.273484551,0.808882676,-0.000020,0.000000,-0.000017,0.000020,0.810262,0.035646979,0.035656225
171,171,left,0.373300103,0.184773442,0.803914916,0.000000,0.000004,-0.000000,0.000004,0.790123,0.034733888,0.034797724
171,171,right,0.464920808,-0.273484551,0.808882676,0.000000,0.000000,0.000000,0.000000,0.790123,0.034760877,0.034770124
172,172,left,0.373300103,0.184773442,0.803914916,0.000000,0.000000,0.000000,0.000000,0.769128,0.033810075,0.033873912
172,172,right,0.464920828,-0.273484551,0.808882693,0.000020,-0.000001,0.000017,0.000020,0.769128,0.033837065,0.033846311
173,173,left,0.373300153,0.184773424,0.803914944,0.000051,-0.000019,0.000028,0.000054,0.747331,0.032851011,0.032914847
173,173,right,0.464920828,-0.273484551,0.808882693,0.000000,0.000000,0.000000,0.000000,0.747331,0.032878004,0.032887243
174,174,left,0.373300153,0.184773424,0.803914944,0.000000,0.000000,0.000000,0.000000,0.724792,0.031859323,0.031923160
174,174,right,0.464920808,-0.273484551,0.808882676,-0.000020,0.000001,-0.000017,0.000020,0.724792,0.031886317,0.031895556
175,175,left,0.373300153,0.184773424,0.803914944,0.000000,0.000000,0.000000,0.000000,0.701576,0.030837808,0.030901646
175,175,right,0.464920828,-0.273484551,0.808882693,0.000020,-0.000001,0.000017,0.000020,0.701576,0.030864803,0.030874038
176,176,left,0.373300152,0.184773418,0.803914929,-0.000002,-0.000006,-0.000015,0.000006,0.677749,0.029789409,0.029853247
176,176,right,0.464920828,-0.273484551,0.808882693,-0.000000,-0.000000,0.000000,0.000000,0.677749,0.029816406,0.029825637
177,177,left,0.373300152,0.184773421,0.803914929,0.000000,0.000003,-0.000000,0.000003,0.653381,0.028717199,0.028781040
177,177,right,0.464920808,-0.273484551,0.808882676,-0.000020,0.000001,-0.000017,0.000020,0.653381,0.028744200,0.028753430
178,178,left,0.373300152,0.184773418,0.803914929,-0.000000,-0.000003,0.000000,0.000003,0.628544,0.027624369,0.027688211
178,178,right,0.464920808,-0.273484551,0.808882676,0.000000,0.000000,-0.000000,0.000000,0.628544,0.027651371,0.027660597
179,179,left,0.373300152,0.184773421,0.803914929,0.000000,0.000003,-0.000000,0.000003,0.603313,0.026514202,0.026578045
179,179,right,0.464920808,-0.273484551,0.808882676,0.000000,0.000000,0.000000,0.000000,0.603313,0.026541205,0.026550429
180,180,left,0.373300152,0.184773418,0.803914929,-0.000000,-0.000003,0.000000,0.000003,0.577764,0.025390072,0.025453914
180,180,right,0.464920808,-0.273484551,0.808882676,-0.000000,-0.000000,0.000000,0.000000,0.577764,0.025417076,0.025426297
181,181,left,0.373300177,0.184773489,0.803914946,0.000025,0.000071,0.000016,0.000075,0.551976,0.024255408,0.024319250
181,181,right,0.464920808,-0.273484551,0.808882676,0.000000,0.000000,-0.000000,0.000000,0.551976,0.024282414,0.024291631
182,182,left,0.373300177,0.184773489,0.803914946,0.000000,0.000000,0.000000,0.000000,0.526028,0.023113696,0.023177538
182,182,right,0.464920808,-0.273484551,0.808882676,0.000000,0.000000,0.000000,0.000000,0.526028,0.023140704,0.023149917
183,183,left,0.373300177,0.184773489,0.803914946,0.000000,0.000000,0.000000,0.000000,0.500000,0.021968452,0.022032294
183,183,right,0.464920805,-0.273484608,0.808882686,-0.000002,-0.000058,0.000010,0.000058,0.500000,0.021995462,0.022004671
184,184,left,0.373300177,0.184773489,0.803914946,0.000000,0.000000,0.000000,0.000000,0.473972,0.020823209,0.020887051
184,184,right,0.464920805,-0.273484608,0.808882686,0.000000,0.000000,0.000000,0.000000,0.473972,0.020850221,0.020859426
185,185,left,0.373300177,0.184773489,0.803914946,0.000000,0.000000,0.000000,0.000000,0.448024,0.019681497,0.019745339
185,185,right,0.464920807,-0.273484610,0.808882665,0.000002,-0.000002,-0.000021,0.000002,0.448024,0.019708510,0.019717712
186,186,left,0.373300177,0.184773489,0.803914946,0.000000,0.000000,0.000000,0.000000,0.422236,0.018546833,0.018610675
186,186,right,0.464920805,-0.273484608,0.808882686,-0.000002,0.000002,0.000021,0.000003,0.422236,0.018573849,0.018583046
187,187,left,0.373300177,0.184773489,0.803914946,0.000000,0.000000,0.000000,0.000000,0.396687,0.017422704,0.017486544
187,187,right,0.464920805,-0.273484608,0.808882686,-0.000000,-0.000000,0.000000,0.000000,0.396687,0.017449720,0.017458914
188,188,left,0.373300177,0.184773489,0.803914946,0.000000,0.000000,0.000000,0.000000,0.371456,0.016312540,0.016376380
188,188,right,0.464920805,-0.273484608,0.808882686,0.000000,0.000000,0.000000,0.000000,0.371456,0.016339557,0.016348748
189,189,left,0.373300175,0.184773477,0.803914969,-0.000002,-0.000012,0.000023,0.000013,0.346619,0.015219708,0.015283547
189,189,right,0.464920807,-0.273484610,0.808882665,0.000002,-0.000002,-0.000021,0.000003,0.346619,0.015246728,0.015255914
190,190,left,0.373300175,0.184773477,0.803914969,0.000000,0.000000,0.000000,0.000000,0.322251,0.014147500,0.014211338
190,190,right,0.464920805,-0.273484608,0.808882686,-0.000002,0.000002,0.000021,0.000003,0.322251,0.014174521,0.014183703
191,191,left,0.373300175,0.184773477,0.803914969,0.000000,0.000000,0.000000,0.000000,0.298424,0.013099101,0.013162939
191,191,right,0.464920805,-0.273484608,0.808882686,0.000000,0.000000,0.000000,0.000000,0.298424,0.013126125,0.013135303
192,192,left,0.373300175,0.184773477,0.803914969,0.000000,0.000000,0.000000,0.000000,0.275208,0.012077587,0.012141423
192,192,right,0.464920807,-0.273484610,0.808882665,0.000002,-0.000002,-0.000021,0.000003,0.275208,0.012104611,0.012113785
193,193,left,0.373300175,0.184773477,0.803914969,0.000000,0.000000,0.000000,0.000000,0.252669,0.011085900,0.011149735
193,193,right,0.464920805,-0.273484608,0.808882686,-0.000002,0.000002,0.000021,0.000003,0.252669,0.011112926,0.011122097
194,194,left,0.373300175,0.184773477,0.803914969,0.000000,0.000000,0.000000,0.000000,0.230872,0.010126836,0.010190669
194,194,right,0.464920805,-0.273484608,0.808882686,0.000000,0.000000,0.000000,0.000000,0.230872,0.010153862,0.010163030
195,195,left,0.373300175,0.184773477,0.803914969,0.000000,0.000000,0.000000,0.000000,0.209877,0.009203026,0.009266859
195,195,right,0.464920807,-0.273484610,0.808882665,0.000002,-0.000002,-0.000021,0.000003,0.209877,0.009230054,0.009239218
196,196,left,0.373300175,0.184773477,0.803914969,0.000000,0.000000,0.000000,0.000000,0.189738,0.008316923,0.008380754
196,196,right,0.464920805,-0.273484608,0.808882686,-0.000002,0.000002,0.000021,0.000003,0.189738,0.008343951,0.008353112
197,197,left,0.373300175,0.184773477,0.803914969,0.000000,0.000000,0.000000,0.000000,0.170507,0.007470782,0.007534612
197,197,right,0.464920805,-0.273484608,0.808882686,0.000000,0.000000,0.000000,0.000000,0.170507,0.007497811,0.007506969
198,198,left,0.373300175,0.184773477,0.803914969,0.000000,0.000000,0.000000,0.000000,0.152231,0.006666646,0.006730474
198,198,right,0.464920804,-0.273484696,0.808882686,-0.000001,-0.000088,-0.000000,0.000088,0.152231,0.006693676,0.006702831
199,199,left,0.373300175,0.184773477,0.803914969,0.000000,0.000000,0.000000,0.000000,0.134951,0.005906326,0.005970153
199,199,right,0.464920804,-0.273484696,0.808882686,0.000000,0.000000,0.000000,0.000000,0.134951,0.005933357,0.005942509
200,200,left,0.373300175,0.184773477,0.803914969,0.000000,0.000000,0.000000,0.000000,0.118703,0.005191393,0.005255218
200,200,right,0.464920804,-0.273484696,0.808882686,0.000000,0.000000,0.000000,0.000000,0.118703,0.005218424,0.005227573
201,201,left,0.373300175,0.184773477,0.803914969,0.000000,0.000000,0.000000,0.000000,0.103516,0.004523150,0.004586974
201,201,right,0.464920804,-0.273484696,0.808882686,0.000000,0.000000,0.000000,0.000000,0.103516,0.004550182,0.004559329
202,202,left,0.373300175,0.184773477,0.803914969,0.000000,0.000000,0.000000,0.000000,0.089413,0.003902626,0.003966448
202,202,right,0.464920804,-0.273484696,0.808882686,0.000000,0.000000,0.000000,0.000000,0.089413,0.003929658,0.003938803
203,203,left,0.373300150,0.184773405,0.803914953,-0.000025,-0.000071,-0.000017,0.000076,0.076411,0.003330553,0.003394374
203,203,right,0.464920806,-0.273484728,0.808882665,0.000002,-0.000032,-0.000021,0.000032,0.076411,0.003357586,0.003366728
204,204,left,0.373300150,0.184773405,0.803914953,0.000000,0.000000,0.000000,0.000000,0.064520,0.002807353,0.002871173
204,204,right,0.464920806,-0.273484728,0.808882665,0.000000,0.000000,0.000000,0.000000,0.064520,0.002834386,0.002843526
205,205,left,0.373300150,0.184773408,0.803914953,0.000000,0.000003,-0.000000,0.000003,0.053742,0.002333120,0.002396938
205,205,right,0.464920806,-0.273484728,0.808882665,0.000000,0.000000,0.000000,0.000000,0.053742,0.002360153,0.002369291
206,206,left,0.373300150,0.184773408,0.803914953,0.000000,0.000000,0.000000,0.000000,0.044071,0.001907603,0.001971421
206,206,right,0.464920806,-0.273484728,0.808882665,0.000000,0.000000,0.000000,0.000000,0.044071,0.001934637,0.001943774
207,207,left,0.373300150,0.184773408,0.803914953,0.000000,0.000000,0.000000,0.000000,0.035494,0.001530195,0.001594011
207,207,right,0.464920804,-0.273484696,0.808882686,-0.000002,0.000032,0.000021,0.000032,0.035494,0.001557229,0.001566364
208,208,left,0.373300150,0.184773408,0.803914953,0.000000,0.000000,0.000000,0.000000,0.027987,0.001199907,0.001263723
208,208,right,0.464920804,-0.273484696,0.808882686,0.000000,0.000000,0.000000,0.000000,0.027987,0.001226941,0.001236075
209,209,left,0.373300150,0.184773405,0.803914953,-0.000000,-0.000003,0.000000,0.000003,0.021520,0.000915360,0.000979175
209,209,right,0.464920804,-0.273484696,0.808882686,0.000000,0.000000,0.000000,0.000000,0.021520,0.000942395,0.000951527
210,210,left,0.373300150,0.184773405,0.803914953,0.000000,0.000000,0.000000,0.000000,0.016052,0.000674766,0.000738581
210,210,right,0.464920804,-0.273484696,0.808882686,0.000000,0.000000,0.000000,0.000000,0.016052,0.000701801,0.000710933
211,211,left,0.373300150,0.184773405,0.803914953,0.000000,0.000000,0.000000,0.000000,0.011533,0.000475911,0.000539725
211,211,right,0.464920806,-0.273484697,0.808882665,0.000002,-0.000002,-0.000021,0.000002,0.011533,0.000502945,0.000512076
212,212,left,0.373300150,0.184773405,0.803914953,0.000000,0.000000,0.000000,0.000000,0.007902,0.000316137,0.000379951
212,212,right,0.464920806,-0.273484697,0.808882665,0.000000,0.000000,0.000000,0.000000,0.007902,0.000343172,0.000352302
213,213,left,0.373300150,0.184773405,0.803914953,0.000000,0.000000,0.000000,0.000000,0.005088,0.000192330,0.000256143
213,213,right,0.464920806,-0.273484697,0.808882665,0.000000,0.000000,0.000000,0.000000,0.005088,0.000219365,0.000228495
214,214,left,0.373300150,0.184773405,0.803914953,0.000000,0.000000,0.000000,0.000000,0.003010,0.000100900,0.000164713
214,214,right,0.464920806,-0.273484697,0.808882665,0.000000,0.000000,0.000000,0.000000,0.003010,0.000127935,0.000137065
215,215,left,0.373300150,0.184773408,0.803914953,0.000000,0.000003,-0.000000,0.000003,0.001575,0.000037767,0.000101580
215,215,right,0.464920806,-0.273484697,0.808882665,0.000000,0.000000,0.000000,0.000000,0.001575,0.000064802,0.000073931
216,216,left,0.373300150,0.184773408,0.803914953,0.000000,0.000000,0.000000,0.000000,0.000679,-0.000001659,0.000062154
216,216,right,0.464920806,-0.273484697,0.808882665,0.000000,0.000000,0.000000,0.000000,0.000679,0.000025376,0.000034505
217,217,left,0.373300150,0.184773408,0.803914953,0.000000,0.000000,0.000000,0.000000,0.000206,-0.000022490,0.000041323
217,217,right,0.464920806,-0.273484697,0.808882665,0.000000,0.000000,0.000000,0.000000,0.000206,0.000004546,0.000013675
218,218,left,0.373300150,0.184773408,0.803914953,0.000000,0.000000,0.000000,0.000000,0.000026,-0.000030377,0.000033436
218,218,right,0.464920806,-0.273484697,0.808882665,0.000000,0.000000,0.000000,0.000000,0.000026,-0.000003342,0.000005787
219,219,left,0.373300150,0.184773408,0.803914953,0.000000,0.000000,0.000000,0.000000,0.000000,-0.000031532,0.000032281
219,219,right,0.464920806,-0.273484697,0.808882665,0.000000,0.000000,0.000000,0.000000,0.000000,-0.000004497,0.000004633
220,220,left,0.373300150,0.184773408,0.803914953,0.000000,0.000000,0.000000,0.000000,0.000000,-0.000031532,0.000032281
220,220,right,0.464920806,-0.273484697,0.808882665,0.000000,0.000000,0.000000,0.000000,0.000000,-0.000004497,0.000004633
221,221,left,0.373300150,0.184773408,0.803914953,0.000000,0.000000,0.000000,0.000000,0.000000,-0.000031532,0.000032281
221,221,right,0.464920806,-0.273484697,0.808882665,0.000000,0.000000,0.000000,0.000000,0.000000,-0.000004497,0.000004633
222,222,left,0.373300150,0.184773408,0.803914953,0.000000,0.000000,0.000000,0.000000,0.000000,-0.000031532,0.000032281
222,222,right,0.464920806,-0.273484697,0.808882665,0.000000,0.000000,0.000000,0.000000,0.000000,-0.000004497,0.000004633
223,223,left,0.373300150,0.184773408,0.803914953,0.000000,0.000000,0.000000,0.000000,0.000000,-0.000031532,0.000032281
223,223,right,0.464920806,-0.273484697,0.808882665,0.000000,0.000000,0.000000,0.000000,0.000000,-0.000004497,0.000004633
224,224,left,0.373303999,0.184772731,0.804002839,0.003850,-0.000676,0.087887,0.003909,0.000000,-0.000031541,0.000032290
224,224,right,0.464920806,-0.273484697,0.808882665,0.000000,0.000000,0.000000,0.000000,0.000000,-0.000004496,0.000004633
225,225,left,0.373304251,0.184772682,0.804088501,0.000252,-0.000050,0.085661,0.000257,0.000000,-0.000031550,0.000032299
225,225,right,0.464921533,-0.273484742,0.808984458,0.000728,-0.000045,0.101794,0.000729,0.000000,-0.000004498,0.000004634
226,226,left,0.373304582,0.184772756,0.804198307,0.000330,0.000074,0.109806,0.000338,0.000000,-0.000031562,0.000032311
226,226,right,0.464921236,-0.273484736,0.809097537,-0.000298,0.000006,0.113078,0.000298,0.000000,-0.000004500,0.000004636
227,227,left,0.373305256,0.184772629,0.804340373,0.000674,-0.000127,0.142066,0.000686,0.000000,-0.000031577,0.000032327
227,227,right,0.464921308,-0.273484637,0.809241953,0.000073,0.000099,0.144416,0.000123,0.000000,-0.000004502,0.000004639
228,228,left,0.373305805,0.184772523,0.804517369,0.000549,-0.000105,0.176997,0.000559,0.000000,-0.000031596,0.000032346
228,228,right,0.464921210,-0.273484724,0.809421708,-0.000098,-0.000087,0.179755,0.000131,0.000000,-0.000004506,0.000004642
229,229,left,0.373306573,0.184772422,0.804731968,0.000768,-0.000101,0.214599,0.000775,0.000000,-0.000031620,0.000032369
229,229,right,0.464921423,-0.273484599,0.809639306,0.000213,0.000125,0.217598,0.000247,0.000000,-0.000004509,0.000004645
230,230,left,0.373307427,0.184772379,0.804986460,0.000853,-0.000043,0.254492,0.000855,0.000000,-0.000031647,0.000032397
230,230,right,0.464921288,-0.273484606,0.809896491,-0.000135,-0.000007,0.257186,0.000136,0.000000,-0.000004513,0.000004650
231,231,left,0.373308045,0.184772312,0.805281937,0.000619,-0.000067,0.295476,0.000622,0.000000,-0.000031678,0.000032428
231,231,right,0.464921150,-0.273484609,0.810195015,-0.000138,-0.000003,0.298524,0.000138,0.000000,-0.000004518,0.000004655
232,232,left,0.373308840,0.184772284,0.805619685,0.000795,-0.000028,0.337749,0.000796,0.000000,-0.000031714,0.000032464
232,232,right,0.464920932,-0.273484581,0.810535960,-0.000218,0.000028,0.340945,0.000219,0.000000,-0.000004524,0.000004660
233,233,left,0.373309451,0.184772227,0.806001128,0.000611,-0.000057,0.381443,0.000613,0.000000,-0.000031755,0.000032505
233,233,right,0.464921026,-0.273484488,0.810920510,0.000094,0.000093,0.384550,0.000132,0.000000,-0.000004531,0.000004667
234,234,left,0.373310229,0.184772112,0.806425687,0.000778,-0.000115,0.424559,0.000786,0.000000,-0.000031799,0.000032549
234,234,right,0.464920908,-0.273484542,0.811348502,-0.000118,-0.000053,0.427991,0.000129,0.000000,-0.000004538,0.000004674
235,235,left,0.373311065,0.184772093,0.806894341,0.000836,-0.000019,0.468654,0.000836,0.000000,-0.000031848,0.000032598
235,235,right,0.464920809,-0.273484579,0.811820099,-0.000099,-0.000037,0.471598,0.000106,0.000000,-0.000004545,0.000004682
236,236,left,0.373301995,0.184773861,0.807491594,-0.009070,0.001768,0.597253,0.009240,0.000000,-0.000031911,0.000032662
236,236,right,0.464920713,-0.273484443,0.812335310,-0.000097,0.000136,0.515211,0.000167,0.000000,-0.000004554,0.000004690
237,237,left,0.373310372,0.184772222,0.807975945,0.008376,-0.001639,0.484352,0.008535,0.000000,-0.000031959,0.000032710
237,237,right,0.464920453,-0.273484555,0.812893192,-0.000259,-0.000112,0.557882,0.000283,0.000000,-0.000004563,0.000004699
238,238,left,0.373301505,0.184774212,0.808657934,-0.008867,0.001990,0.681989,0.009088,0.000000,-0.000032030,0.000032780
238,238,right,0.464920174,-0.273484383,0.813493159,-0.000280,0.000171,0.599967,0.000328,0.000000,-0.000004573,0.000004709
239,239,left,0.373300733,0.184774306,0.809305157,-0.000772,0.000094,0.647223,0.000777,0.000000,-0.000032094,0.000032845
239,239,right,0.464920117,-0.273484384,0.814134287,-0.000056,-0.000001,0.641128,0.000056,0.000000,-0.000004583,0.000004719
240,240,left,0.373300418,0.184774524,0.809989867,-0.000315,0.000218,0.684710,0.000383,0.000000,-0.000032162,0.000032913
240,240,right,0.464919919,-0.273484355,0.814815363,-0.000199,0.000029,0.681077,0.000201,0.000000,-0.000004594,0.000004730
241,241,left,0.373300105,0.184774734,0.810712045,-0.000313,0.000210,0.722178,0.000377,0.000000,-0.000032232,0.000032983
241,241,right,0.464919809,-0.273484354,0.815534298,-0.000109,0.000001,0.718934,0.000109,0.000000,-0.000004605,0.000004742
242,242,left,0.373299506,0.184774959,0.811470454,-0.000599,0.000225,0.758408,0.000640,0.000000,-0.000032304,0.000033056
242,242,right,0.464919751,-0.273484358,0.816289478,-0.000059,-0.000004,0.755180,0.000059,0.000000,-0.000004617,0.000004754
243,243,left,0.373299305,0.184775119,0.812263396,-0.000201,0.000160,0.792943,0.000256,0.000000,-0.000032378,0.000033130
243,243,right,0.464917228,-0.273484255,0.817168008,-0.002523,0.000103,0.878530,0.002525,0.000000,-0.000004631,0.000004768
244,244,left,0.373298963,0.184775344,0.813088083,-0.000342,0.000225,0.824686,0.000409,0.000000,-0.000032454,0.000033207
244,244,right,0.464919288,-0.273484231,0.817911102,0.002061,0.000024,0.743094,0.002061,0.000000,-0.000004643,0.000004779
245,245,left,0.373298462,0.184775486,0.813942718,-0.000501,0.000142,0.854636,0.000521,0.000000,-0.000032532,0.000033284
245,245,right,0.464916601,-0.273484193,0.818848356,-0.002687,0.000038,0.937254,0.002687,0.000000,-0.000004657,0.000004793
246,246,left,0.373297870,0.184775706,0.814824310,-0.000592,0.000221,0.881592,0.000632,0.000000,-0.000032610,0.000033362
246,246,right,0.464916219,-0.273484142,0.819731948,-0.000382,0.000051,0.883592,0.000385,0.000000,-0.000004671,0.000004807
247,247,left,0.373297540,0.184775848,0.815730938,-0.000329,0.000142,0.906628,0.000359,0.000000,-0.000032688,0.000033441
247,247,right,0.464915804,-0.273484122,0.820639175,-0.000415,0.000021,0.907227,0.000416,0.000000,-0.000004684,0.000004820
248,248,left,0.373297121,0.184776000,0.816659739,-0.000420,0.000152,0.928800,0.000446,0.000000,-0.000032767,0.000033520
248,248,right,0.464915392,-0.273484081,0.821568412,-0.000412,0.000040,0.929237,0.000414,0.000000,-0.000004698,0.000004834
249,249,left,0.373296696,0.184776234,0.817607828,-0.000425,0.000233,0.948089,0.000485,0.000000,-0.000032845,0.000033599
249,249,right,0.464915067,-0.273484062,0.822516815,-0.000325,0.000019,0.948403,0.000325,0.000000,-0.000004712,0.000004848
250,250,left,0.373296091,0.184776485,0.818572783,-0.000605,0.000252,0.964955,0.000655,0.000000,-0.000032923,0.000033677
250,250,right,0.464914867,-0.273484163,0.823482412,-0.000200,-0.000101,0.965597,0.000224,0.000000,-0.000004726,0.000004862
251,251,left,0.373295739,0.184776691,0.819551754,-0.000352,0.000206,0.978971,0.000408,0.000000,-0.000032999,0.000033754
251,251,right,0.464914615,-0.273484147,0.824461693,-0.000253,0.000016,0.979281,0.000253,0.000000,-0.000004740,0.000004876
252,252,left,0.373295117,0.184776850,0.820541782,-0.000621,0.000159,0.990028,0.000641,0.000000,-0.000033075,0.000033830
252,252,right,0.464914240,-0.273483954,0.825451992,-0.000374,0.000193,0.990299,0.000421,0.000000,-0.000004753,0.000004890
253,253,left,0.373294645,0.184777077,0.821540016,-0.000472,0.000226,0.998235,0.000524,0.000000,-0.000033149,0.000033904
253,253,right,0.464913815,-0.273483932,0.826450738,-0.000425,0.000023,0.998745,0.000426,0.000000,-0.000004767,0.000004904
254,254,left,0.373294158,0.184777192,0.822543894,-0.000487,0.000115,1.003877,0.000500,0.000000,-0.000033221,0.000033976
254,254,right,0.464913482,-0.273483947,0.827454867,-0.000333,-0.000015,1.004129,0.000333,0.000000,-0.000004781,0.000004917
255,255,left,0.373293612,0.184777381,0.823550572,-0.000547,0.000190,1.006678,0.000579,0.000000,-0.000033291,0.000034046
255,255,right,0.464913180,-0.273483901,0.828461668,-0.000302,0.000046,1.006801,0.000306,0.000000,-0.000004794,0.000004930
256,256,left,0.373292963,0.184777614,0.824557026,-0.000649,0.000233,1.006454,0.000690,0.000000,-0.000033359,0.000034115
256,256,right,0.464912894,-0.273483849,0.829468417,-0.000286,0.000051,1.006750,0.000291,0.000000,-0.000004807,0.000004944
257,257,left,0.373292340,0.184777828,0.825561203,-0.000623,0.000214,1.004177,0.000659,0.000000,-0.000033424,0.000034180
257,257,right,0.464912439,-0.273483827,0.830472647,-0.000455,0.000022,1.004229,0.000455,0.000000,-0.000004820,0.000004957
258,258,left,0.373291815,0.184778042,0.826560107,-0.000525,0.000214,0.998904,0.000567,0.000000,-0.000033487,0.000034243
258,258,right,0.464912238,-0.273483815,0.831471950,-0.000201,0.000012,0.999304,0.000201,0.000000,-0.000004833,0.000004969
259,259,left,0.373291403,0.184778183,0.827551595,-0.000412,0.000141,0.991488,0.000435,0.000000,-0.000033547,0.000034304
259,259,right,0.464912122,-0.273483770,0.832463607,-0.000115,0.000046,0.991657,0.000124,0.000000,-0.000004845,0.000004982
260,260,left,0.373290910,0.184778445,0.828533360,-0.000493,0.000262,0.981765,0.000559,0.000000,-0.000033604,0.000034361
260,260,right,0.464911851,-0.273483755,0.833445363,-0.000271,0.000015,0.981756,0.000272,0.000000,-0.000004857,0.000004993
261,261,left,0.373290424,0.184778637,0.829503011,-0.000486,0.000192,0.969652,0.000523,0.000000,-0.000033659,0.000034416
261,261,right,0.464911726,-0.273483743,0.834415271,-0.000125,0.000012,0.969908,0.000125,0.000000,-0.000004869,0.000005005
262,262,left,0.373289921,0.184778819,0.830458880,-0.000502,0.000182,0.955868,0.000534,0.000000,-0.000033710,0.000034468
262,262,right,0.464911362,-0.273483727,0.835371079,-0.000364,0.000016,0.955808,0.000365,0.000000,-0.000004880,0.000005016
263,263,left,0.373289484,0.184778961,0.831398849,-0.000437,0.000142,0.939969,0.000460,0.000000,-0.000033759,0.000034517
263,263,right,0.464911158,-0.273483716,0.836311219,-0.000204,0.000011,0.940139,0.000204,0.000000,-0.000004891,0.000005027
264,264,left,0.373288948,0.184779078,0.832321591,-0.000536,0.000118,0.922742,0.000549,0.000000,-0.000033805,0.000034563
264,264,right,0.464910946,-0.273483702,0.837234086,-0.000212,0.000014,0.922867,0.000212,0.000000,-0.000004901,0.000005037
265,265,left,0.373288543,0.184779237,0.833225587,-0.000406,0.000159,0.903995,0.000435,0.000000,-0.000033848,0.000034607
265,265,right,0.464915791,-0.273483924,0.838051620,0.004845,-0.000222,0.817534,0.004850,0.000000,-0.000004910,0.000005046
266,266,left,0.373288030,0.184779447,0.834109816,-0.000512,0.000210,0.884230,0.000554,0.000000,-0.000033888,0.000034648
266,266,right,0.464910588,-0.273483669,0.839021186,-0.005203,0.000255,0.969566,0.005209,0.000000,-0.000004920,0.000005057
267,267,left,0.373287563,0.184779617,0.834973159,-0.000467,0.000171,0.863343,0.000497,0.000000,-0.000033926,0.000034686
267,267,right,0.464915442,-0.273483881,0.839803336,0.004853,-0.000213,0.782150,0.004858,0.000000,-0.000004928,0.000005065
268,268,left,0.373287158,0.184779662,0.835815393,-0.000406,0.000045,0.842234,0.000408,0.000000,-0.000033962,0.000034721
268,268,right,0.464915740,-0.273483919,0.840638914,0.000298,-0.000038,0.835578,0.000301,0.000000,-0.000004937,0.000005073
269,269,left,0.373286751,0.184779809,0.836636013,-0.000406,0.000147,0.820621,0.000432,0.000000,-0.000033994,0.000034754
269,269,right,0.464915554,-0.273483871,0.841461091,-0.000186,0.000049,0.822177,0.000192,0.000000,-0.000004945,0.000005081
270,270,left,0.373286274,0.184779991,0.837435048,-0.000477,0.000182,0.799035,0.000511,0.000000,-0.000034025,0.000034785
270,270,right,0.464915483,-0.273483795,0.842262561,-0.000071,0.000076,0.801470,0.000104,0.000000,-0.000004953,0.000005089
271,271,left,0.373286119,0.184780121,0.838212815,-0.000155,0.000130,0.777767,0.000202,0.000000,-0.000034053,0.000034814
271,271,right,0.464915205,-0.273483864,0.843043034,-0.000278,-0.000070,0.780472,0.000287,0.000000,-0.000004961,0.000005097
272,272,left,0.373285804,0.184780165,0.838970334,-0.000315,0.000044,0.757518,0.000318,0.000000,-0.000034080,0.000034840
272,272,right,0.464915052,-0.273483870,0.843802614,-0.000153,-0.000006,0.759581,0.000154,0.000000,-0.000004968,0.000005104
273,273,left,0.373285220,0.184780397,0.839708050,-0.000584,0.000232,0.737716,0.000629,0.000000,-0.000034104,0.000034865
273,273,right,0.464914997,-0.273483867,0.844543067,-0.000055,0.000003,0.740453,0.000055,0.000000,-0.000004975,0.000005111
274,274,left,0.373284996,0.184780437,0.840427933,-0.000224,0.000040,0.719884,0.000228,0.000000,-0.000034127,0.000034888
274,274,right,0.464914803,-0.273483841,0.845264826,-0.000194,0.000025,0.721759,0.000196,0.000000,-0.000004981,0.000005117
275,275,left,0.373284714,0.184780532,0.841131756,-0.000282,0.000096,0.703823,0.000298,0.000000,-0.000034148,0.000034909
275,275,right,0.464914487,-0.273483816,0.845970700,-0.000316,0.000026,0.705874,0.000317,0.000000,-0.000004988,0.000005124
276,276,left,0.373300447,0.184776421,0.841739432,0.015733,-0.004111,0.607676,0.016261,0.000000,-0.000034163,0.000034925
276,276,right,0.464914586,-0.273483754,0.846662237,0.000099,0.000061,0.691537,0.000116,0.000000,-0.000004994,0.000005130
277,277,left,0.373284860,0.184780604,0.842498811,-0.015587,0.004183,0.759379,0.016138,0.000000,-0.000034185,0.000034947
277,277,right,0.464914451,-0.273483707,0.847342801,-0.000135,0.000047,0.680563,0.000143,0.000000,-0.000004999,0.000005135
278,278,left,0.373299835,0.184776634,0.843091901,0.014975,-0.003969,0.593090,0.015492,0.000000,-0.000034199,0.000034961
278,278,right,0.464914206,-0.273483780,0.848014813,-0.000245,-0.000073,0.672012,0.000256,0.000000,-0.000005005,0.000005141
279,279,left,0.373284478,0.184780720,0.843836501,-0.015357,0.004085,0.744600,0.015891,0.000000,-0.000034218,0.000034981
279,279,right,0.464914224,-0.273483742,0.848682380,0.000018,0.000039,0.667568,0.000043,0.000000,-0.000005010,0.000005146
280,280,left,0.373297142,0.184776786,0.844426188,0.012663,-0.003934,0.589687,0.013260,0.000000,-0.000034230,0.000034993
280,280,right,0.464911827,-0.273483710,0.849348964,-0.002397,0.000031,0.666584,0.002397,0.000000,-0.000005016,0.000005152
281,281,left,0.373265299,0.184780951,0.845169723,-0.031842,0.004165,0.743536,0.032114,0.000000,-0.000034252,0.000035016
281,281,right,0.464896247,-0.273483670,0.850016212,-0.015580,0.000040,0.667248,0.015580,0.000000,-0.000005022,0.000005158
282,282,left,0.373241204,0.184777708,0.845759804,-0.024095,-0.003244,0.590080,0.024313,0.000000,-0.000034273,0.000035037
282,282,right,0.464855631,-0.273483576,0.850683550,-0.040617,0.000095,0.667338,0.040617,0.000000,-0.000005029,0.000005165
283,283,left,0.373145723,0.184781409,0.846502913,-0.095481,0.003701,0.743109,0.095553,0.000000,-0.000034312,0.000035077
283,283,right,0.464780543,-0.273483559,0.851350215,-0.075087,0.000017,0.666665,0.075087,0.000000,-0.000005038,0.000005174
284,284,left,0.373049896,0.184779395,0.847086940,-0.095827,-0.002015,0.584027,0.095848,0.000000,-0.000034351,0.000035116
284,284,right,0.464663475,-0.273483465,0.852012519,-0.117069,0.000094,0.662304,0.117069,0.000000,-0.000005048,0.000005185
285,285,left,0.372859332,0.184782107,0.847819782,-0.190564,0.002712,0.732843,0.190583,0.000000,-0.000034417,0.000035183
285,285,right,0.464499696,-0.273483380,0.852667948,-0.163778,0.000086,0.655429,0.163778,0.000000,-0.000005062,0.000005198
286,286,left,0.372641164,0.184782617,0.848464618,-0.218168,0.000510,0.644835,0.218168,0.000000,-0.000034489,0.000035256
286,286,right,0.464285350,-0.273483237,0.853312236,-0.214346,0.000143,0.644287,0.214346,0.000000,-0.000005077,0.000005215
287,287,left,0.372371473,0.184782980,0.849091341,-0.269692,0.000363,0.626723,0.269692,0.000000,-0.000034576,0.000035345
287,287,right,0.464018610,-0.273483092,0.853940140,-0.266740,0.000144,0.627904,0.266740,0.000000,-0.000005096,0.000005234
288,288,left,0.372049373,0.184783472,0.849696467,-0.322100,0.000493,0.605126,0.322100,0.000000,-0.000034678,0.000035448
288,288,right,0.463699890,-0.273482895,0.854547438,-0.318721,0.000198,0.607298,0.318721,0.000000,-0.000005117,0.000005255
289,289,left,0.371676012,0.184784066,0.850275223,-0.373361,0.000594,0.578756,0.373361,0.000000,-0.000034794,0.000035566
289,289,right,0.463329539,-0.273482715,0.855128100,-0.370351,0.000179,0.580661,0.370351,0.000000,-0.000005141,0.000005280
290,290,left,0.371253968,0.184784608,0.850821901,-0.422044,0.000542,0.546678,0.422045,0.000000,-0.000034925,0.000035698
290,290,right,0.462910213,-0.273482524,0.855677833,-0.419325,0.000191,0.549733,0.419325,0.000000,-0.000005167,0.000005307
291,291,left,0.370833185,0.184789376,0.851260966,-0.420783,0.004768,0.439065,0.420810,0.000000,-0.000035050,0.000035824
291,291,right,0.462445184,-0.273482268,0.856190962,-0.465029,0.000256,0.513130,0.465029,0.000000,-0.000005195,0.000005337
292,292,left,0.370277633,0.184786144,0.851798696,-0.555552,-0.003232,0.537730,0.555561,0.000000,-0.000035224,0.000036001
292,292,right,0.461938035,-0.273482023,0.856663110,-0.507149,0.000244,0.472147,0.507149,0.000000,-0.000005226,0.000005368
293,293,left,0.369781632,0.184792590,0.852159859,-0.496001,0.006446,0.361163,0.496043,0.000000,-0.000035370,0.000036149
293,293,right,0.461393430,-0.273481917,0.857090489,-0.544605,0.000106,0.427379,0.544605,0.000000,-0.000005259,0.000005402
294,294,left,0.369152523,0.184787544,0.852595975,-0.629109,-0.005046,0.436116,0.629129,0.000000,-0.000035568,0.000036350
294,294,right,0.460816331,-0.273481588,0.857469226,-0.577099,0.000330,0.378738,0.577099,0.000000,-0.000005293,0.000005438
295,295,left,0.368600029,0.184795861,0.852866734,-0.552494,0.008317,0.270759,0.552557,0.000000,-0.000035730,0.000036514
295,295,right,0.460211927,-0.273481491,0.857797256,-0.604405,0.000096,0.328029,0.604405,0.000000,-0.000005329,0.000005475
296,296,left,0.367979659,0.184799121,0.853134497,-0.620370,0.003261,0.267763,0.620378,0.000000,-0.000035919,0.000036705
296,296,right,0.459585730,-0.273481098,0.858073428,-0.626197,0.000393,0.276172,0.626197,0.000000,-0.000005366,0.000005514
297,297,left,0.367336832,0.184801063,0.853358071,-0.642827,0.001941,0.223574,0.642830,0.000000,-0.000036117,0.000036906
297,297,right,0.458942366,-0.273481000,0.858297304,-0.643364,0.000098,0.223876,0.643364,0.000000,-0.000005404,0.000005553
298,298,left,0.366681251,0.184802839,0.853532077,-0.655582,0.001776,0.174006,0.655584,0.000000,-0.000036320,0.000037111
298,298,right,0.458287022,-0.273480711,0.858470668,-0.655344,0.000289,0.173365,0.655344,0.000000,-0.000005443,0.000005594
299,299,left,0.366017533,0.184804164,0.853658817,-0.663718,0.001325,0.126740,0.663719,0.000000,-0.000036526,0.000037320
299,299,right,0.457623648,-0.273480569,0.858596485,-0.663374,0.000142,0.125816,0.663374,0.000000,-0.000005482,0.000005634
300,300,left,0.365349957,0.184805528,0.853743097,-0.667576,0.001364,0.084280,0.667578,0.000000,-0.000036735,0.000037531
300,300,right,0.456956348,-0.273480266,0.858679564,-0.667300,0.000303,0.083079,0.667300,0.000000,-0.000005521,0.000005675
301,301,left,0.364680752,0.184806776,0.853790857,-0.669205,0.001248,0.047760,0.669206,0.000000,-0.000036946,0.000037745
301,301,right,0.456287532,-0.273480168,0.858726663,-0.668816,0.000099,0.047100,0.668816,0.000000,-0.000005561,0.000005716
302,302,left,0.364012459,0.184807885,0.853812060,-0.668293,0.001109,0.021202,0.668294,0.000000,-0.000037157,0.000037959
302,302,right,0.455619029,-0.273479892,0.858747174,-0.668503,0.000276,0.020511,0.668503,0.000000,-0.000005601,0.000005758
303,303,left,0.363345256,0.184808760,0.853817525,-0.667202,0.000875,0.005466,0.667203,0.000000,-0.000037370,0.000038174
303,303,right,0.454951741,-0.273479746,0.858752074,-0.667288,0.000146,0.004900,0.667288,0.000000,-0.000005641,0.000005799
304,304,left,0.362677380,0.184809762,0.853818234,-0.667877,0.001002,0.000709,0.667877,0.000000,-0.000037584,0.000038391
304,304,right,0.454283278,-0.273479511,0.858753296,-0.668463,0.000235,0.001222,0.668463,0.000000,-0.000005681,0.000005841
305,305,left,0.362001123,0.184810769,0.853818329,-0.676256,0.001007,0.000095,0.676257,0.000000,-0.000037803,0.000038612
305,305,right,0.453606055,-0.273479414,0.858753933,-0.677223,0.000097,0.000637,0.677223,0.000000,-0.000005722,0.000005884
306,306,left,0.361307846,0.184812123,0.853817612,-0.693277,0.001354,-0.000717,0.693279,0.000000,-0.000038028,0.000038839
306,306,right,0.452911466,-0.273479183,0.858754173,-0.694589,0.000231,0.000240,0.694589,0.000000,-0.000005764,0.000005927
307,307,left,0.360590181,0.184813638,0.853816883,-0.717666,0.001515,-0.000729,0.717667,0.000000,-0.000038262,0.000039076
307,307,right,0.452192321,-0.273478941,0.858754446,-0.719145,0.000242,0.000273,0.719145,0.000000,-0.000005808,0.000005973
308,308,left,0.359841421,0.184815574,0.853815556,-0.748759,0.001936,-0.001327,0.748762,0.000000,-0.000038507,0.000039325
308,308,right,0.451442053,-0.273478536,0.858754506,-0.750268,0.000405,0.000060,0.750268,0.000000,-0.000005854,0.000006022
309,309,left,0.359056471,0.184817642,0.853814296,-0.784950,0.002068,-0.001260,0.784953,0.000000,-0.000038767,0.000039587
309,309,right,0.450654677,-0.273478319,0.858754833,-0.787376,0.000217,0.000327,0.787376,0.000000,-0.000005904,0.000006073
310,310,left,0.358229612,0.184820072,0.853812244,-0.826859,0.002430,-0.002051,0.826863,0.000000,-0.000039042,0.000039865
310,310,right,0.449825973,-0.273477873,0.858754783,-0.828704,0.000447,-0.000050,0.828704,0.000000,-0.000005956,0.000006127
311,311,left,0.357279532,0.184800816,0.853845497,-0.950080,-0.019256,0.033253,0.950275,0.000000,-0.000039380,0.000040207
311,311,right,0.448951565,-0.273477504,0.858754491,-0.874408,0.000368,-0.000293,0.874408,0.000000,-0.000006011,0.000006184
312,312,left,0.356428656,0.184820504,0.853815659,-0.850875,0.019688,-0.029838,0.851103,0.000000,-0.000039652,0.000040483
312,312,right,0.448028792,-0.273477127,0.858754120,-0.922773,0.000378,-0.000370,0.922773,0.000000,-0.000006070,0.000006246
313,313,left,0.355378516,0.184803166,0.853846093,-1.050140,-0.017339,0.030434,1.050283,0.000000,-0.000040028,0.000040864
313,313,right,0.447055205,-0.273476637,0.858753889,-0.973586,0.000489,-0.000231,0.973587,0.000000,-0.000006133,0.000006311
314,314,left,0.354348961,0.184803800,0.853847328,-1.029555,0.000634,0.001235,1.029555,0.000000,-0.000040385,0.000041224
314,314,right,0.446029264,-0.273476053,0.858753482,-1.025941,0.000585,-0.000407,1.025941,0.000000,-0.000006200,0.000006381
315,315,left,0.353267696,0.184805110,0.853847667,-1.081265,0.001310,0.000339,1.081266,0.000000,-0.000040763,0.000041606
315,315,right,0.444950206,-0.273475541,0.858752922,-1.079058,0.000512,-0.000560,1.079058,0.000000,-0.000006272,0.000006455
316,316,left,0.352133194,0.184806588,0.853847802,-1.134502,0.001478,0.000136,1.134503,0.000000,-0.000041163,0.000042011
316,316,right,0.443818146,-0.273474988,0.858752524,-1.132060,0.000553,-0.000398,1.132060,0.000000,-0.000006348,0.000006534
317,317,left,0.350945810,0.184808260,0.853848133,-1.187385,0.001672,0.000330,1.187386,0.000000,-0.000041586,0.000042439
317,317,right,0.442633020,-0.273474369,0.858751547,-1.185125,0.000619,-0.000977,1.185125,0.000000,-0.000006428,0.000006617
318,318,left,0.349707122,0.184809918,0.853848246,-1.238687,0.001658,0.000114,1.238688,0.000000,-0.000042033,0.000042890
318,318,right,0.441396533,-0.273473671,0.858750981,-1.236488,0.000698,-0.000566,1.236488,0.000000,-0.000006513,0.000006706
319,319,left,0.348418461,0.184811722,0.853848390,-1.288661,0.001805,0.000143,1.288662,0.000000,-0.000042503,0.000043365
319,319,right,0.440022542,-0.273477625,0.858778319,-1.373991,-0.003953,0.027338,1.373997,0.000000,-0.000006613,0.000006809
320,320,left,0.347082224,0.184813622,0.853848412,-1.336237,0.001900,0.000023,1.336239,0.000000,-0.000042996,0.000043863
320,320,right,0.438768709,-0.273473166,0.858754935,-1.253833,0.004458,-0.023384,1.253841,0.000000,-0.000006699,0.000006898
321,321,left,0.345701005,0.184815536,0.853848568,-1.381219,0.001914,0.000155,1.381220,0.000000,-0.000043512,0.000044385
321,321,right,0.437301232,-0.273476899,0.858781249,-1.467477,-0.003733,0.026314,1.467482,0.000000,-0.000006808,0.000007011
322,322,left,0.344277766,0.184817589,0.853848724,-1.423239,0.002053,0.000156,1.423240,0.000000,-0.000044050,0.000044929
322,322,right,0.435875504,-0.273476567,0.858783256,-1.425728,0.000333,0.002006,1.425728,0.000000,-0.000006913,0.000007120
323,323,left,0.342816197,0.184819719,0.853848672,-1.461570,0.002130,-0.000052,1.461571,0.000000,-0.000044610,0.000045495
323,323,right,0.434412081,-0.273476188,0.858784885,-1.463423,0.000378,0.001630,1.463423,0.000000,-0.000007022,0.000007233
324,324,left,0.341320250,0.184821802,0.853848766,-1.495946,0.002083,0.000094,1.495948,0.000000,-0.000045192,0.000046082
324,324,right,0.432913875,-0.273475672,0.858786634,-1.498205,0.000517,0.001749,1.498206,0.000000,-0.000007136,0.000007350
325,325,left,0.339794052,0.184824023,0.853848851,-1.526199,0.002221,0.000085,1.526200,0.000000,-0.000045793,0.000046690
325,325,right,0.431385205,-0.273475410,0.858787717,-1.528670,0.000262,0.001083,1.528670,0.000000,-0.000007254,0.000007472
326,326,left,0.338242133,0.184826283,0.853849186,-1.551919,0.002260,0.000335,1.551921,0.000000,-0.000046412,0.000047316
326,326,right,0.429830975,-0.273474958,0.858789526,-1.554230,0.000452,0.001808,1.554231,0.000000,-0.000007376,0.000007598
327,327,left,0.336669422,0.184828456,0.853849459,-1.572711,0.002173,0.000273,1.572712,0.000000,-0.000047049,0.000047959
327,327,right,0.428255822,-0.273474528,0.858791155,-1.575153,0.000430,0.001629,1.575153,0.000000,-0.000007502,0.000007729
328,328,left,0.335080625,0.184830740,0.853849449,-1.588797,0.002284,-0.000010,1.588798,0.000000,-0.000047702,0.000048618
328,328,right,0.426664509,-0.273473999,0.858792434,-1.591313,0.000528,0.001279,1.591313,0.000000,-0.000007631,0.000007862
329,329,left,0.333480880,0.184833062,0.853849301,-1.599746,0.002321,-0.000149,1.599747,0.000000,-0.000048368,0.000049291
329,329,right,0.425062452,-0.273473595,0.858793829,-1.602057,0.000405,0.001395,1.602057,0.000000,-0.000007764,0.000007999
330,330,left,0.331876040,0.184835372,0.853849567,-1.604840,0.002311,0.000267,1.604842,0.000000,-0.000049047,0.000049976
330,330,right,0.423455088,-0.273473145,0.858795817,-1.607364,0.000450,0.001988,1.607364,0.000000,-0.000007899,0.000008140
331,331,left,0.330271023,0.184837823,0.853849938,-1.605017,0.002451,0.000370,1.605019,0.000000,-0.000049735,0.000050671
331,331,right,0.421847624,-0.273472626,0.858797253,-1.607464,0.000519,0.001437,1.607464,0.000000,-0.000008038,0.000008282
332,332,left,0.328671614,0.184840082,0.853850056,-1.599409,0.002259,0.000118,1.599411,0.000000,-0.000050430,0.000051373
332,332,right,0.420245669,-0.273472274,0.858798999,-1.601955,0.000352,0.001746,1.601955,0.000000,-0.000008178,0.000008427
333,333,left,0.327082996,0.184842344,0.853849924,-1.588618,0.002262,-0.000132,1.588619,0.000000,-0.000051130,0.000052080
333,333,right,0.418654875,-0.273471624,0.858800410,-1.590794,0.000650,0.001411,1.590794,0.000000,-0.000008320,0.000008573
334,334,left,0.325511242,0.184844563,0.853850305,-1.571754,0.002219,0.000381,1.571755,0.000000,-0.000051832,0.000052789
334,334,right,0.417080768,-0.273471234,0.858802170,-1.574107,0.000390,0.001760,1.574107,0.000000,-0.000008463,0.000008721
335,335,left,0.323961629,0.184846583,0.853850588,-1.549613,0.002020,0.000283,1.549615,0.000000,-0.000052534,0.000053498
335,335,right,0.415528587,-0.273470786,0.858803557,-1.552181,0.000448,0.001387,1.552181,0.000000,-0.000008606,0.000008869
336,336,left,0.322439504,0.184848646,0.853851176,-1.522125,0.002064,0.000588,1.522127,0.000000,-0.000053233,0.000054203
336,336,right,0.414004031,-0.273470269,0.858805104,-1.524556,0.000517,0.001547,1.524556,0.000000,-0.000008750,0.000009017
337,337,left,0.320950295,0.184850403,0.853851471,-1.489209,0.001756,0.000295,1.489210,0.000000,-0.000053925,0.000054902
337,337,right,0.412512706,-0.273469942,0.858806929,-1.491325,0.000327,0.001825,1.491325,0.000000,-0.000008893,0.000009164
338,338,left,0.319498968,0.184852235,0.853852174,-1.451327,0.001832,0.000703,1.451328,0.000000,-0.000054609,0.000055592
338,338,right,0.411059389,-0.273469488,0.858808339,-1.453317,0.000454,0.001410,1.453317,0.000000,-0.000009034,0.000009310
339,339,left,0.318090701,0.184853770,0.853853011,-1.408267,0.001535,0.000837,1.408268,0.000000,-0.000055279,0.000056269
339,339,right,0.409649294,-0.273469148,0.858809903,-1.410095,0.000340,0.001564,1.410095,0.000000,-0.000009174,0.000009453
340,340,left,0.316730112,0.184855289,0.853853580,-1.360589,0.001519,0.000568,1.360590,0.000000,-0.000055935,0.000056931
340,340,right,0.408287203,-0.273468723,0.858811533,-1.362091,0.000425,0.001630,1.362091,0.000000,-0.000009311,0.000009595
341,341,left,0.315421662,0.184856649,0.853854397,-1.308449,0.001360,0.000818,1.308450,0.000000,-0.000056573,0.000057575
341,341,right,0.406977493,-0.273468351,0.858813199,-1.309710,0.000372,0.001666,1.309710,0.000000,-0.000009445,0.000009733
342,342,left,0.314169985,0.184857738,0.853855297,-1.251677,0.001089,0.000899,1.251678,0.000000,-0.000057190,0.000058198
342,342,right,0.405724384,-0.273468108,0.858814639,-1.253108,0.000243,0.001440,1.253108,0.000000,-0.000009575,0.000009866
343,343,left,0.312978395,0.184858776,0.853856172,-1.191590,0.001037,0.000875,1.191590,0.000000,-0.000057782,0.000058796
343,343,right,0.404532072,-0.273467725,0.858816320,-1.192312,0.000383,0.001681,1.192312,0.000000,-0.000009701,0.000009996
344,344,left,0.311850962,0.184859415,0.853857467,-1.127433,0.000640,0.001295,1.127433,0.000000,-0.000058349,0.000059368
344,344,right,0.403403457,-0.273467449,0.858817952,-1.128615,0.000276,0.001632,1.128615,0.000000,-0.000009822,0.000010120
345,345,left,0.310790397,0.184860016,0.853858706,-1.060566,0.000601,0.001239,1.060566,0.000000,-0.000058886,0.000059910
345,345,right,0.402342633,-0.273467197,0.858819473,-1.060825,0.000252,0.001521,1.060825,0.000000,-0.000009936,0.000010238
346,346,left,0.309799401,0.184860222,0.853860299,-0.990996,0.000206,0.001594,0.990996,0.000000,-0.000059393,0.000060422
346,346,right,0.401424697,-0.273460653,0.858782938,-0.917935,0.006544,-0.036535,0.917959,0.000000,-0.000010030,0.000010334
347,347,left,0.308880492,0.184860349,0.853861629,-0.918909,0.000127,0.001330,0.918909,0.000000,-0.000059866,0.000060899
347,347,right,0.400433450,-0.273466578,0.858820629,-0.991247,-0.005925,0.037691,0.991265,0.000000,-0.000010146,0.000010453
348,348,left,0.308034806,0.184860286,0.853863154,-0.845687,-0.000063,0.001525,0.845687,0.000000,-0.000060305,0.000061342
348,348,right,0.399650495,-0.273461142,0.858790393,-0.782955,0.005437,-0.030235,0.782974,0.000000,-0.000010228,0.000010537
349,349,left,0.307263962,0.184859887,0.853864683,-0.770844,-0.000400,0.001529,0.770844,0.000000,-0.000060707,0.000061749
349,349,right,0.398881702,-0.273460093,0.858786637,-0.768793,0.001049,-0.003756,0.768794,0.000000,-0.000010314,0.000010626
350,350,left,0.306568356,0.184859378,0.853866686,-0.695606,-0.000508,0.002003,0.695606,0.000000,-0.000061073,0.000062118
350,350,right,0.398181962,-0.273460440,0.858790047,-0.699740,-0.000347,0.003410,0.699740,0.000000,-0.000010395,0.000010708
351,351,left,0.305948025,0.184858760,0.853868070,-0.620331,-0.000619,0.001384,0.620331,0.000000,-0.000061401,0.000062449
351,351,right,0.397556323,-0.273460917,0.858794614,-0.625638,-0.000477,0.004567,0.625639,0.000000,-0.000010467,0.000010782
352,352,left,0.305401993,0.184857975,0.853869999,-0.546032,-0.000784,0.001930,0.546032,0.000000,-0.000061691,0.000062741
352,352,right,0.397005346,-0.273461438,0.858799757,-0.550977,-0.000521,0.005143,0.550978,0.000000,-0.000010531,0.000010849
353,353,left,0.304991989,0.184877248,0.853843342,-0.410004,0.019273,-0.026657,0.410457,0.000000,-0.000061889,0.000062941
353,353,right,0.396527449,-0.273461986,0.858804705,-0.477897,-0.000548,0.004948,0.477897,0.000000,-0.000010588,0.000010906
354,354,left,0.304530058,0.184858260,0.853871117,-0.461931,-0.018988,0.027775,0.462321,0.000000,-0.000062155,0.000063210
354,354,right,0.396120670,-0.273462673,0.858809487,-0.406779,-0.000687,0.004782,0.406779,0.000000,-0.000010636,0.000010956
355,355,left,0.304238393,0.184869989,0.853854318,-0.291665,0.011730,-0.016799,0.291901,0.000000,-0.000062299,0.000063355
355,355,right,0.395781838,-0.273463247,0.858814229,-0.338832,-0.000574,0.004741,0.338833,0.000000,-0.000010676,0.000010997
356,356,left,0.303968952,0.184871105,0.853853828,-0.269441,0.001115,-0.000490,0.269444,0.000000,-0.000062442,0.000063499
356,356,right,0.395507477,-0.273463807,0.858818717,-0.274361,-0.000560,0.004488,0.274362,0.000000,-0.000010709,0.000011031
357,357,left,0.303750730,0.184868054,0.853858585,-0.218221,-0.003050,0.004757,0.218243,0.000000,-0.000062562,0.000063621
357,357,right,0.395292969,-0.273464346,0.858822850,-0.214509,-0.000539,0.004133,0.214509,0.000000,-0.000010735,0.000011058
358,358,left,0.303585305,0.184863894,0.853864068,-0.165425,-0.004161,0.005482,0.165478,0.000000,-0.000062656,0.000063715
358,358,right,0.395132885,-0.273464883,0.858826748,-0.160083,-0.000536,0.003898,0.160084,0.000000,-0.000010755,0.000011078
359,359,left,0.303467671,0.184859802,0.853869625,-0.117634,-0.004091,0.005557,0.117705,0.000000,-0.000062723,0.000063783
359,359,right,0.395020993,-0.273465426,0.858830110,-0.111892,-0.000544,0.003362,0.111894,0.000000,-0.000010769,0.000011092
360,360,left,0.303467671,0.184859802,0.853869625,0.000000,0.000000,0.000000,0.000000,0.000000,-0.000062723,0.000063783
360,360,right,0.395020993,-0.273465426,0.858830110,0.000000,0.000000,0.000000,0.000000,0.000000,-0.000010769,0.000011092
361,361,left,0.303361746,0.184858247,0.853871358,-0.105925,-0.001556,0.001734,0.105937,0.000000,-0.000062782,0.000063842
361,361,right,0.394917207,-0.273465441,0.858831405,-0.103786,-0.000015,0.001295,0.103786,0.000000,-0.000010781,0.000011105
362,362,left,0.303361746,0.184858247,0.853871358,0.000000,0.000000,0.000000,0.000000,0.000000,-0.000062782,0.000063842
362,362,right,0.394917207,-0.273465441,0.858831405,0.000000,0.000000,0.000000,0.000000,0.000000,-0.000010781,0.000011105
363,363,left,0.303361746,0.184858247,0.853871358,0.000000,0.000000,0.000000,0.000000,0.000000,-0.000062782,0.000063842
363,363,right,0.394917207,-0.273465441,0.858831405,0.000000,0.000000,0.000000,0.000000,0.000000,-0.000010781,0.000011105
364,364,left,0.303361746,0.184858247,0.853871358,0.000000,0.000000,0.000000,0.000000,0.000000,-0.000062782,0.000063842
364,364,right,0.394917207,-0.273465441,0.858831405,0.000000,0.000000,0.000000,0.000000,0.000000,-0.000010781,0.000011105
365,365,left,0.303361746,0.184858247,0.853871358,0.000000,0.000000,0.000000,0.000000,0.000000,-0.000062782,0.000063842
365,365,right,0.394917207,-0.273465441,0.858831405,0.000000,0.000000,0.000000,0.000000,0.000000,-0.000010781,0.000011105
366,366,left,0.303361746,0.184858247,0.853871358,0.000000,0.000000,0.000000,0.000000,0.000000,-0.000062782,0.000063842
366,366,right,0.394917207,-0.273465441,0.858831405,0.000000,0.000000,0.000000,0.000000,0.000000,-0.000010781,0.000011105
367,367,left,0.303361746,0.184858247,0.853871358,0.000000,0.000000,0.000000,0.000000,0.000000,-0.000062782,0.000063842
367,367,right,0.394917207,-0.273465441,0.858831405,0.000000,0.000000,0.000000,0.000000,0.000000,-0.000010781,0.000011105
368,368,left,0.303468339,0.184847652,0.853891336,0.106593,-0.010595,0.019978,0.107119,0.000000,-0.000062747,0.000063808
368,368,right,0.395010352,-0.273470457,0.858841164,0.093145,-0.005016,0.009759,0.093280,0.000000,-0.000010773,0.000011097
369,369,left,0.303580814,0.184846924,0.853894655,0.112475,-0.000728,0.003319,0.112478,0.000000,-0.000062695,0.000063756
369,369,right,0.395101186,-0.273473205,0.858842779,0.090834,-0.002747,0.001615,0.090875,0.000000,-0.000010764,0.000011087
370,370,left,0.303732846,0.184847452,0.853898652,0.152032,0.000528,0.003996,0.152033,0.000000,-0.000062624,0.000063684
370,370,right,0.395223316,-0.273476897,0.858844509,0.122130,-0.003693,0.001729,0.122186,0.000000,-0.000010751,0.000011073
371,371,left,0.303933449,0.184848649,0.853903601,0.200603,0.001197,0.004949,0.200606,0.000000,-0.000062530,0.000063590
371,371,right,0.395383513,-0.273481698,0.858846112,0.160198,-0.004800,0.001603,0.160269,0.000000,-0.000010734,0.000011056
372,372,left,0.304188612,0.184850660,0.853909281,0.255164,0.002011,0.005681,0.255171,0.000000,-0.000062411,0.000063469
372,372,right,0.395587109,-0.273487796,0.858848257,0.203596,-0.006098,0.002145,0.203688,0.000000,-0.000010712,0.000011034
373,373,left,0.304504297,0.184853803,0.853915310,0.315685,0.003144,0.006029,0.315701,0.000000,-0.000062262,0.000063319
373,373,right,0.395838072,-0.273495176,0.858850441,0.250963,-0.007380,0.002184,0.251071,0.000000,-0.000010686,0.000011006
374,374,left,0.304885608,0.184858171,0.853921950,0.381311,0.004367,0.006639,0.381336,0.000000,-0.000062082,0.000063138
374,374,right,0.396140459,-0.273504078,0.858852466,0.302387,-0.008902,0.002024,0.302518,0.000000,-0.000010654,0.000010973
375,375,left,0.305409431,0.184886351,0.853895884,0.523823,0.028180,-0.026065,0.524580,0.000000,-0.000061808,0.000062861
375,375,right,0.396498550,-0.273514438,0.858854934,0.358091,-0.010360,0.002468,0.358241,0.000000,-0.000010616,0.000010934
376,376,left,0.305952768,0.184899537,0.853895882,0.543337,0.013186,-0.000002,0.543497,0.000000,-0.000061545,0.000062596
376,376,right,0.396915874,-0.273526685,0.858857209,0.417324,-0.012247,0.002275,0.417503,0.000000,-0.000010573,0.000010889
377,377,left,0.306573373,0.184912854,0.853897098,0.620605,0.013317,0.001216,0.620748,0.000000,-0.000061249,0.000062297
377,377,right,0.397395790,-0.273540517,0.858859633,0.479916,-0.013832,0.002424,0.480115,0.000000,-0.000010522,0.000010838
378,378,left,0.307278725,0.184928027,0.853898873,0.705352,0.015173,0.001775,0.705515,0.000000,-0.000060914,0.000061960
378,378,right,0.397941583,-0.273556158,0.858861924,0.545793,-0.015641,0.002291,0.546017,0.000000,-0.000010466,0.000010779
379,379,left,0.308072508,0.184945221,0.853900682,0.793783,0.017194,0.001809,0.793969,0.000000,-0.000060539,0.000061582
379,379,right,0.398556376,-0.273573863,0.858864162,0.614793,-0.017705,0.002239,0.615048,0.000000,-0.000010402,0.000010714
380,380,left,0.308958599,0.184964722,0.853902328,0.886091,0.019501,0.001645,0.886305,0.000000,-0.000060124,0.000061164
380,380,right,0.399242514,-0.273593382,0.858866058,0.686138,-0.019519,0.001896,0.686415,0.000000,-0.000010332,0.000010641
381,381,left,0.309940086,0.184986491,0.853903823,0.981488,0.021769,0.001496,0.981729,0.000000,-0.000059668,0.000060703
381,381,right,0.400003141,-0.273615137,0.858867938,0.760627,-0.021755,0.001880,0.760938,0.000000,-0.000010255,0.000010561
382,382,left,0.311020031,0.185010473,0.853905489,1.079945,0.023981,0.001665,1.080211,0.000000,-0.000059170,0.000060202
382,382,right,0.400840451,-0.273638900,0.858869638,0.837310,-0.023763,0.001700,0.837647,0.000000,-0.000010171,0.000010474
383,383,left,0.312201110,0.185037130,0.853906669,1.181079,0.026658,0.001180,1.181380,0.000000,-0.000058631,0.000059658
383,383,right,0.401756372,-0.273664879,0.858870657,0.915921,-0.025979,0.001019,0.916289,0.000000,-0.000010080,0.000010379
384,384,left,0.313486200,0.185066177,0.853908140,1.285090,0.029046,0.001471,1.285418,0.000000,-0.000058050,0.000059074
384,384,right,0.402839568,-0.273689605,0.858839927,1.083196,-0.024726,-0.030730,1.083478,0.000000,-0.000009968,0.000010264
385,385,left,0.314877228,0.185097800,0.853909383,1.391028,0.031623,0.001243,1.391387,0.000000,-0.000057430,0.000058448
385,385,right,0.403926336,-0.273719753,0.858837567,1.086768,-0.030149,-0.002360,1.087186,0.000000,-0.000009862,0.000010154
386,386,left,0.316376487,0.185131996,0.853910395,1.499259,0.034197,0.001012,1.499649,0.000000,-0.000056770,0.000057783
386,386,right,0.405096248,-0.273752383,0.858836671,1.169911,-0.032630,-0.000895,1.170366,0.000000,-0.000009750,0.000010038
387,387,left,0.317985326,0.185169091,0.853911000,1.608839,0.037095,0.000606,1.609266,0.000000,-0.000056071,0.000057079
387,387,right,0.406351452,-0.273787404,0.858835320,1.255205,-0.035021,-0.001351,1.255693,0.000000,-0.000009631,0.000009915
388,388,left,0.319705603,0.185208842,0.853911672,1.720277,0.039750,0.000672,1.720736,0.000000,-0.000055336,0.000056338
388,388,right,0.407693399,-0.273824804,0.858833953,1.341947,-0.037399,-0.001367,1.342468,0.000000,-0.000009506,0.000009785
389,389,left,0.321538280,0.185251508,0.853911809,1.832677,0.042666,0.000136,1.833174,0.000000,-0.000054566,0.000055562
389,389,right,0.409122743,-0.273864572,0.858832440,1.429343,-0.039768,-0.001513,1.429896,0.000000,-0.000009375,0.000009649
390,390,left,0.323484553,0.185297067,0.853911713,1.946273,0.045559,-0.000096,1.946806,0.000000,-0.000053762,0.000054752
390,390,right,0.410640720,-0.273906826,0.858830801,1.517978,-0.042254,-0.001640,1.518566,0.000000,-0.000009238,0.000009508
391,391,left,0.325545574,0.185345311,0.853911388,2.061021,0.048245,-0.000325,2.061586,0.000000,-0.000052927,0.000053912
391,391,right,0.412247654,-0.273951621,0.858828535,1.606933,-0.044795,-0.002266,1.607558,0.000000,-0.000009096,0.000009360
392,392,left,0.327721423,0.185396480,0.853910469,2.175848,0.051169,-0.000919,2.176450,0.000000,-0.000052064,0.000053042
392,392,right,0.413944127,-0.273998834,0.858826257,1.696473,-0.047213,-0.002278,1.697130,0.000000,-0.000008949,0.000009208
393,393,left,0.330013128,0.185450395,0.853909723,2.291705,0.053915,-0.000747,2.292339,0.000000,-0.000051175,0.000052146
393,393,right,0.415730505,-0.274048513,0.858823985,1.786378,-0.049679,-0.002272,1.787069,0.000000,-0.000008798,0.000009050
394,394,left,0.332420316,0.185507210,0.853908319,2.407188,0.056815,-0.001403,2.407859,0.000000,-0.000050262,0.000051226
394,394,right,0.417607002,-0.274100759,0.858821245,1.876497,-0.052246,-0.002740,1.877224,0.000000,-0.000008642,0.000008888
395,395,left,0.334943063,0.185567022,0.853906346,2.522747,0.059812,-0.001973,2.523456,0.000000,-0.000049329,0.000050286
395,395,right,0.419573414,-0.274155446,0.858818597,1.966412,-0.054686,-0.002648,1.967172,0.000000,-0.000008483,0.000008723
396,396,left,0.337581352,0.185629568,0.853904302,2.638288,0.062547,-0.002044,2.639030,0.000000,-0.000048378,0.000049328
396,396,right,0.421629352,-0.274212548,0.858815583,2.055938,-0.057102,-0.003013,2.056731,0.000000,-0.000008320,0.000008553
397,397,left,0.340334660,0.185695076,0.853901911,2.753308,0.065508,-0.002391,2.754087,0.000000,-0.000047412,0.000048355
397,397,right,0.423775155,-0.274272245,0.858812299,2.145803,-0.059698,-0.003284,2.146633,0.000000,-0.000008154,0.000008381
398,398,left,0.343202383,0.185763308,0.853898911,2.867723,0.068232,-0.003000,2.868535,0.000000,-0.000046434,0.000047371
398,398,right,0.426009980,-0.274334259,0.858808919,2.234825,-0.062014,-0.003380,2.235685,0.000000,-0.000007986,0.000008206
399,399,left,0.346183746,0.185834202,0.853895736,2.981363,0.070893,-0.003175,2.982206,0.000000,-0.000045448,0.000046377
399,399,right,0.428333292,-0.274398887,0.858805470,2.323312,-0.064628,-0.003448,2.324211,0.000000,-0.000007816,0.000008028
400,400,left,0.349277728,0.185908054,0.853892086,3.093982,0.073853,-0.003649,3.094863,0.000000,-0.000044456,0.000045378
400,400,right,0.430744104,-0.274465723,0.858801617,2.410812,-0.066835,-0.003853,2.411738,0.000000,-0.000007644,0.000007849
401,401,left,0.352483205,0.185984503,0.853888115,3.205477,0.076449,-0.003971,3.206389,0.000000,-0.000043461,0.000044376
401,401,right,0.433241828,-0.274535197,0.858797762,2.497724,-0.069475,-0.003856,2.498690,0.000000,-0.000007471,0.000007668
402,402,left,0.355798643,0.186063753,0.853883501,3.315438,0.079250,-0.004614,3.316385,0.000000,-0.000042466,0.000043374
402,402,right,0.435825367,-0.274606886,0.858793525,2.583539,-0.071688,-0.004236,2.584534,0.000000,-0.000007298,0.000007487
403,403,left,0.359223148,0.186145638,0.853879032,3.424505,0.081885,-0.004469,3.425484,0.000000,-0.000041474,0.000042374
403,403,right,0.438493910,-0.274680991,0.858789335,2.668543,-0.074106,-0.004190,2.669572,0.000000,-0.000007124,0.000007305
404,404,left,0.362754493,0.186230084,0.853874156,3.531345,0.084446,-0.004875,3.532355,0.000000,-0.000040486,0.000041379
404,404,right,0.441245560,-0.274757349,0.858785199,2.751649,-0.076357,-0.004136,2.752708,0.000000,-0.000006950,0.000007123
405,405,left,0.366391394,0.186317002,0.853868662,3.636900,0.086918,-0.005494,3.637939,0.000000,-0.000039506,0.000040392
405,405,right,0.444079031,-0.274835975,0.858780672,2.833472,-0.078626,-0.004528,2.834563,0.000000,-0.000006776,0.000006941
406,406,left,0.370131257,0.186406575,0.853863192,3.739863,0.089573,-0.005470,3.740936,0.000000,-0.000038536,0.000039414
406,406,right,0.446993174,-0.274916871,0.858776022,2.914142,-0.080896,-0.004650,2.915265,0.000000,-0.000006603,0.000006760
407,407,left,0.373972644,0.186498612,0.853857510,3.841386,0.092036,-0.005682,3.842489,0.000000,-0.000037578,0.000038449
407,407,right,0.449986407,-0.274999786,0.858771512,2.993233,-0.082915,-0.004510,2.994382,0.000000,-0.000006432,0.000006580
408,408,left,0.377913075,0.186593027,0.853851108,3.940432,0.094415,-0.006401,3.941563,0.000000,-0.000036633,0.000037497
408,408,right,0.453056750,-0.275085033,0.858766471,3.070343,-0.085247,-0.005040,3.071526,0.000000,-0.000006262,0.000006401
409,409,left,0.381950296,0.186689615,0.853845245,4.037221,0.096588,-0.005863,4.038376,0.000000,-0.000035703,0.000036560
409,409,right,0.456202296,-0.275172307,0.858761462,3.145546,-0.087274,-0.005009,3.146756,0.000000,-0.000006093,0.000006224
410,410,left,0.386081601,0.186788671,0.853838615,4.131305,0.099056,-0.006631,4.132493,0.000000,-0.000034791,0.000035640
410,410,right,0.459421574,-0.275261585,0.858756516,3.219278,-0.089278,-0.004946,3.220516,0.000000,-0.000005927,0.000006049
411,411,left,0.390304454,0.186890064,0.853831608,4.222853,0.101393,-0.007007,4.224070,0.000000,-0.000033896,0.000034739
411,411,right,0.462712160,-0.275352846,0.858751732,3.290586,-0.091260,-0.004784,3.291852,0.000000,-0.000005763,0.000005876
412,412,left,0.394616565,0.186993447,0.853824977,4.312111,0.103383,-0.006630,4.313350,0.000000,-0.000033021,0.000033857
412,412,right,0.466071994,-0.275445891,0.858746450,3.359834,-0.093045,-0.005281,3.361122,0.000000,-0.000005601,0.000005706
413,413,left,0.399014640,0.187098853,0.853818157,4.398075,0.105407,-0.006820,4.399338,0.000000,-0.000032166,0.000032995
413,413,right,0.469498953,-0.275540964,0.858741263,3.426959,-0.095073,-0.005188,3.428278,0.000000,-0.000005442,0.000005538
414,414,left,0.403495665,0.187206429,0.853810740,4.481024,0.107575,-0.007417,4.482316,0.000000,-0.000031331,0.000032154
414,414,right,0.472990796,-0.275637847,0.858735902,3.491842,-0.096883,-0.005361,3.493186,0.000000,-0.000005286,0.000005374
415,415,left,0.408057155,0.187315888,0.853803829,4.561491,0.109459,-0.006910,4.562804,0.000000,-0.000030519,0.000031335
415,415,right,0.476544947,-0.275736258,0.858730748,3.554152,-0.098410,-0.005153,3.555514,0.000000,-0.000005133,0.000005212
416,416,left,0.412695338,0.187427281,0.853796335,4.638183,0.111393,-0.007495,4.639520,0.000000,-0.000029728,0.000030538
416,416,right,0.480159005,-0.275836417,0.858725499,3.614058,-0.100159,-0.005249,3.615445,0.000000,-0.000004984,0.000005053
417,417,left,0.417407133,0.187540400,0.853788759,4.711795,0.113119,-0.007575,4.713153,0.000000,-0.000028960,0.000029764
417,417,right,0.483830539,-0.275938324,0.858720058,3.671534,-0.101907,-0.005441,3.672948,0.000000,-0.000004837,0.000004898
418,418,left,0.422189653,0.187655147,0.853781900,4.782520,0.114747,-0.006859,4.783897,0.000000,-0.000028215,0.000029013
418,418,right,0.487556885,-0.276041488,0.858714922,3.726347,-0.103164,-0.005136,3.727774,0.000000,-0.000004694,0.000004747
419,419,left,0.427038783,0.187771660,0.853774225,4.849130,0.116513,-0.007675,4.850529,0.000000,-0.000027492,0.000028284
419,419,right,0.491335302,-0.276146182,0.858709695,3.778417,-0.104694,-0.005227,3.779867,0.000000,-0.000004555,0.000004599
420,420,left,0.431951443,0.187889623,0.853766597,4.912660,0.117962,-0.007628,4.914076,0.000000,-0.000026792,0.000027578
420,420,right,0.495163429,-0.276252166,0.858704638,3.828127,-0.105984,-0.005057,3.829594,0.000000,-0.000004419,0.000004454
421,421,left,0.436923886,0.188009048,0.853759058,4.972444,0.119425,-0.007539,4.973878,0.000000,-0.000026114,0.000026895
421,421,right,0.499037637,-0.276359550,0.858699006,3.874208,-0.107384,-0.005633,3.875696,0.000000,-0.000004286,0.000004314
422,422,left,0.441952497,0.188129976,0.853751764,5.028611,0.120928,-0.007295,5.030065,0.000000,-0.000025459,0.000026235
422,422,right,0.502956263,-0.276468045,0.858694218,3.918626,-0.108494,-0.004787,3.920128,0.000000,-0.000004158,0.000004177
423,423,left,0.447033604,0.188252137,0.853744148,5.081107,0.122161,-0.007616,5.082575,0.000000,-0.000024825,0.000025596
423,423,right,0.506915229,-0.276577859,0.858689011,3.958966,-0.109814,-0.005208,3.960488,0.000000,-0.000004033,0.000004044
424,424,left,0.452163230,0.188375547,0.853736755,5.129626,0.123409,-0.007392,5.131110,0.000000,-0.000024214,0.000024980
424,424,right,0.510912128,-0.276688462,0.858683652,3.996900,-0.110603,-0.005359,3.998430,0.000000,-0.000003912,0.000003914
425,425,left,0.457337936,0.188500034,0.853729655,5.174706,0.124487,-0.007100,5.176203,0.000000,-0.000023624,0.000024385
425,425,right,0.514944103,-0.276800124,0.858678402,4.031974,-0.111662,-0.005249,4.033520,0.000000,-0.000003794,0.000003789
426,426,left,0.462553542,0.188625668,0.853722196,5.215605,0.125634,-0.007459,5.217118,0.000000,-0.000023054,0.000023811
426,426,right,0.519007829,-0.276912663,0.858673270,4.063726,-0.112539,-0.005133,4.065284,0.000000,-0.000003680,0.000003667
427,427,left,0.467805870,0.188752132,0.853714893,5.252329,0.126465,-0.007303,5.253851,0.000000,-0.000022505,0.000023258
427,427,right,0.523100446,-0.277026141,0.858668460,4.092617,-0.113477,-0.004810,4.094190,0.000000,-0.000003570,0.000003549
428,428,left,0.473091429,0.188879484,0.853707798,5.285558,0.127351,-0.007095,5.287092,0.000000,-0.000021975,0.000022724
428,428,right,0.527218676,-0.277140093,0.858663548,4.118231,-0.113952,-0.004912,4.119807,0.000000,-0.000003463,0.000003435
429,429,left,0.478405669,0.189007509,0.853700332,5.314241,0.128025,-0.007466,5.315782,0.000000,-0.000021465,0.000022211
429,429,right,0.531359308,-0.277254735,0.858658373,4.140632,-0.114642,-0.005175,4.142218,0.000000,-0.000003360,0.000003325
430,430,left,0.483744965,0.189136122,0.853693345,5.339296,0.128613,-0.006986,5.340844,0.000000,-0.000020974,0.000021716
430,430,right,0.535519343,-0.277369925,0.858653489,4.160035,-0.115191,-0.004884,4.161630,0.000000,-0.000003260,0.000003218
431,431,left,0.489104814,0.189265205,0.853686150,5.359849,0.129083,-0.007196,5.361404,0.000000,-0.000020500,0.000021239
431,431,right,0.539695335,-0.277485460,0.858648735,4.175992,-0.115535,-0.004754,4.177590,0.000000,-0.000003164,0.000003115
432,432,left,0.494481570,0.189394854,0.853679407,5.376756,0.129649,-0.006742,5.378319,0.000000,-0.000020044,0.000020780
432,432,right,0.543884571,-0.277601505,0.858644152,4.189236,-0.116045,-0.004583,4.190843,0.000000,-0.000003071,0.000003015
433,433,left,0.499870464,0.189524944,0.853672525,5.388894,0.130090,-0.006882,5.390464,0.000000,-0.000019605,0.000020338
433,433,right,0.548083349,-0.277717572,0.858639391,4.198778,-0.116066,-0.004760,4.200382,0.000000,-0.000002982,0.000002919
434,434,left,0.505268014,0.189655049,0.853665862,5.397550,0.130106,-0.006663,5.399118,0.000000,-0.000019182,0.000019912
434,434,right,0.552288834,-0.277833996,0.858634630,4.205485,-0.116424,-0.004761,4.207096,0.000000,-0.000002895,0.000002826
435,435,left,0.510669481,0.189785498,0.853659220,5.401467,0.130449,-0.006642,5.403042,0.000000,-0.000018775,0.000019502
435,435,right,0.556497051,-0.277950480,0.858630122,4.208217,-0.116484,-0.004508,4.209829,0.000000,-0.000002812,0.000002737
436,436,left,0.516071058,0.189915947,0.853652783,5.401577,0.130449,-0.006438,5.403152,0.000000,-0.000018382,0.000019108
436,436,right,0.560705565,-0.278066984,0.858625614,4.208514,-0.116504,-0.004507,4.210126,0.000000,-0.000002732,0.000002651
437,437,left,0.521468317,0.190046300,0.853646612,5.397258,0.130352,-0.006171,5.398832,0.000000,-0.000018004,0.000018727
437,437,right,0.564910775,-0.278183350,0.858621489,4.205210,-0.116366,-0.004125,4.206820,0.000000,-0.000002655,0.000002568
438,438,left,0.526857572,0.190176526,0.853640468,5.389256,0.130226,-0.006144,5.390829,0.000000,-0.000017640,0.000018361
438,438,right,0.569109312,-0.278299552,0.858616953,4.198537,-0.116202,-0.004536,4.200144,0.000000,-0.000002581,0.000002488
439,439,left,0.532234118,0.190306437,0.853634338,5.376545,0.129911,-0.006130,5.378114,0.000000,-0.000017289,0.000018009
439,439,right,0.573298231,-0.278415325,0.858612783,4.188919,-0.115773,-0.004171,4.190519,0.000000,-0.000002510,0.000002411
440,440,left,0.537593932,0.190436163,0.853628165,5.359815,0.129726,-0.006173,5.361384,0.000000,-0.000016951,0.000017669
440,440,right,0.577474195,-0.278530953,0.858608715,4.175964,-0.115628,-0.004067,4.177565,0.000000,-0.000002441,0.000002337
441,441,left,0.542932708,0.190565251,0.853622200,5.338776,0.129088,-0.005965,5.340336,0.000000,-0.000016625,0.000017341
441,441,right,0.581633984,-0.278646045,0.858604852,4.159788,-0.115092,-0.003863,4.161380,0.000000,-0.000002376,0.000002266
442,442,left,0.548247286,0.190693710,0.853616617,5.314577,0.128459,-0.005583,5.316130,0.000000,-0.000016310,0.000017025
442,442,right,0.585773980,-0.278760536,0.858600671,4.139996,-0.114491,-0.004181,4.141579,0.000000,-0.000002312,0.000002197
443,443,left,0.553532677,0.190821693,0.853611040,5.285391,0.127982,-0.005577,5.286941,0.000000,-0.000016007,0.000016721
443,443,right,0.589891814,-0.278874510,0.858596886,4.117834,-0.113974,-0.003786,4.119411,0.000000,-0.000002252,0.000002132
444,444,left,0.558784855,0.190948906,0.853605628,5.252178,0.127213,-0.005412,5.253718,0.000000,-0.000015714,0.000016427
444,444,right,0.593983568,-0.278987498,0.858592980,4.091754,-0.112988,-0.003905,4.093314,0.000000,-0.000002193,0.000002069
445,445,left,0.564000149,0.191075046,0.853599977,5.215294,0.126140,-0.005651,5.216819,0.000000,-0.000015431,0.000016143
445,445,right,0.598046674,-0.279100003,0.858589267,4.063106,-0.112505,-0.003714,4.064663,0.000000,-0.000002137,0.000002008
446,446,left,0.569174372,0.191200422,0.853594898,5.174224,0.125376,-0.005079,5.175742,0.000000,-0.000015157,0.000015869
446,446,right,0.602077708,-0.279211457,0.858585403,4.031034,-0.111454,-0.003863,4.032575,0.000000,-0.000002083,0.000001950
447,447,left,0.574304058,0.191324682,0.853590124,5.129686,0.124260,-0.004775,5.131191,0.000000,-0.000014893,0.000015604
447,447,right,0.606073917,-0.279321848,0.858581956,3.996209,-0.110391,-0.003447,3.997733,0.000000,-0.000002032,0.000001894
448,448,left,0.579384887,0.191447913,0.853585067,5.080829,0.123231,-0.005057,5.082323,0.000000,-0.000014638,0.000015348
448,448,right,0.610032211,-0.279431286,0.858578707,3.958294,-0.109438,-0.003249,3.959807,0.000000,-0.000001982,0.000001840
449,449,left,0.584412972,0.191569867,0.853580106,5.028085,0.121953,-0.004961,5.029563,0.000000,-0.000014391,0.000015101
449,449,right,0.613949435,-0.279539743,0.858574850,3.917223,-0.108457,-0.003857,3.918724,0.000000,-0.000001934,0.000001788
450,450,left,0.589384945,0.191690424,0.853575414,4.971973,0.120558,-0.004692,4.973434,0.000000,-0.000014152,0.000014862
450,450,right,0.617822651,-0.279646774,0.858571724,3.873217,-0.107031,-0.003126,3.874695,0.000000,-0.000001889,0.000001739
451,451,left,0.594297041,0.191809674,0.853570741,4.912096,0.119249,-0.004673,4.913544,0.000000,-0.000013920,0.000014630
451,451,right,0.621649381,-0.279752427,0.858568429,3.826730,-0.105653,-0.003294,3.828188,0.000000,-0.000001845,0.000001691
452,452,left,0.599145675,0.191927278,0.853566085,4.848634,0.117604,-0.004656,4.850060,0.000000,-0.000013697,0.000014406
452,452,right,0.625426508,-0.279856970,0.858565014,3.777127,-0.104543,-0.003415,3.778573,0.000000,-0.000001803,0.000001646
453,453,left,0.603927150,0.192043575,0.853561843,4.781474,0.116297,-0.004242,4.782888,0.000000,-0.000013479,0.000014189
453,453,right,0.629151643,-0.279959891,0.858562124,3.725134,-0.102921,-0.002890,3.726556,0.000000,-0.000001762,0.000001602
454,454,left,0.608637984,0.192158097,0.853557428,4.710834,0.114521,-0.004415,4.712226,0.000000,-0.000013269,0.000013979
454,454,right,0.632821558,-0.280061215,0.858559136,3.669916,-0.101324,-0.002988,3.671314,0.000000,-0.000001724,0.000001560
455,455,left,0.613275180,0.192270780,0.853553327,4.637196,0.112684,-0.004101,4.638565,0.000000,-0.000013065,0.000013775
455,455,right,0.636434071,-0.280161080,0.858555982,3.612513,-0.099865,-0.003154,3.613893,0.000000,-0.000001687,0.000001520
456,456,left,0.617835372,0.192381749,0.853549368,4.560192,0.110968,-0.003959,4.561541,0.000000,-0.000012868,0.000013577
456,456,right,0.639986277,-0.280259235,0.858552771,3.552206,-0.098155,-0.003211,3.553562,0.000000,-0.000001651,0.000001481
457,457,left,0.622315341,0.192490748,0.853545604,4.479969,0.108999,-0.003765,4.481295,0.000000,-0.000012676,0.000013386
457,457,right,0.643476141,-0.280355641,0.858550169,3.489864,-0.096406,-0.002601,3.491195,0.000000,-0.000001617,0.000001444
458,458,left,0.626711684,0.192597512,0.853541310,4.396342,0.106765,-0.004294,4.397639,0.000000,-0.000012490,0.000013200
458,458,right,0.646901064,-0.280450332,0.858547152,3.424924,-0.094690,-0.003017,3.426232,0.000000,-0.000001584,0.000001409
459,459,left,0.631021921,0.192702611,0.853537601,4.310237,0.105099,-0.003709,4.311518,0.000000,-0.000012309,0.000013019
459,459,right,0.650258618,-0.280543076,0.858544137,3.357554,-0.092745,-0.003015,3.358835,0.000000,-0.000001553,0.000001375
460,460,left,0.635243184,0.192805463,0.853534014,4.221263,0.102852,-0.003587,4.222515,0.000000,-0.000012134,0.000012845
460,460,right,0.653546763,-0.280633989,0.858541478,3.288145,-0.090912,-0.002660,3.289402,0.000000,-0.000001523,0.000001342
461,461,left,0.639372257,0.192906231,0.853530092,4.129073,0.100768,-0.003923,4.130303,0.000000,-0.000011964,0.000012675
461,461,right,0.656763485,-0.280722622,0.858538766,3.216722,-0.088634,-0.002712,3.217943,0.000000,-0.000001494,0.000001311
462,462,left,0.643488596,0.192992014,0.853546468,4.116339,0.085783,0.016376,4.117233,0.000000,-0.000011795,0.000012506
462,462,right,0.659988275,-0.280814484,0.858556193,3.224790,-0.091862,0.017427,3.226098,0.000000,-0.000001466,0.000001281
463,463,left,0.647429887,0.193087689,0.853543669,3.941291,0.095675,-0.002799,3.942452,0.000000,-0.000011635,0.000012346
463,463,right,0.663059273,-0.280899278,0.858554206,3.070998,-0.084794,-0.001986,3.072168,0.000000,-0.000001440,0.000001252
464,464,left,0.651271882,0.193181046,0.853540384,3.841995,0.093357,-0.003285,3.843129,0.000000,-0.000011479,0.000012191
464,464,right,0.666052270,-0.280981766,0.858552174,2.992997,-0.082488,-0.002033,2.994134,0.000000,-0.000001414,0.000001224
465,465,left,0.655012426,0.193272034,0.853537928,3.740545,0.090988,-0.002456,3.741651,0.000000,-0.000011328,0.000012040
465,465,right,0.668966481,-0.281062528,0.858550503,2.914212,-0.080762,-0.001671,2.915330,0.000000,-0.000001390,0.000001198
466,466,left,0.658649495,0.193360417,0.853535043,3.637069,0.088383,-0.002885,3.638143,0.000000,-0.000011182,0.000011894
466,466,right,0.671799801,-0.281140662,0.858548328,2.833320,-0.078134,-0.002175,2.834397,0.000000,-0.000001367,0.000001173
467,467,left,0.662180830,0.193446390,0.853532080,3.531335,0.085973,-0.002963,3.532381,0.000000,-0.000011040,0.000011753
467,467,right,0.674551191,-0.281216811,0.858546353,2.751390,-0.076149,-0.001975,2.752443,0.000000,-0.000001344,0.000001149
468,468,left,0.665605360,0.193529689,0.853530160,3.424529,0.083299,-0.001920,3.425542,0.000000,-0.000010903,0.000011616
468,468,right,0.677219125,-0.281290495,0.858544793,2.667934,-0.073684,-0.001560,2.668951,0.000000,-0.000001323,0.000001126
469,469,left,0.668921006,0.193610366,0.853527207,3.315646,0.080677,-0.002953,3.316628,0.000000,-0.000010769,0.000011483
469,469,right,0.679801988,-0.281361846,0.858542579,2.582863,-0.071351,-0.002213,2.583848,0.000000,-0.000001303,0.000001104
470,470,left,0.672126211,0.193688484,0.853524653,3.205205,0.078118,-0.002554,3.206157,0.000000,-0.000010641,0.000011355
470,470,right,0.682299162,-0.281430787,0.858540934,2.497174,-0.068942,-0.001646,2.498125,0.000000,-0.000001283,0.000001083
471,471,left,0.675220129,0.193763789,0.853522652,3.093919,0.075305,-0.002001,3.094835,0.000000,-0.000010516,0.000011231
471,471,right,0.684709403,-0.281497418,0.858539219,2.410242,-0.066631,-0.001715,2.411163,0.000000,-0.000001265,0.000001063
472,472,left,0.678201136,0.193836454,0.853520314,2.981007,0.072665,-0.002338,2.981892,0.000000,-0.000010395,0.000011111
472,472,right,0.687031936,-0.281561610,0.858537527,2.322532,-0.064192,-0.001692,2.323419,0.000000,-0.000001247,0.000001043
473,473,left,0.681068502,0.193906403,0.853518296,2.867366,0.069949,-0.002018,2.868219,0.000000,-0.000010279,0.000010995
473,473,right,0.689265744,-0.281623159,0.858536032,2.233809,-0.061549,-0.001494,2.234657,0.000000,-0.000001230,0.000001025
474,474,left,0.683821105,0.193973547,0.853515876,2.752603,0.067143,-0.002420,2.753422,0.000000,-0.000010167,0.000010883
474,474,right,0.691410404,-0.281682437,0.858534360,2.144659,-0.059278,-0.001672,2.145478,0.000000,-0.000001214,0.000001008
475,475,left,0.686459111,0.194038059,0.853513840,2.638006,0.064513,-0.002036,2.638795,0.000000,-0.000010059,0.000010775
475,475,right,0.693465426,-0.281739221,0.858532650,2.055023,-0.056784,-0.001711,2.055807,0.000000,-0.000001198,0.000000991
476,476,left,0.688981615,0.194099533,0.853511810,2.522505,0.061474,-0.002030,2.523254,0.000000,-0.000009955,0.000010672
476,476,right,0.695430874,-0.281793333,0.858531661,1.965448,-0.054111,-0.000989,1.966193,0.000000,-0.000001184,0.000000975
477,477,left,0.691388206,0.194158514,0.853509699,2.406591,0.058981,-0.002111,2.407314,0.000000,-0.000009856,0.000010572
477,477,right,0.697306004,-0.281845277,0.858529979,1.875130,-0.051945,-0.001681,1.875849,0.000000,-0.000001170,0.000000960
478,478,left,0.693679453,0.194214644,0.853508034,2.291247,0.056130,-0.001664,2.291934,0.000000,-0.000009760,0.000010477
478,478,right,0.699091388,-0.281894474,0.858528483,1.785384,-0.049197,-0.001496,1.786062,0.000000,-0.000001157,0.000000946
479,479,left,0.695855185,0.194267978,0.853506087,2.175732,0.053334,-0.001947,2.176386,0.000000,-0.000009669,0.000010386
479,479,right,0.700786650,-0.281941226,0.858527001,1.695262,-0.046752,-0.001482,1.695907,0.000000,-0.000001144,0.000000933
480,480,left,0.697916090,0.194318351,0.853504507,2.060905,0.050373,-0.001580,2.061520,0.000000,-0.000009581,0.000010299
480,480,right,0.702392787,-0.281985693,0.858526053,1.606137,-0.044466,-0.000948,1.606753,0.000000,-0.000001133,0.000000920
481,481,left,0.699862826,0.194366131,0.853502836,1.946735,0.047780,-0.001672,1.947322,0.000000,-0.000009498,0.000010216
481,481,right,0.703909839,-0.282027573,0.858525008,1.517052,-0.041880,-0.001045,1.517630,0.000000,-0.000001121,0.000000908
482,482,left,0.701695940,0.194410973,0.853500804,1.833114,0.044842,-0.002032,1.833663,0.000000,-0.000009419,0.000010137
482,482,right,0.705338630,-0.282067051,0.858523934,1.428791,-0.039478,-0.001074,1.429337,0.000000,-0.000001111,0.000000897
483,483,left,0.703416756,0.194453164,0.853499394,1.720816,0.042190,-0.001409,1.721333,0.000000,-0.000009344,0.000010062
483,483,right,0.706680040,-0.282104043,0.858522857,1.341410,-0.036992,-0.001077,1.341919,0.000000,-0.000001101,0.000000887
484,484,left,0.705026568,0.194492721,0.853498023,1.609812,0.039557,-0.001372,1.610298,0.000000,-0.000009273,0.000009992
484,484,right,0.707934857,-0.282138700,0.858521486,1.254817,-0.034656,-0.001371,1.255295,0.000000,-0.000001092,0.000000877
485,485,left,0.706527371,0.194529331,0.853496825,1.500803,0.036610,-0.001198,1.501250,0.000000,-0.000009207,0.000009925
485,485,right,0.709104966,-0.282170922,0.858520961,1.170109,-0.032223,-0.000524,1.170553,0.000000,-0.000001083,0.000000868
486,486,left,0.707920753,0.194563401,0.853496004,1.393382,0.034070,-0.000822,1.393798,0.000000,-0.000009144,0.000009863
486,486,right,0.710191132,-0.282200932,0.858520468,1.086166,-0.030010,-0.000494,1.086581,0.000000,-0.000001076,0.000000859
487,487,left,0.709208482,0.194594974,0.853494797,1.287729,0.031573,-0.001207,1.288116,0.000000,-0.000009086,0.000009805
487,487,right,0.711195404,-0.282228639,0.858519907,1.004272,-0.027707,-0.000561,1.004654,0.000000,-0.000001068,0.000000851
488,488,left,0.710393479,0.194623768,0.853494346,1.184997,0.028794,-0.000451,1.185347,0.000000,-0.000009032,0.000009751
488,488,right,0.712119408,-0.282254193,0.858519492,0.924004,-0.025553,-0.000415,0.924357,0.000000,-0.000001061,0.000000844
489,489,left,0.711477520,0.194649937,0.853493536,1.084041,0.026170,-0.000810,1.084357,0.000000,-0.000008982,0.000009701
489,489,right,0.712965130,-0.282277786,0.858519414,0.845722,-0.023593,-0.000078,0.846051,0.000000,-0.000001055,0.000000837
490,490,left,0.712464029,0.194673708,0.853493300,0.986509,0.023770,-0.000236,0.986796,0.000000,-0.000008936,0.000009655
490,490,right,0.713734661,-0.282299042,0.858519360,0.769531,-0.021256,-0.000054,0.769824,0.000000,-0.000001049,0.000000831
491,491,left,0.713356072,0.194695124,0.853493322,0.892042,0.021416,0.000022,0.892299,0.000000,-0.000008894,0.000009613
491,491,right,0.714430373,-0.282318297,0.858519468,0.695712,-0.019254,0.000108,0.695979,0.000000,-0.000001044,0.000000826
492,492,left,0.714156771,0.194714158,0.853493586,0.800700,0.019034,0.000264,0.800926,0.000000,-0.000008856,0.000009575
492,492,right,0.715054728,-0.282335609,0.858519800,0.624355,-0.017313,0.000332,0.624595,0.000000,-0.000001040,0.000000821
493,493,left,0.714869416,0.194730898,0.853493573,0.712645,0.016740,-0.000013,0.712841,0.000000,-0.000008821,0.000009541
493,493,right,0.715610862,-0.282351139,0.858520385,0.556134,-0.015530,0.000585,0.556351,0.000000,-0.000001036,0.000000816
494,494,left,0.715497891,0.194745429,0.853494108,0.628475,0.014531,0.000534,0.628643,0.000000,-0.000008791,0.000009511
494,494,right,0.716100995,-0.282364868,0.858520500,0.490133,-0.013728,0.000115,0.490325,0.000000,-0.000001032,0.000000812
495,495,left,0.716046620,0.194758026,0.853495048,0.548729,0.012597,0.000940,0.548874,0.000000,-0.000008764,0.000009484
495,495,right,0.716475681,-0.282373766,0.858510362,0.374686,-0.008898,-0.010138,0.374792,0.000000,-0.000001029,0.000000809
496,496,left,0.716519440,0.194768614,0.853495934,0.472820,0.010588,0.000886,0.472938,0.000000,-0.000008741,0.000009461
496,496,right,0.716839933,-0.282383841,0.858510211,0.364252,-0.010076,-0.000151,0.364391,0.000000,-0.000001026,0.000000806
497,497,left,0.716871539,0.194783860,0.853486980,0.352099,0.015246,-0.008954,0.352429,0.000000,-0.000008724,0.000009444
497,497,right,0.717158020,-0.282392761,0.858512442,0.318087,-0.008920,0.002231,0.318212,0.000000,-0.000001024,0.000000804
498,498,left,0.717202345,0.194791475,0.853487376,0.330806,0.007614,0.000396,0.330894,0.000000,-0.000008708,0.000009428
498,498,right,0.717426087,-0.282400545,0.858514818,0.268067,-0.007784,0.002376,0.268180,0.000000,-0.000001022,0.000000802
499,499,left,0.717481676,0.194796226,0.853489636,0.279331,0.004751,0.002260,0.279372,0.000000,-0.000008694,0.000009414
499,499,right,0.717646180,-0.282407147,0.858517022,0.220093,-0.006602,0.002204,0.220192,0.000000,-0.000001020,0.000000800
500,500,left,0.717707202,0.194799674,0.853492539,0.225526,0.003448,0.002902,0.225552,0.000000,-0.000008683,0.000009402
500,500,right,0.717822272,-0.282412279,0.858519495,0.176092,-0.005133,0.002472,0.176167,0.000000,-0.000001019,0.000000799
501,501,left,0.717882111,0.194801558,0.853494896,0.174909,0.001883,0.002358,0.174919,0.000000,-0.000008673,0.000009393
501,501,right,0.717914099,-0.282414023,0.858512747,0.091827,-0.001743,-0.006748,0.091843,0.000000,-0.000001018,0.000000798
502,502,left,0.717972705,0.194807819,0.853490255,0.090594,0.006262,-0.004641,0.090810,0.000000,-0.000008669,0.000009389
502,502,right,0.718005609,-0.282416306,0.858512859,0.091510,-0.002283,0.000112,0.091539,0.000000,-0.000001017,0.000000797
503,503,left,0.718055800,0.194809166,0.853490850,0.083095,0.001346,0.000595,0.083106,0.000000,-0.000008665,0.000009385
503,503,right,0.718081691,-0.282418821,0.858515623,0.076082,-0.002515,0.002764,0.076123,0.000000,-0.000001017,0.000000796
504,504,left,0.718120094,0.194808445,0.853493819,0.064293,-0.000720,0.002969,0.064297,0.000000,-0.000008662,0.000009382
504,504,right,0.718138033,-0.282420906,0.858519495,0.056342,-0.002085,0.003872,0.056380,0.000000,-0.000001017,0.000000796
505,505,left,0.718120094,0.194808445,0.853493819,0.000000,0.000000,0.000000,0.000000,0.000000,-0.000008662,0.000009382
505,505,right,0.718138033,-0.282420906,0.858519495,0.000000,0.000000,0.000000,0.000000,0.000000,-0.000001017,0.000000796
506,506,left,0.718120094,0.194808445,0.853493819,0.000000,0.000000,0.000000,0.000000,0.000000,-0.000008662,0.000009382
506,506,right,0.718138033,-0.282420906,0.858519495,0.000000,0.000000,0.000000,0.000000,0.000000,-0.000001017,0.000000796
507,507,left,0.718120094,0.194808445,0.853493819,0.000000,0.000000,0.000000,0.000000,0.000000,-0.000008662,0.000009382
507,507,right,0.718138033,-0.282420906,0.858519495,0.000000,0.000000,0.000000,0.000000,0.000000,-0.000001017,0.000000796
508,508,left,0.718120094,0.194808445,0.853493819,0.000000,0.000000,0.000000,0.000000,0.000026,-0.000007507,0.000010536
508,508,right,0.718138033,-0.282420906,0.858519495,0.000000,0.000000,0.000000,0.000000,0.000026,0.000000138,0.000001950
509,509,left,0.718120094,0.194808445,0.853493819,0.000000,0.000000,0.000000,0.000000,0.000206,0.000000381,0.000018424
509,509,right,0.718138033,-0.282420907,0.858519495,-0.000000,-0.000000,-0.000000,0.000000,0.000206,0.000008026,0.000009838
510,510,left,0.718120094,0.194808445,0.853493819,0.000000,0.000000,0.000000,0.000000,0.000679,0.000021211,0.000039254
510,510,right,0.718138033,-0.282420907,0.858519495,0.000000,0.000000,0.000000,0.000000,0.000679,0.000028856,0.000030669
511,511,left,0.718120094,0.194808445,0.853493819,0.000000,0.000000,0.000000,0.000000,0.001575,0.000060637,0.000078680
511,511,right,0.718138033,-0.282420907,0.858519495,0.000000,0.000000,0.000000,0.000000,0.001575,0.000068282,0.000070094
512,512,left,0.718120094,0.194808445,0.853493819,0.000000,-0.000000,-0.000000,0.000000,0.003010,0.000123770,0.000141814
512,512,right,0.718138033,-0.282420907,0.858519495,0.000000,0.000000,0.000000,0.000000,0.003010,0.000131415,0.000133228
513,513,left,0.718120094,0.194808445,0.853493819,0.000000,0.000000,0.000000,0.000000,0.005088,0.000215200,0.000233244
513,513,right,0.718138033,-0.282420907,0.858519495,0.000000,0.000000,0.000000,0.000000,0.005088,0.000222845,0.000224658
514,514,left,0.718120094,0.194808445,0.853493819,-0.000000,0.000000,0.000000,0.000000,0.007902,0.000339007,0.000357051
514,514,right,0.718138033,-0.282420906,0.858519495,0.000000,0.000000,0.000000,0.000000,0.007902,0.000346652,0.000348465
515,515,left,0.718120094,0.194808445,0.853493819,0.000000,-0.000000,-0.000000,0.000000,0.011533,0.000498781,0.000516825
515,515,right,0.718138033,-0.282420906,0.858519495,0.000000,0.000000,0.000000,0.000000,0.011533,0.000506426,0.000508240
516,516,left,0.718120094,0.194808445,0.853493819,0.000000,0.000000,0.000000,0.000000,0.016052,0.000697636,0.000715681
516,516,right,0.718138033,-0.282420906,0.858519495,0.000000,0.000000,0.000000,0.000000,0.016052,0.000705281,0.000707096
517,517,left,0.718120094,0.194808445,0.853493819,0.000000,0.000000,0.000000,0.000000,0.021520,0.000938230,0.000956276
517,517,right,0.718138033,-0.282420906,0.858519495,0.000000,0.000000,0.000000,0.000000,0.021520,0.000945875,0.000947690
518,518,left,0.718120094,0.194808445,0.853493819,0.000000,0.000000,0.000000,0.000000,0.027987,0.001222777,0.001240823
518,518,right,0.718138033,-0.282420906,0.858519495,0.000000,0.000000,0.000000,0.000000,0.027987,0.001230422,0.001232238
519,519,left,0.718120094,0.194808445,0.853493819,0.000000,0.000000,0.000000,0.000000,0.035494,0.001553065,0.001571112
519,519,right,0.718138033,-0.282420906,0.858519495,0.000000,0.000000,-0.000000,0.000000,0.035494,0.001560710,0.001562526
520,520,left,0.718120094,0.194808445,0.853493819,-0.000000,0.000000,0.000000,0.000000,0.044071,0.001930474,0.001948521
520,520,right,0.718138033,-0.282420906,0.858519495,-0.000000,-0.000000,0.000000,0.000000,0.044071,0.001938119,0.001939936
521,521,left,0.718120094,0.194808445,0.853493819,0.000000,0.000000,0.000000,0.000000,0.053742,0.002355990,0.002374039
521,521,right,0.718138033,-0.282420906,0.858519495,0.000000,0.000000,0.000000,0.000000,0.053742,0.002363635,0.002365453
522,522,left,0.718120094,0.194808445,0.853493819,0.000000,-0.000000,-0.000000,0.000000,0.064520,0.002830223,0.002848273
522,522,right,0.718138033,-0.282420906,0.858519495,0.000000,0.000000,0.000000,0.000000,0.064520,0.002837868,0.002839688
523,523,left,0.718120094,0.194808444,0.853493819,-0.000000,-0.000000,-0.000000,0.000000,0.076411,0.003353423,0.003371475
523,523,right,0.718138033,-0.282420906,0.858519495,0.000000,0.000000,0.000000,0.000000,0.076411,0.003361068,0.003362890
524,524,left,0.718120094,0.194808445,0.853493819,-0.000000,0.000000,0.000000,0.000000,0.089413,0.003925496,0.003943549
524,524,right,0.718138033,-0.282420906,0.858519495,0.000000,0.000000,0.000000,0.000000,0.089413,0.003933141,0.003934964
525,525,left,0.718120094,0.194808444,0.853493819,0.000000,-0.000000,-0.000000,0.000000,0.103516,0.004546021,0.004564074
525,525,right,0.718138033,-0.282420906,0.858519495,0.000000,0.000000,0.000000,0.000000,0.103516,0.004553665,0.004555489
526,526,left,0.718120094,0.194808444,0.853493819,0.000000,0.000000,0.000000,0.000000,0.118703,0.005214263,0.005232318
526,526,right,0.718138033,-0.282420906,0.858519495,0.000000,0.000000,0.000000,0.000000,0.118703,0.005221907,0.005223733
527,527,left,0.718120091,0.194808639,0.853493818,-0.000002,0.000195,-0.000001,0.000195,0.134951,0.005929196,0.005947253
527,527,right,0.718138033,-0.282420906,0.858519495,0.000000,0.000000,0.000000,0.000000,0.134951,0.005936841,0.005938669
528,528,left,0.718120091,0.194808640,0.853493818,-0.000000,0.000000,0.000000,0.000000,0.152231,0.006689516,0.006707574
528,528,right,0.718138033,-0.282420906,0.858519495,0.000000,0.000000,-0.000000,0.000000,0.152231,0.006697160,0.006698990
529,529,left,0.718120091,0.194808640,0.853493818,0.000000,-0.000000,0.000000,0.000000,0.170507,0.007493652,0.007511713
529,529,right,0.718138033,-0.282420937,0.858519495,-0.000000,-0.000030,-0.000000,0.000030,0.170507,0.007501296,0.007503128
530,530,left,0.718120091,0.194808640,0.853493818,0.000000,0.000000,0.000000,0.000000,0.189738,0.008339793,0.008357855
530,530,right,0.718138033,-0.282420937,0.858519495,0.000000,0.000000,0.000000,0.000000,0.189738,0.008347437,0.008349271
531,531,left,0.718120091,0.194808640,0.853493818,0.000000,0.000000,0.000000,0.000000,0.209877,0.009225897,0.009243960
531,531,right,0.718138034,-0.282420878,0.858519495,0.000001,0.000058,0.000000,0.000058,0.209877,0.009233540,0.009235376
532,532,left,0.718120091,0.194808640,0.853493818,0.000000,0.000000,0.000000,0.000000,0.230872,0.010149705,0.010167770
532,532,right,0.718138034,-0.282420878,0.858519495,0.000000,0.000000,0.000000,0.000000,0.230872,0.010157348,0.010159187
533,533,left,0.718120091,0.194808640,0.853493818,0.000000,0.000000,0.000000,0.000000,0.252669,0.011108770,0.011126837
533,533,right,0.718138034,-0.282420879,0.858519495,-0.000000,-0.000001,-0.000000,0.000001,0.252669,0.011116412,0.011118254
534,534,left,0.718120091,0.194808640,0.853493818,-0.000000,0.000000,0.000000,0.000000,0.275208,0.012100455,0.012118525
534,534,right,0.718138034,-0.282420879,0.858519495,0.000000,0.000000,0.000000,0.000000,0.275208,0.012108099,0.012109942
535,535,left,0.718120091,0.194808640,0.853493818,0.000000,-0.000000,-0.000000,0.000000,0.298424,0.013121970,0.013140041
535,535,right,0.718138034,-0.282420878,0.858519495,0.000000,0.000001,0.000000,0.000001,0.298424,0.013129613,0.013131459
536,536,left,0.718120091,0.194808640,0.853493818,0.000000,0.000000,0.000000,0.000000,0.322251,0.014170367,0.014188441
536,536,right,0.718138034,-0.282420878,0.858519495,0.000000,0.000000,0.000000,0.000000,0.322251,0.014178010,0.014179858
537,537,left,0.718120091,0.194808640,0.853493818,-0.000000,0.000000,0.000000,0.000000,0.346619,0.015242576,0.015260651
537,537,right,0.718138034,-0.282420878,0.858519495,0.000000,0.000000,0.000000,0.000000,0.346619,0.015250218,0.015252069
538,538,left,0.718120091,0.194808639,0.853493818,0.000000,-0.000001,-0.000000,0.000001,0.371456,0.016335407,0.016353482
538,538,right,0.718138034,-0.282420879,0.858519495,-0.000000,-0.000001,-0.000000,0.000001,0.371456,0.016343048,0.016344901
539,539,left,0.718120091,0.194808639,0.853493818,0.000000,-0.000000,-0.000000,0.000000,0.396687,0.017445570,0.017463649
539,539,right,0.718138034,-0.282420879,0.858519495,0.000000,0.000000,0.000000,0.000000,0.396687,0.017453212,0.017455067
540,540,left,0.718120091,0.194808639,0.853493818,0.000000,0.000000,0.000000,0.000000,0.422236,0.018569700,0.018587779
540,540,right,0.718138034,-0.282420878,0.858519495,0.000000,0.000001,0.000000,0.000001,0.422236,0.018577341,0.018579200
541,541,left,0.718120091,0.194808639,0.853493818,0.000000,0.000000,0.000000,0.000000,0.448024,0.019704362,0.019722445
541,541,right,0.718138034,-0.282420878,0.858519495,0.000000,0.000000,0.000000,0.000000,0.448024,0.019712003,0.019713866
542,542,left,0.718120091,0.194808639,0.853493818,-0.000000,0.000000,0.000000,0.000000,0.473972,0.020846074,0.020864157
542,542,right,0.718138034,-0.282420878,0.858519495,0.000000,0.000000,0.000000,0.000000,0.473972,0.020853713,0.020855578
543,543,left,0.718120091,0.194808639,0.853493818,0.000000,-0.000000,-0.000000,0.000000,0.500000,0.021991316,0.022009401
543,543,right,0.718138034,-0.282420878,0.858519495,0.000000,0.000000,0.000000,0.000000,0.500000,0.021998957,0.022000823
544,544,left,0.718120091,0.194808640,0.853493818,-0.000000,0.000001,0.000000,0.000001,0.526028,0.023136560,0.023154646
544,544,right,0.718138034,-0.282420848,0.858519495,0.000000,0.000030,0.000000,0.000030,0.526028,0.023144199,0.023146069
545,545,left,0.718120091,0.194808640,0.853493818,0.000000,0.000000,0.000000,0.000000,0.551976,0.024278270,0.024296358
545,545,right,0.718138035,-0.282420760,0.858519495,0.000001,0.000088,0.000000,0.000088,0.551976,0.024285909,0.024287781
546,546,left,0.718120091,0.194808640,0.853493818,-0.000000,0.000000,0.000000,0.000000,0.577764,0.025412934,0.025431024
546,546,right,0.718138035,-0.282420760,0.858519495,0.000000,0.000000,0.000000,0.000000,0.577764,0.025420573,0.025422446
547,547,left,0.718120091,0.194808640,0.853493818,0.000000,0.000000,0.000000,0.000000,0.603313,0.026537064,0.026555154
547,547,right,0.718138035,-0.282420760,0.858519495,0.000000,0.000000,0.000000,0.000000,0.603313,0.026544701,0.026546579
548,548,left,0.718120091,0.194808640,0.853493818,0.000000,0.000000,0.000000,0.000000,0.628544,0.027647229,0.027665321
548,548,right,0.718138035,-0.282420760,0.858519495,0.000000,0.000000,0.000000,0.000000,0.628544,0.027654868,0.027656745
549,549,left,0.718120091,0.194808639,0.853493818,0.000000,-0.000001,-0.000000,0.000001,0.653381,0.028740060,0.028758151
549,549,right,0.718138035,-0.282420760,0.858519495,0.000000,0.000000,0.000000,0.000000,0.653381,0.028747696,0.028749578
550,550,left,0.718120091,0.194808638,0.853493818,-0.000000,-0.000000,-0.000000,0.000000,0.677749,0.029812267,0.029830361
550,550,right,0.718138035,-0.282420760,0.858519495,0.000000,0.000000,0.000000,0.000000,0.677749,0.029819902,0.029821787
551,551,left,0.718120110,0.194808710,0.853493860,0.000019,0.000072,0.000041,0.000074,0.701576,0.030860664,0.030878760
551,551,right,0.718138035,-0.282420760,0.858519495,0.000000,0.000000,0.000000,0.000000,0.701576,0.030868301,0.030870186
552,552,left,0.718120112,0.194808711,0.853493836,0.000002,0.000001,-0.000024,0.000003,0.724792,0.031882182,0.031900275
552,552,right,0.718138035,-0.282420761,0.858519495,-0.000000,-0.000001,-0.000000,0.000001,0.724792,0.031889815,0.031891704
553,553,left,0.718120112,0.194808711,0.853493836,0.000000,0.000000,0.000000,0.000000,0.747331,0.032873865,0.032891963
553,553,right,0.718138035,-0.282420796,0.858519494,-0.000001,-0.000035,-0.000001,0.000035,0.747331,0.032881502,0.032883391
554,554,left,0.718120110,0.194808710,0.853493860,-0.000002,-0.000001,0.000024,0.000003,0.769128,0.033832930,0.033851027
554,554,right,0.718138035,-0.282420796,0.858519494,0.000000,0.000000,0.000000,0.000000,0.769128,0.033840567,0.033842456
555,555,left,0.718120110,0.194808710,0.853493860,0.000000,0.000000,0.000000,0.000000,0.790123,0.034756742,0.034774840
555,555,right,0.718138035,-0.282420797,0.858519494,-0.000000,-0.000001,-0.000000,0.000001,0.790123,0.034764376,0.034766272
556,556,left,0.718120110,0.194808710,0.853493860,0.000000,0.000000,0.000000,0.000000,0.810262,0.035642844,0.035660941
556,556,right,0.718138035,-0.282420796,0.858519494,0.000000,0.000001,0.000000,0.000001,0.810262,0.035650477,0.035652373
557,557,left,0.718120091,0.194808638,0.853493818,-0.000019,-0.000072,-0.000041,0.000074,0.829493,0.036488988,0.036507085
557,557,right,0.718138035,-0.282420796,0.858519494,0.000000,0.000000,0.000000,0.000000,0.829493,0.036496621,0.036498517
558,558,left,0.718120091,0.194808638,0.853493818,-0.000000,0.000000,0.000000,0.000000,0.847769,0.037293125,0.037311222
558,558,right,0.718138035,-0.282420796,0.858519494,0.000000,0.000000,0.000000,0.000000,0.847769,0.037300758,0.037302654
559,559,left,0.718120091,0.194808639,0.853493818,0.000000,0.000000,0.000000,0.000000,0.865049,0.038053446,0.038071547
559,559,right,0.718138035,-0.282420797,0.858519494,-0.000000,-0.000001,-0.000000,0.000001,0.865049,0.038061075,0.038062979
560,560,left,0.718120091,0.194808639,0.853493818,-0.000000,0.000000,-0.000000,0.000000,0.881297,0.038768377,0.038786478
560,560,right,0.718138035,-0.282420796,0.858519494,0.000000,0.000001,0.000000,0.000001,0.881297,0.038776007,0.038777910
561,561,left,0.718120089,0.194808644,0.853493817,-0.000002,0.000005,-0.000001,0.000006,0.896484,0.039436620,0.039454721
561,561,right,0.718138035,-0.282420797,0.858519494,-0.000000,-0.000001,-0.000000,0.000001,0.896484,0.039444249,0.039446153
562,562,left,0.718120089,0.194808644,0.853493817,0.000000,0.000000,0.000000,0.000000,0.910587,0.040057145,0.040075246
562,562,right,0.718138035,-0.282420796,0.858519494,0.000000,0.000001,0.000000,0.000001,0.910587,0.040064774,0.040066678
563,563,left,0.718120089,0.194808644,0.853493817,0.000000,0.000000,0.000000,0.000000,0.923589,0.040629219,0.040647320
563,563,right,0.718138035,-0.282420766,0.858519494,0.000000,0.000030,0.000000,0.000030,0.923589,0.040636849,0.040638752
564,564,left,0.718120089,0.194808644,0.853493817,0.000000,-0.000000,-0.000000,0.000000,0.935480,0.041152421,0.041170523
564,564,right,0.718138034,-0.282420706,0.858519518,-0.000001,0.000059,0.000024,0.000059,0.935480,0.041160051,0.041161954
565,565,left,0.718120089,0.194808644,0.853493817,0.000000,0.000000,0.000000,0.000000,0.946258,0.041626655,0.041644756
565,565,right,0.718138036,-0.282420708,0.858519494,0.000002,-0.000001,-0.000024,0.000003,0.946258,0.041634284,0.041636188
566,566,left,0.718120089,0.194808644,0.853493817,0.000000,0.000000,0.000000,0.000000,0.955929,0.042052172,0.042070273
566,566,right,0.718138034,-0.282420706,0.858519518,-0.000002,0.000001,0.000024,0.000003,0.955929,0.042059802,0.042061709
567,567,left,0.718120089,0.194808644,0.853493817,0.000000,0.000000,0.000000,0.000000,0.964506,0.042429581,0.042447682
567,567,right,0.718138034,-0.282420707,0.858519518,-0.000000,-0.000000,-0.000000,0.000000,0.964506,0.042437207,0.042439118
568,568,left,0.718120089,0.194808644,0.853493817,0.000000,-0.000000,0.000000,0.000000,0.972013,0.042759869,0.042777970
568,568,right,0.718138034,-0.282420706,0.858519518,0.000000,0.000001,0.000000,0.000001,0.972013,0.042767495,0.042769406
569,569,left,0.718120089,0.194808644,0.853493817,0.000000,0.000000,0.000000,0.000000,0.978480,0.043044414,0.043062516
569,569,right,0.718138034,-0.282420706,0.858519518,-0.000000,-0.000000,0.000000,0.000000,0.978480,0.043052040,0.043053951
570,570,left,0.718120089,0.194808644,0.853493817,0.000000,0.000000,0.000000,0.000000,0.983948,0.043285005,0.043303110
570,570,right,0.718138034,-0.282420706,0.858519518,0.000000,0.000000,-0.000000,0.000000,0.983948,0.043292634,0.043294545
571,571,left,0.718120089,0.194808644,0.853493817,0.000000,0.000000,0.000000,0.000000,0.988467,0.043483861,0.043501966
571,571,right,0.718138034,-0.282420706,0.858519518,0.000000,0.000000,0.000000,0.000000,0.988467,0.043491490,0.043493401
572,572,left,0.718120089,0.194808644,0.853493817,0.000000,0.000000,0.000000,0.000000,0.992098,0.043643635,0.043661740
572,572,right,0.718138034,-0.282420706,0.858519518,0.000000,0.000000,0.000000,0.000000,0.992098,0.043651264,0.043653175
573,573,left,0.718120089,0.194808644,0.853493817,0.000000,0.000000,0.000000,0.000000,0.994912,0.043767445,0.043785550
573,573,right,0.718138034,-0.282420706,0.858519518,0.000000,0.000000,0.000000,0.000000,0.994912,0.043775074,0.043776985
574,574,left,0.718120089,0.194808644,0.853493817,0.000000,0.000000,0.000000,0.000000,0.996990,0.043858875,0.043876980
574,574,right,0.718138034,-0.282420707,0.858519518,-0.000000,-0.000001,-0.000000,0.000001,0.996990,0.043866504,0.043868415
575,575,left,0.718120089,0.194808644,0.853493817,0.000000,0.000000,0.000000,0.000000,0.998425,0.043922007,0.043940112
575,575,right,0.718138034,-0.282420707,0.858519518,0.000000,0.000000,0.000000,0.000000,0.998425,0.043929636,0.043931548
576,576,left,0.718120089,0.194808644,0.853493817,0.000000,0.000000,0.000000,0.000000,0.999321,0.043961432,0.043979537
576,576,right,0.718138034,-0.282420706,0.858519518,0.000000,0.000000,0.000000,0.000000,0.999321,0.043969061,0.043970972
577,577,left,0.718120089,0.194808644,0.853493817,0.000000,0.000000,0.000000,0.000000,0.999794,0.043982264,0.044000369
577,577,right,0.718138034,-0.282420706,0.858519518,0.000000,0.000000,0.000000,0.000000,0.999794,0.043989893,0.043991804
578,578,left,0.718120089,0.194808644,0.853493817,0.000000,0.000000,0.000000,0.000000,0.999974,0.043990150,0.044008255
578,578,right,0.718138034,-0.282420706,0.858519518,0.000000,0.000000,0.000000,0.000000,0.999974,0.043997779,0.043999691
579,579,left,0.718120089,0.194808644,0.853493817,0.000000,0.000000,0.000000,0.000000,1.000000,0.043991305,0.044009410
579,579,right,0.718138034,-0.282420706,0.858519518,0.000000,0.000000,0.000000,0.000000,1.000000,0.043998934,0.044000845
580,580,left,0.718120089,0.194808644,0.853493817,0.000000,0.000000,0.000000,0.000000,1.000000,0.043991305,0.044009410
580,580,right,0.718138034,-0.282420706,0.858519518,0.000000,0.000000,0.000000,0.000000,1.000000,0.043998934,0.044000845
581,581,left,0.718166057,0.194808255,0.853541252,0.045968,-0.000388,0.047435,0.045969,1.000000,0.043991312,0.044009402
581,581,right,0.718138034,-0.282420706,0.858519518,0.000000,0.000000,0.000000,0.000000,1.000000,0.043998934,0.044000845
582,582,left,0.718182646,0.194806284,0.853646957,0.016589,-0.001972,0.105704,0.016706,1.000000,0.043991320,0.044009395
582,582,right,0.718167116,-0.282421674,0.858666851,0.029082,-0.000968,0.147333,0.029098,1.000000,0.043998938,0.044000842
583,583,left,0.718183480,0.194806181,0.853837465,0.000833,-0.000103,0.190508,0.000840,1.000000,0.043991331,0.044009384
583,583,right,0.718177417,-0.282422244,0.858859925,0.010301,-0.000570,0.193074,0.010317,1.000000,0.043998938,0.044000842
584,584,left,0.718174559,0.194807259,0.854133079,-0.008921,0.001079,0.295614,0.008986,1.000000,0.043991353,0.044009365
584,584,right,0.718173240,-0.282421990,0.859156693,-0.004177,0.000255,0.296768,0.004184,1.000000,0.043998942,0.044000838
585,585,left,0.718159316,0.194809322,0.854550124,-0.015243,0.002063,0.417046,0.015382,1.000000,0.043991379,0.044009339
585,585,right,0.718160641,-0.282421274,0.859573832,-0.012600,0.000715,0.417139,0.012620,1.000000,0.043998949,0.044000831
586,586,left,0.718139383,0.194811863,0.855099078,-0.019932,0.002541,0.548954,0.020094,1.000000,0.043991413,0.044009302
586,586,right,0.718142792,-0.282420345,0.860123122,-0.017849,0.000930,0.549291,0.017873,1.000000,0.043998957,0.044000823
587,587,left,0.718164553,0.194808463,0.855810871,0.025170,-0.003400,0.711793,0.025399,1.000000,0.043991461,0.044009253
587,587,right,0.718170878,-0.282421899,0.860835861,0.028086,-0.001554,0.712739,0.028129,1.000000,0.043998964,0.044000816
588,588,left,0.718164783,0.194808439,0.856650774,0.000229,-0.000024,0.839902,0.000231,1.000000,0.043991517,0.044009201
588,588,right,0.718171440,-0.282421915,0.861675782,0.000562,-0.000016,0.839921,0.000562,1.000000,0.043998975,0.044000804
589,589,left,0.718157246,0.194809540,0.857632492,-0.007536,0.001102,0.981718,0.007616,1.000000,0.043991584,0.044009134
589,589,right,0.718164849,-0.282421530,0.862657701,-0.006592,0.000385,0.981919,0.006603,1.000000,0.043998990,0.044000790
590,590,left,0.718147580,0.194810665,0.858754174,-0.009667,0.001124,1.121682,0.009732,1.000000,0.043991659,0.044009063
590,590,right,0.718156357,-0.282421036,0.863779632,-0.008492,0.000494,1.121930,0.008506,1.000000,0.043999005,0.044000775
591,591,left,0.718136790,0.194811971,0.860009613,-0.010790,0.001306,1.255439,0.010868,1.000000,0.043991745,0.044008978
591,591,right,0.718147175,-0.282420507,0.865035535,-0.009182,0.000530,1.255904,0.009197,1.000000,0.043999020,0.044000756
592,592,left,0.718171397,0.194807646,0.861401391,0.034608,-0.004325,1.391778,0.034877,1.000000,0.043991841,0.044008885
592,592,right,0.718137615,-0.282420048,0.866417189,-0.009561,0.000459,1.381653,0.009572,1.000000,0.043999039,0.044000737
593,593,left,0.718172178,0.194807522,0.862900359,0.000781,-0.000124,1.498968,0.000790,1.000000,0.043991942,0.044008784
593,593,right,0.718127863,-0.282419512,0.867913627,-0.009752,0.000535,1.496439,0.009766,1.000000,0.043999061,0.044000715
594,594,left,0.718167915,0.194807969,0.864500702,-0.004263,0.000447,1.600342,0.004286,1.000000,0.043992054,0.044008672
594,594,right,0.718171277,-0.282421904,0.869524842,0.043414,-0.002392,1.611215,0.043480,1.000000,0.043999083,0.044000693
595,595,left,0.718162661,0.194808612,0.866188326,-0.005254,0.000644,1.687624,0.005294,1.000000,0.043992169,0.044008560
595,595,right,0.718173264,-0.282421999,0.871214177,0.001986,-0.000095,1.689335,0.001989,1.000000,0.043999106,0.044000670
596,596,left,0.718157106,0.194809500,0.867947450,-0.005555,0.000888,1.759124,0.005625,1.000000,0.043992292,0.044008438
596,596,right,0.718170014,-0.282421809,0.872974358,-0.003249,0.000190,1.760181,0.003255,1.000000,0.043999132,0.044000644
597,597,left,0.718151450,0.194810207,0.869761759,-0.005656,0.000707,1.814309,0.005700,1.000000,0.043992419,0.044008311
597,597,right,0.718166094,-0.282421590,0.874788693,-0.003920,0.000219,1.814334,0.003926,1.000000,0.043999158,0.044000618
598,598,left,0.718145757,0.194810868,0.871613030,-0.005693,0.000661,1.851270,0.005731,1.000000,0.043992553,0.044008184
598,598,right,0.718162152,-0.282421339,0.876640442,-0.003942,0.000251,1.851750,0.003950,1.000000,0.043999184,0.044000588
599,599,left,0.718140309,0.194811543,0.873482575,-0.005448,0.000674,1.869545,0.005489,1.000000,0.043992683,0.044008050
599,599,right,0.718158273,-0.282421146,0.878510505,-0.003879,0.000194,1.870062,0.003884,1.000000,0.043999214,0.044000562
600,600,left,0.718175636,0.194807054,0.875362719,0.035327,-0.004489,1.880144,0.035611,1.000000,0.043992825,0.044007912
600,600,right,0.718154818,-0.282420959,0.880381115,-0.003455,0.000187,1.870610,0.003461,1.000000,0.043999240,0.044000532
601,601,left,0.718177621,0.194806804,0.877215611,0.001985,-0.000250,1.852892,0.002001,1.000000,0.043992959,0.044007778
601,601,right,0.718151462,-0.282420765,0.882232720,-0.003356,0.000193,1.851606,0.003362,1.000000,0.043999270,0.044000503
602,602,left,0.718175530,0.194807031,0.879030612,-0.002091,0.000227,1.815002,0.002103,1.000000,0.043993093,0.044007648
602,602,right,0.718148677,-0.282420735,0.884047259,-0.002784,0.000030,1.814538,0.002784,1.000000,0.043999299,0.044000477
603,603,left,0.718173356,0.194807307,0.880790510,-0.002174,0.000276,1.759898,0.002191,1.000000,0.043993223,0.044007517
603,603,right,0.718146598,-0.282420568,0.885807305,-0.002079,0.000166,1.760046,0.002086,1.000000,0.043999325,0.044000447
604,604,left,0.718171759,0.194807492,0.882478853,-0.001597,0.000185,1.688343,0.001607,1.000000,0.043993350,0.044007391
604,604,right,0.718145434,-0.282420502,0.887495721,-0.001164,0.000067,1.688416,0.001166,1.000000,0.043999352,0.044000421
605,605,left,0.718170835,0.194807621,0.884079878,-0.000925,0.000129,1.601025,0.000933,1.000000,0.043993473,0.044007272
605,605,right,0.718184859,-0.282422696,0.889107518,0.039425,-0.002194,1.611797,0.039486,1.000000,0.043999378,0.044000395
606,606,left,0.718170649,0.194807643,0.885578617,-0.000186,0.000022,1.498738,0.000187,1.000000,0.043993589,0.044007160
606,606,right,0.718154668,-0.282421160,0.890597878,-0.030191,0.001536,1.490360,0.030230,1.000000,0.043999404,0.044000369
607,607,left,0.718171702,0.194807511,0.886962696,0.001053,-0.000133,1.384080,0.001061,1.000000,0.043993697,0.044007052
607,607,right,0.718150688,-0.282420920,0.891980566,-0.003980,0.000240,1.382688,0.003987,1.000000,0.043999426,0.044000346
608,608,left,0.718173923,0.194807262,0.888221244,0.002221,-0.000249,1.258548,0.002235,1.000000,0.043993793,0.044006955
608,608,right,0.718153272,-0.282420951,0.893239211,0.002583,-0.000031,1.258645,0.002584,1.000000,0.043999445,0.044000324
609,609,left,0.718177567,0.194806828,0.889345752,0.003644,-0.000434,1.124508,0.003669,1.000000,0.043993883,0.044006865
609,609,right,0.718158726,-0.282421159,0.894364687,0.005454,-0.000208,1.125477,0.005458,1.000000,0.043999463,0.044000305
610,610,left,0.718182508,0.194806208,0.890330677,0.004941,-0.000620,0.984925,0.004980,1.000000,0.043993961,0.044006787
610,610,right,0.718165923,-0.282421576,0.895350074,0.007197,-0.000417,0.985387,0.007209,1.000000,0.043999482,0.044000287
611,611,left,0.718162176,0.194808662,0.891164725,-0.020332,0.002454,0.834048,0.020480,1.000000,0.043994028,0.044006724
611,611,right,0.718174663,-0.282422082,0.896192229,0.008740,-0.000505,0.842156,0.008755,1.000000,0.043999497,0.044000272
612,612,left,0.718164646,0.194808377,0.891861669,0.002470,-0.000285,0.696943,0.002486,1.000000,0.043994084,0.044006668
612,612,right,0.718184886,-0.282422651,0.896891177,0.010223,-0.000569,0.698947,0.010239,1.000000,0.043999508,0.044000261
613,613,left,0.718175608,0.194807027,0.892420656,0.010963,-0.001350,0.558988,0.011045,1.000000,0.043994132,0.044006623
613,613,right,0.718166084,-0.282421816,0.897441397,-0.018803,0.000835,0.550220,0.018821,1.000000,0.043999519,0.044000253
614,614,left,0.718163692,0.194808495,0.892839339,-0.011917,0.001468,0.418682,0.012007,1.000000,0.043994162,0.044006590
614,614,right,0.718171193,-0.282421898,0.897864866,0.005109,-0.000082,0.423469,0.005110,1.000000,0.043999527,0.044000246
615,615,left,0.718171683,0.194807483,0.893141206,0.007991,-0.001012,0.301867,0.008054,1.000000,0.043994188,0.044006564
615,615,right,0.718185764,-0.282422756,0.898169124,0.014571,-0.000859,0.304258,0.014597,1.000000,0.043999530,0.044000238
616,616,left,0.718163356,0.194808743,0.893327385,-0.008327,0.001260,0.186179,0.008422,1.000000,0.043994203,0.044006549
616,616,right,0.718178600,-0.282422554,0.898355476,-0.007164,0.000202,0.186353,0.007167,1.000000,0.043999534,0.044000234
617,617,left,0.718171004,0.194807574,0.893435279,0.007649,-0.001170,0.107894,0.007738,1.000000,0.043994214,0.044006541
617,617,right,0.718186810,-0.282423007,0.898463351,0.008211,-0.000453,0.107874,0.008223,1.000000,0.043999538,0.044000234
618,618,left,0.718187406,0.194805610,0.893481104,0.016401,-0.001964,0.045825,0.016518,1.000000,0.043994218,0.044006534
618,618,right,0.718186810,-0.282423007,0.898463351,0.000000,0.000000,0.000000,0.000000,1.000000,0.043999538,0.044000234
619,619,left,0.718187406,0.194805610,0.893481104,0.000000,0.000000,0.000000,0.000000,1.000000,0.043994218,0.044006534
619,619,right,0.718186810,-0.282423007,0.898463351,0.000000,0.000000,0.000000,0.000000,1.000000,0.043999538,0.044000234
620,620,left,0.718187406,0.194805610,0.893481104,0.000000,0.000000,0.000000,0.000000,1.000000,0.043994218,0.044006534
620,620,right,0.718186810,-0.282423007,0.898463351,0.000000,0.000000,0.000000,0.000000,1.000000,0.043999538,0.044000234
621,621,left,0.718187406,0.194805610,0.893481104,0.000000,0.000000,0.000000,0.000000,1.000000,0.043994218,0.044006534
621,621,right,0.718186810,-0.282423007,0.898463351,0.000000,0.000000,0.000000,0.000000,1.000000,0.043999538,0.044000234
622,622,left,0.718187406,0.194805610,0.893481104,0.000000,0.000000,0.000000,0.000000,1.000000,0.043994218,0.044006534
622,622,right,0.718186810,-0.282423007,0.898463351,0.000000,0.000000,0.000000,0.000000,1.000000,0.043999538,0.044000234
623,623,left,0.718187406,0.194805610,0.893481104,0.000000,0.000000,0.000000,0.000000,1.000000,0.043994218,0.044006534
623,623,right,0.718186810,-0.282423007,0.898463351,0.000000,0.000000,0.000000,0.000000,1.000000,0.043999538,0.044000234
624,624,left,0.718187406,0.194805610,0.893481104,0.000000,0.000000,0.000000,0.000000,1.000000,0.043994218,0.044006534
624,624,right,0.718186810,-0.282423007,0.898463351,0.000000,0.000000,0.000000,0.000000,1.000000,0.043999538,0.044000234
625,625,left,0.718187406,0.194805610,0.893481104,0.000000,0.000000,0.000000,0.000000,1.000000,0.043994218,0.044006534
625,625,right,0.718186810,-0.282423007,0.898463351,0.000000,0.000000,0.000000,0.000000,1.000000,0.043999538,0.044000234
626,626,left,0.718187406,0.194805610,0.893481104,0.000000,0.000000,0.000000,0.000000,1.000000,0.043994218,0.044006534
626,626,right,0.718186810,-0.282423007,0.898463351,0.000000,0.000000,0.000000,0.000000,1.000000,0.043999538,0.044000234
627,627,left,0.718187406,0.194805610,0.893481104,0.000000,0.000000,0.000000,0.000000,1.000000,0.043994218,0.044006534
627,627,right,0.718186810,-0.282423007,0.898463351,0.000000,0.000000,0.000000,0.000000,1.000000,0.043999538,0.044000234
628,628,left,0.718187406,0.194805610,0.893481104,0.000000,0.000000,0.000000,0.000000,1.000000,0.043994218,0.044006534
628,628,right,0.718186810,-0.282423007,0.898463351,0.000000,0.000000,0.000000,0.000000,1.000000,0.043999538,0.044000234
629,629,left,0.718187406,0.194805610,0.893481104,0.000000,0.000000,0.000000,0.000000,1.000000,0.043994218,0.044006534
629,629,right,0.718186810,-0.282423007,0.898463351,0.000000,0.000000,0.000000,0.000000,1.000000,0.043999538,0.044000234
630,630,left,0.718187406,0.194805610,0.893481104,0.000000,0.000000,0.000000,0.000000,1.000000,0.043994218,0.044006534
630,630,right,0.718186810,-0.282423007,0.898463351,0.000000,0.000000,0.000000,0.000000,1.000000,0.043999538,0.044000234
631,631,left,0.718187406,0.194805610,0.893481104,0.000000,0.000000,0.000000,0.000000,1.000000,0.043994218,0.044006534
631,631,right,0.718186810,-0.282423007,0.898463351,0.000000,0.000000,0.000000,0.000000,1.000000,0.043999538,0.044000234
632,632,left,0.718187406,0.194805610,0.893481104,0.000000,0.000000,0.000000,0.000000,1.000000,0.043994218,0.044006534
632,632,right,0.718186810,-0.282423007,0.898463351,0.000000,0.000000,0.000000,0.000000,1.000000,0.043999538,0.044000234
633,633,left,0.718187406,0.194805610,0.893481104,0.000000,0.000000,0.000000,0.000000,1.000000,0.043994218,0.044006534
633,633,right,0.718186810,-0.282423007,0.898463351,0.000000,0.000000,0.000000,0.000000,1.000000,0.043999538,0.044000234
634,634,left,0.718187406,0.194805610,0.893481104,0.000000,0.000000,0.000000,0.000000,1.000000,0.043994218,0.044006534
634,634,right,0.718186810,-0.282423007,0.898463351,0.000000,0.000000,0.000000,0.000000,1.000000,0.043999538,0.044000234
635,635,left,0.718187406,0.194805610,0.893481104,0.000000,0.000000,0.000000,0.000000,1.000000,0.043994218,0.044006534
635,635,right,0.718186810,-0.282423007,0.898463351,0.000000,0.000000,0.000000,0.000000,1.000000,0.043999538,0.044000234
636,636,left,0.718187406,0.194805610,0.893481104,0.000000,0.000000,0.000000,0.000000,1.000000,0.043994218,0.044006534
636,636,right,0.718186810,-0.282423007,0.898463351,0.000000,0.000000,0.000000,0.000000,1.000000,0.043999538,0.044000234
637,637,left,0.718187406,0.194805610,0.893481104,0.000000,0.000000,0.000000,0.000000,1.000000,0.043994218,0.044006534
637,637,right,0.718186810,-0.282423007,0.898463351,0.000000,0.000000,0.000000,0.000000,1.000000,0.043999538,0.044000234
638,638,left,0.718187406,0.194805610,0.893481104,0.000000,0.000000,0.000000,0.000000,1.000000,0.043994218,0.044006534
638,638,right,0.718186810,-0.282423007,0.898463351,0.000000,0.000000,0.000000,0.000000,1.000000,0.043999538,0.044000234
639,639,left,0.718187406,0.194805610,0.893481104,0.000000,0.000000,0.000000,0.000000,1.000000,0.043994218,0.044006534
639,639,right,0.718186810,-0.282423007,0.898463351,0.000000,0.000000,0.000000,0.000000,1.000000,0.043999538,0.044000234
640,640,left,0.718187406,0.194805610,0.893481104,0.000000,0.000000,0.000000,0.000000,1.000000,0.043994218,0.044006534
640,640,right,0.718186810,-0.282423007,0.898463351,0.000000,0.000000,0.000000,0.000000,1.000000,0.043999538,0.044000234
641,641,left,0.718187406,0.194805610,0.893481104,0.000000,0.000000,0.000000,0.000000,1.000000,0.043994218,0.044006534
641,641,right,0.718186810,-0.282423007,0.898463351,0.000000,0.000000,0.000000,0.000000,1.000000,0.043999538,0.044000234
642,642,left,0.718187406,0.194805610,0.893481104,0.000000,0.000000,0.000000,0.000000,1.000000,0.043994218,0.044006534
642,642,right,0.718186810,-0.282423007,0.898463351,0.000000,0.000000,0.000000,0.000000,1.000000,0.043999538,0.044000234
643,643,left,0.718187406,0.194805610,0.893481104,0.000000,0.000000,0.000000,0.000000,1.000000,0.043994218,0.044006534
643,643,right,0.718186810,-0.282423007,0.898463351,0.000000,0.000000,0.000000,0.000000,1.000000,0.043999538,0.044000234
644,644,left,0.718187406,0.194805610,0.893481104,0.000000,0.000000,0.000000,0.000000,1.000000,0.043994218,0.044006534
644,644,right,0.718186810,-0.282423007,0.898463351,0.000000,0.000000,0.000000,0.000000,1.000000,0.043999538,0.044000234
645,645,left,0.718187406,0.194805610,0.893481104,0.000000,0.000000,0.000000,0.000000,1.000000,0.043994218,0.044006534
645,645,right,0.718186810,-0.282423007,0.898463351,0.000000,0.000000,0.000000,0.000000,1.000000,0.043999538,0.044000234
646,646,left,0.718187406,0.194805610,0.893481104,0.000000,0.000000,0.000000,0.000000,1.000000,0.043994218,0.044006534
646,646,right,0.718186810,-0.282423007,0.898463351,0.000000,0.000000,0.000000,0.000000,1.000000,0.043999538,0.044000234
647,647,left,0.718187406,0.194805610,0.893481104,0.000000,0.000000,0.000000,0.000000,1.000000,0.043994218,0.044006534
647,647,right,0.718186810,-0.282423007,0.898463351,0.000000,0.000000,0.000000,0.000000,1.000000,0.043999538,0.044000234
648,648,left,0.718187406,0.194805610,0.893481104,0.000000,0.000000,0.000000,0.000000,1.000000,0.043994218,0.044006534
648,648,right,0.718186810,-0.282423007,0.898463351,0.000000,0.000000,0.000000,0.000000,1.000000,0.043999538,0.044000234
649,649,left,0.718187406,0.194805610,0.893481104,0.000000,0.000000,0.000000,0.000000,1.000000,0.043994218,0.044006534
649,649,right,0.718186810,-0.282423007,0.898463351,0.000000,0.000000,0.000000,0.000000,1.000000,0.043999538,0.044000234
650,650,left,0.718187406,0.194805610,0.893481104,0.000000,0.000000,0.000000,0.000000,1.000000,0.043994218,0.044006534
650,650,right,0.718186810,-0.282423007,0.898463351,0.000000,0.000000,0.000000,0.000000,1.000000,0.043999538,0.044000234
651,651,left,0.718187406,0.194805610,0.893481104,0.000000,0.000000,0.000000,0.000000,1.000000,0.043994218,0.044006534
651,651,right,0.718186810,-0.282423007,0.898463351,0.000000,0.000000,0.000000,0.000000,1.000000,0.043999538,0.044000234
652,652,left,0.718187406,0.194805610,0.893481104,0.000000,0.000000,0.000000,0.000000,1.000000,0.043994218,0.044006534
652,652,right,0.718186810,-0.282423007,0.898463351,0.000000,0.000000,0.000000,0.000000,1.000000,0.043999538,0.044000234
653,653,left,0.718187406,0.194805610,0.893481104,0.000000,0.000000,0.000000,0.000000,1.000000,0.043994218,0.044006534
653,653,right,0.718186810,-0.282423007,0.898463351,0.000000,0.000000,0.000000,0.000000,1.000000,0.043999538,0.044000234
654,654,left,0.718187406,0.194805610,0.893481104,0.000000,0.000000,0.000000,0.000000,1.000000,0.043994218,0.044006534
654,654,right,0.718186810,-0.282423007,0.898463351,0.000000,0.000000,0.000000,0.000000,1.000000,0.043999538,0.044000234
655,655,left,0.718187406,0.194805610,0.893481104,0.000000,0.000000,0.000000,0.000000,1.000000,0.043994218,0.044006534
655,655,right,0.718186810,-0.282423007,0.898463351,0.000000,0.000000,0.000000,0.000000,1.000000,0.043999538,0.044000234
656,656,left,0.718187406,0.194805610,0.893481104,0.000000,0.000000,0.000000,0.000000,1.000000,0.043994218,0.044006534
656,656,right,0.718186810,-0.282423007,0.898463351,0.000000,0.000000,0.000000,0.000000,1.000000,0.043999538,0.044000234
657,657,left,0.718187406,0.194805610,0.893481104,0.000000,0.000000,0.000000,0.000000,1.000000,0.043994218,0.044006534
657,657,right,0.718186810,-0.282423007,0.898463351,0.000000,0.000000,0.000000,0.000000,1.000000,0.043999538,0.044000234
658,658,left,0.718187406,0.194805610,0.893481104,0.000000,0.000000,0.000000,0.000000,1.000000,0.043994218,0.044006534
658,658,right,0.718186810,-0.282423007,0.898463351,0.000000,0.000000,0.000000,0.000000,1.000000,0.043999538,0.044000234
659,659,left,0.718187406,0.194805610,0.893481104,0.000000,0.000000,0.000000,0.000000,1.000000,0.043994218,0.044006534
659,659,right,0.718186810,-0.282423007,0.898463351,0.000000,0.000000,0.000000,0.000000,1.000000,0.043999538,0.044000234
660,660,left,0.718187406,0.194805610,0.893481104,0.000000,0.000000,0.000000,0.000000,1.000000,0.043994218,0.044006534
660,660,right,0.718186810,-0.282423007,0.898463351,0.000000,0.000000,0.000000,0.000000,1.000000,0.043999538,0.044000234
661,661,left,0.718187406,0.194805610,0.893481104,0.000000,0.000000,0.000000,0.000000,1.000000,0.043994218,0.044006534
661,661,right,0.718186810,-0.282423007,0.898463351,0.000000,0.000000,0.000000,0.000000,1.000000,0.043999538,0.044000234
662,662,left,0.718187406,0.194805610,0.893481104,0.000000,0.000000,0.000000,0.000000,1.000000,0.043994218,0.044006534
662,662,right,0.718186810,-0.282423007,0.898463351,0.000000,0.000000,0.000000,0.000000,1.000000,0.043999538,0.044000234
663,663,left,0.718187406,0.194805610,0.893481104,0.000000,0.000000,0.000000,0.000000,1.000000,0.043994218,0.044006534
663,663,right,0.718186810,-0.282423007,0.898463351,0.000000,0.000000,0.000000,0.000000,1.000000,0.043999538,0.044000234
664,664,left,0.718187406,0.194805610,0.893481104,0.000000,0.000000,0.000000,0.000000,1.000000,0.043994218,0.044006534
664,664,right,0.718186810,-0.282423007,0.898463351,0.000000,0.000000,0.000000,0.000000,1.000000,0.043999538,0.044000234
665,665,left,0.718187406,0.194805610,0.893481104,0.000000,0.000000,0.000000,0.000000,1.000000,0.043994218,0.044006534
665,665,right,0.718186810,-0.282423007,0.898463351,0.000000,0.000000,0.000000,0.000000,1.000000,0.043999538,0.044000234
666,666,left,0.718187406,0.194805610,0.893481104,0.000000,0.000000,0.000000,0.000000,1.000000,0.043994218,0.044006534
666,666,right,0.718186810,-0.282423007,0.898463351,0.000000,0.000000,0.000000,0.000000,1.000000,0.043999538,0.044000234
667,667,left,0.718187406,0.194805610,0.893481104,0.000000,0.000000,0.000000,0.000000,1.000000,0.043994218,0.044006534
667,667,right,0.718186810,-0.282423007,0.898463351,0.000000,0.000000,0.000000,0.000000,1.000000,0.043999538,0.044000234
668,668,left,0.718187406,0.194805610,0.893481104,0.000000,0.000000,0.000000,0.000000,1.000000,0.043994218,0.044006534
668,668,right,0.718186810,-0.282423007,0.898463351,0.000000,0.000000,0.000000,0.000000,1.000000,0.043999538,0.044000234
669,669,left,0.718187406,0.194805610,0.893481104,0.000000,0.000000,0.000000,0.000000,1.000000,0.043994218,0.044006534
669,669,right,0.718186810,-0.282423007,0.898463351,0.000000,0.000000,0.000000,0.000000,1.000000,0.043999538,0.044000234
670,670,left,0.718187406,0.194805610,0.893481104,0.000000,0.000000,0.000000,0.000000,1.000000,0.043994218,0.044006534
670,670,right,0.718186810,-0.282423007,0.898463351,0.000000,0.000000,0.000000,0.000000,1.000000,0.043999538,0.044000234
671,671,left,0.718187406,0.194805610,0.893481104,0.000000,0.000000,0.000000,0.000000,1.000000,0.043994218,0.044006534
671,671,right,0.718186810,-0.282423007,0.898463351,0.000000,0.000000,0.000000,0.000000,1.000000,0.043999538,0.044000234
672,672,left,0.718187406,0.194805610,0.893481104,0.000000,0.000000,0.000000,0.000000,1.000000,0.043994218,0.044006534
672,672,right,0.718186810,-0.282423007,0.898463351,0.000000,0.000000,0.000000,0.000000,1.000000,0.043999538,0.044000234
673,673,left,0.718187406,0.194805610,0.893481104,0.000000,0.000000,0.000000,0.000000,1.000000,0.043994218,0.044006534
673,673,right,0.718186810,-0.282423007,0.898463351,0.000000,0.000000,0.000000,0.000000,1.000000,0.043999538,0.044000234
674,674,left,0.718187406,0.194805610,0.893481104,0.000000,0.000000,0.000000,0.000000,1.000000,0.043994218,0.044006534
674,674,right,0.718186810,-0.282423007,0.898463351,0.000000,0.000000,0.000000,0.000000,1.000000,0.043999538,0.044000234
675,675,left,0.718187406,0.194805610,0.893481104,0.000000,0.000000,0.000000,0.000000,1.000000,0.043994218,0.044006534
675,675,right,0.718186810,-0.282423007,0.898463351,0.000000,0.000000,0.000000,0.000000,1.000000,0.043999538,0.044000234
676,676,left,0.718187406,0.194805610,0.893481104,0.000000,0.000000,0.000000,0.000000,1.000000,0.043994218,0.044006534
676,676,right,0.718186810,-0.282423007,0.898463351,0.000000,0.000000,0.000000,0.000000,1.000000,0.043999538,0.044000234
677,677,left,0.718187406,0.194805610,0.893481104,0.000000,0.000000,0.000000,0.000000,1.000000,0.043994218,0.044006534
677,677,right,0.718186810,-0.282423007,0.898463351,0.000000,0.000000,0.000000,0.000000,1.000000,0.043999538,0.044000234
678,678,left,0.718187406,0.194805610,0.893481104,0.000000,0.000000,0.000000,0.000000,1.000000,0.043994218,0.044006534
678,678,right,0.718186810,-0.282423007,0.898463351,0.000000,0.000000,0.000000,0.000000,1.000000,0.043999538,0.044000234
679,679,left,0.718187406,0.194805610,0.893481104,0.000000,0.000000,0.000000,0.000000,1.000000,0.043994218,0.044006534
679,679,right,0.718186810,-0.282423007,0.898463351,0.000000,0.000000,0.000000,0.000000,1.000000,0.043999538,0.044000234
680,680,left,0.718187406,0.194805610,0.893481104,0.000000,0.000000,0.000000,0.000000,1.000000,0.043994218,0.044006534
680,680,right,0.718186810,-0.282423007,0.898463351,0.000000,0.000000,0.000000,0.000000,1.000000,0.043999538,0.044000234
681,681,left,0.718187406,0.194805610,0.893481104,0.000000,0.000000,0.000000,0.000000,1.000000,0.043994218,0.044006534
681,681,right,0.718186810,-0.282423007,0.898463351,0.000000,0.000000,0.000000,0.000000,1.000000,0.043999538,0.044000234
682,682,left,0.718187406,0.194805610,0.893481104,0.000000,0.000000,0.000000,0.000000,1.000000,0.043994218,0.044006534
682,682,right,0.718186810,-0.282423007,0.898463351,0.000000,0.000000,0.000000,0.000000,1.000000,0.043999538,0.044000234
683,683,left,0.718187406,0.194805610,0.893481104,0.000000,0.000000,0.000000,0.000000,1.000000,0.043994218,0.044006534
683,683,right,0.718186810,-0.282423007,0.898463351,0.000000,0.000000,0.000000,0.000000,1.000000,0.043999538,0.044000234
684,684,left,0.718187406,0.194805610,0.893481104,0.000000,0.000000,0.000000,0.000000,1.000000,0.043994218,0.044006534
684,684,right,0.718186810,-0.282423007,0.898463351,0.000000,0.000000,0.000000,0.000000,1.000000,0.043999538,0.044000234
685,685,left,0.718187406,0.194805610,0.893481104,0.000000,0.000000,0.000000,0.000000,1.000000,0.043994218,0.044006534
685,685,right,0.718186810,-0.282423007,0.898463351,0.000000,0.000000,0.000000,0.000000,1.000000,0.043999538,0.044000234
686,686,left,0.718187406,0.194805610,0.893481104,0.000000,0.000000,0.000000,0.000000,1.000000,0.043994218,0.044006534
686,686,right,0.718186810,-0.282423007,0.898463351,0.000000,0.000000,0.000000,0.000000,1.000000,0.043999538,0.044000234
687,687,left,0.718187406,0.194805610,0.893481104,0.000000,0.000000,0.000000,0.000000,1.000000,0.043994218,0.044006534
687,687,right,0.718186810,-0.282423007,0.898463351,0.000000,0.000000,0.000000,0.000000,1.000000,0.043999538,0.044000234
688,688,left,0.718187406,0.194805610,0.893481104,0.000000,0.000000,0.000000,0.000000,1.000000,0.043994218,0.044006534
688,688,right,0.718186810,-0.282423007,0.898463351,0.000000,0.000000,0.000000,0.000000,1.000000,0.043999538,0.044000234
689,689,left,0.718187406,0.194805610,0.893481104,0.000000,0.000000,0.000000,0.000000,1.000000,0.043994218,0.044006534
689,689,right,0.718186810,-0.282423007,0.898463351,0.000000,0.000000,0.000000,0.000000,1.000000,0.043999538,0.044000234
690,690,left,0.718187406,0.194805610,0.893481104,0.000000,0.000000,0.000000,0.000000,1.000000,0.043994218,0.044006534
690,690,right,0.718186810,-0.282423007,0.898463351,0.000000,0.000000,0.000000,0.000000,1.000000,0.043999538,0.044000234
691,691,left,0.718187406,0.194805610,0.893481104,0.000000,0.000000,0.000000,0.000000,1.000000,0.043994218,0.044006534
691,691,right,0.718186810,-0.282423007,0.898463351,0.000000,0.000000,0.000000,0.000000,1.000000,0.043999538,0.044000234
692,692,left,0.718187406,0.194805610,0.893481104,0.000000,0.000000,0.000000,0.000000,1.000000,0.043994218,0.044006534
692,692,right,0.718186810,-0.282423007,0.898463351,0.000000,0.000000,0.000000,0.000000,1.000000,0.043999538,0.044000234
693,693,left,0.718187406,0.194805610,0.893481104,0.000000,0.000000,0.000000,0.000000,1.000000,0.043994218,0.044006534
693,693,right,0.718186810,-0.282423007,0.898463351,0.000000,0.000000,0.000000,0.000000,1.000000,0.043999538,0.044000234
694,694,left,0.718187406,0.194805610,0.893481104,0.000000,0.000000,0.000000,0.000000,1.000000,0.043994218,0.044006534
694,694,right,0.718186810,-0.282423007,0.898463351,0.000000,0.000000,0.000000,0.000000,1.000000,0.043999538,0.044000234
695,695,left,0.718187406,0.194805610,0.893481104,0.000000,0.000000,0.000000,0.000000,1.000000,0.043994218,0.044006534
695,695,right,0.718186810,-0.282423007,0.898463351,0.000000,0.000000,0.000000,0.000000,1.000000,0.043999538,0.044000234
696,696,left,0.718187406,0.194805610,0.893481104,0.000000,0.000000,0.000000,0.000000,1.000000,0.043994218,0.044006534
696,696,right,0.718186810,-0.282423007,0.898463351,0.000000,0.000000,0.000000,0.000000,1.000000,0.043999538,0.044000234
697,697,left,0.718187406,0.194805610,0.893481104,0.000000,0.000000,0.000000,0.000000,1.000000,0.043994218,0.044006534
697,697,right,0.718186810,-0.282423007,0.898463351,0.000000,0.000000,0.000000,0.000000,1.000000,0.043999538,0.044000234
698,698,left,0.718187406,0.194805610,0.893481104,0.000000,0.000000,0.000000,0.000000,1.000000,0.043994218,0.044006534
698,698,right,0.718186810,-0.282423007,0.898463351,0.000000,0.000000,0.000000,0.000000,1.000000,0.043999538,0.044000234
699,699,left,0.718187406,0.194805610,0.893481104,0.000000,0.000000,0.000000,0.000000,1.000000,0.043994218,0.044006534
699,699,right,0.718186810,-0.282423007,0.898463351,0.000000,0.000000,0.000000,0.000000,1.000000,0.043999538,0.044000234
700,700,left,0.718187406,0.194805610,0.893481104,0.000000,0.000000,0.000000,0.000000,1.000000,0.043994218,0.044006534
700,700,right,0.718186810,-0.282423007,0.898463351,0.000000,0.000000,0.000000,0.000000,1.000000,0.043999538,0.044000234
701,701,left,0.718187406,0.194805610,0.893481104,0.000000,0.000000,0.000000,0.000000,1.000000,0.043994218,0.044006534
701,701,right,0.718186810,-0.282423007,0.898463351,0.000000,0.000000,0.000000,0.000000,1.000000,0.043999538,0.044000234
702,702,left,0.718187406,0.194805610,0.893481104,0.000000,0.000000,0.000000,0.000000,1.000000,0.043994218,0.044006534
702,702,right,0.718186810,-0.282423007,0.898463351,0.000000,0.000000,0.000000,0.000000,1.000000,0.043999538,0.044000234
703,703,left,0.718187406,0.194805610,0.893481104,0.000000,0.000000,0.000000,0.000000,1.000000,0.043994218,0.044006534
703,703,right,0.718186810,-0.282423007,0.898463351,0.000000,0.000000,0.000000,0.000000,1.000000,0.043999538,0.044000234
704,704,left,0.718187406,0.194805610,0.893481104,0.000000,0.000000,0.000000,0.000000,1.000000,0.043994218,0.044006534
704,704,right,0.718186810,-0.282423007,0.898463351,0.000000,0.000000,0.000000,0.000000,1.000000,0.043999538,0.044000234
705,705,left,0.718187406,0.194805610,0.893481104,0.000000,0.000000,0.000000,0.000000,1.000000,0.043994218,0.044006534
705,705,right,0.718186810,-0.282423007,0.898463351,0.000000,0.000000,0.000000,0.000000,1.000000,0.043999538,0.044000234
706,706,left,0.718187406,0.194805610,0.893481104,0.000000,0.000000,0.000000,0.000000,1.000000,0.043994218,0.044006534
706,706,right,0.718186810,-0.282423007,0.898463351,0.000000,0.000000,0.000000,0.000000,1.000000,0.043999538,0.044000234
707,707,left,0.718187406,0.194805610,0.893481104,0.000000,0.000000,0.000000,0.000000,1.000000,0.043994218,0.044006534
707,707,right,0.718186810,-0.282423007,0.898463351,0.000000,0.000000,0.000000,0.000000,1.000000,0.043999538,0.044000234
708,708,left,0.718187406,0.194805610,0.893481104,0.000000,0.000000,0.000000,0.000000,1.000000,0.043994218,0.044006534
708,708,right,0.718186810,-0.282423007,0.898463351,0.000000,0.000000,0.000000,0.000000,1.000000,0.043999538,0.044000234
709,709,left,0.718187406,0.194805610,0.893481104,0.000000,0.000000,0.000000,0.000000,1.000000,0.043994218,0.044006534
709,709,right,0.718186810,-0.282423007,0.898463351,0.000000,0.000000,0.000000,0.000000,1.000000,0.043999538,0.044000234
710,710,left,0.718187406,0.194805610,0.893481104,0.000000,0.000000,0.000000,0.000000,1.000000,0.043994218,0.044006534
710,710,right,0.718186810,-0.282423007,0.898463351,0.000000,0.000000,0.000000,0.000000,1.000000,0.043999538,0.044000234
711,711,left,0.718187406,0.194805610,0.893481104,0.000000,0.000000,0.000000,0.000000,1.000000,0.043994218,0.044006534
711,711,right,0.718186810,-0.282423007,0.898463351,0.000000,0.000000,0.000000,0.000000,1.000000,0.043999538,0.044000234
712,712,left,0.718187406,0.194805610,0.893481104,0.000000,0.000000,0.000000,0.000000,1.000000,0.043994218,0.044006534
712,712,right,0.718186810,-0.282423007,0.898463351,0.000000,0.000000,0.000000,0.000000,1.000000,0.043999538,0.044000234
713,713,left,0.718187406,0.194805610,0.893481104,0.000000,0.000000,0.000000,0.000000,1.000000,0.043994218,0.044006534
713,713,right,0.718186810,-0.282423007,0.898463351,0.000000,0.000000,0.000000,0.000000,1.000000,0.043999538,0.044000234
714,714,left,0.718187406,0.194805610,0.893481104,0.000000,0.000000,0.000000,0.000000,1.000000,0.043994218,0.044006534
714,714,right,0.718186810,-0.282423007,0.898463351,0.000000,0.000000,0.000000,0.000000,1.000000,0.043999538,0.044000234
715,715,left,0.718187406,0.194805610,0.893481104,0.000000,0.000000,0.000000,0.000000,1.000000,0.043994218,0.044006534
715,715,right,0.718186810,-0.282423007,0.898463351,0.000000,0.000000,0.000000,0.000000,1.000000,0.043999538,0.044000234
716,716,left,0.718187406,0.194805610,0.893481104,0.000000,0.000000,0.000000,0.000000,1.000000,0.043994218,0.044006534
716,716,right,0.718186810,-0.282423007,0.898463351,0.000000,0.000000,0.000000,0.000000,1.000000,0.043999538,0.044000234
717,717,left,0.718187406,0.194805610,0.893481104,0.000000,0.000000,0.000000,0.000000,1.000000,0.043994218,0.044006534
717,717,right,0.718186810,-0.282423007,0.898463351,0.000000,0.000000,0.000000,0.000000,1.000000,0.043999538,0.044000234
718,718,left,0.718187406,0.194805610,0.893481104,0.000000,0.000000,0.000000,0.000000,1.000000,0.043994218,0.044006534
718,718,right,0.718186810,-0.282423007,0.898463351,0.000000,0.000000,0.000000,0.000000,1.000000,0.043999538,0.044000234
719,719,left,0.718187406,0.194805610,0.893481104,0.000000,0.000000,0.000000,0.000000,1.000000,0.043994218,0.044006534
719,719,right,0.718186810,-0.282423007,0.898463351,0.000000,0.000000,0.000000,0.000000,1.000000,0.043999538,0.044000234
720,720,left,0.718187406,0.194805610,0.893481104,0.000000,0.000000,0.000000,0.000000,1.000000,0.043994218,0.044006534
720,720,right,0.718186810,-0.282423007,0.898463351,0.000000,0.000000,0.000000,0.000000,1.000000,0.043999538,0.044000234
721,721,left,0.718187406,0.194805610,0.893481104,0.000000,0.000000,0.000000,0.000000,1.000000,0.043994218,0.044006534
721,721,right,0.718186810,-0.282423007,0.898463351,0.000000,0.000000,0.000000,0.000000,1.000000,0.043999538,0.044000234
722,722,left,0.718187406,0.194805610,0.893481104,0.000000,0.000000,0.000000,0.000000,1.000000,0.043994218,0.044006534
722,722,right,0.718186810,-0.282423007,0.898463351,0.000000,0.000000,0.000000,0.000000,1.000000,0.043999538,0.044000234
723,723,left,0.718187406,0.194805610,0.893481104,0.000000,0.000000,0.000000,0.000000,1.000000,0.043994218,0.044006534
723,723,right,0.718186810,-0.282423007,0.898463351,0.000000,0.000000,0.000000,0.000000,1.000000,0.043999538,0.044000234
724,724,left,0.718187406,0.194805610,0.893481104,0.000000,0.000000,0.000000,0.000000,1.000000,0.043994218,0.044006534
724,724,right,0.718186810,-0.282423007,0.898463351,0.000000,0.000000,0.000000,0.000000,1.000000,0.043999538,0.044000234
725,725,left,0.718187406,0.194805610,0.893481104,0.000000,0.000000,0.000000,0.000000,1.000000,0.043994218,0.044006534
725,725,right,0.718186810,-0.282423007,0.898463351,0.000000,0.000000,0.000000,0.000000,1.000000,0.043999538,0.044000234
726,726,left,0.718187406,0.194805610,0.893481104,0.000000,0.000000,0.000000,0.000000,1.000000,0.043994218,0.044006534
726,726,right,0.718186810,-0.282423007,0.898463351,0.000000,0.000000,0.000000,0.000000,1.000000,0.043999538,0.044000234
727,727,left,0.718187406,0.194805610,0.893481104,0.000000,0.000000,0.000000,0.000000,1.000000,0.043994218,0.044006534
727,727,right,0.718186810,-0.282423007,0.898463351,0.000000,0.000000,0.000000,0.000000,1.000000,0.043999538,0.044000234
728,728,left,0.718187406,0.194805610,0.893481104,0.000000,0.000000,0.000000,0.000000,1.000000,0.043994218,0.044006534
728,728,right,0.718186810,-0.282423007,0.898463351,0.000000,0.000000,0.000000,0.000000,1.000000,0.043999538,0.044000234
729,729,left,0.718187406,0.194805610,0.893481104,0.000000,0.000000,0.000000,0.000000,1.000000,0.043994218,0.044006534
729,729,right,0.718186810,-0.282423007,0.898463351,0.000000,0.000000,0.000000,0.000000,1.000000,0.043999538,0.044000234
730,730,left,0.718187406,0.194805610,0.893481104,0.000000,0.000000,0.000000,0.000000,1.000000,0.043994218,0.044006534
730,730,right,0.718186810,-0.282423007,0.898463351,0.000000,0.000000,0.000000,0.000000,1.000000,0.043999538,0.044000234
731,731,left,0.718187406,0.194805610,0.893481104,0.000000,0.000000,0.000000,0.000000,1.000000,0.043994218,0.044006534
731,731,right,0.718186810,-0.282423007,0.898463351,0.000000,0.000000,0.000000,0.000000,1.000000,0.043999538,0.044000234
732,732,left,0.718187406,0.194805610,0.893481104,0.000000,0.000000,0.000000,0.000000,1.000000,0.043994218,0.044006534
732,732,right,0.718186810,-0.282423007,0.898463351,0.000000,0.000000,0.000000,0.000000,1.000000,0.043999538,0.044000234
733,733,left,0.718187406,0.194805610,0.893481104,0.000000,0.000000,0.000000,0.000000,1.000000,0.043994218,0.044006534
733,733,right,0.718186810,-0.282423007,0.898463351,0.000000,0.000000,0.000000,0.000000,1.000000,0.043999538,0.044000234
734,734,left,0.718187406,0.194805610,0.893481104,0.000000,0.000000,0.000000,0.000000,1.000000,0.043994218,0.044006534
734,734,right,0.718186810,-0.282423007,0.898463351,0.000000,0.000000,0.000000,0.000000,1.000000,0.043999538,0.044000234
735,735,left,0.718187406,0.194805610,0.893481104,0.000000,0.000000,0.000000,0.000000,1.000000,0.043994218,0.044006534
735,735,right,0.718186810,-0.282423007,0.898463351,0.000000,0.000000,0.000000,0.000000,1.000000,0.043999538,0.044000234
736,736,left,0.718187406,0.194805610,0.893481104,0.000000,0.000000,0.000000,0.000000,1.000000,0.043994218,0.044006534
736,736,right,0.718186810,-0.282423007,0.898463351,0.000000,0.000000,0.000000,0.000000,1.000000,0.043999538,0.044000234
737,737,left,0.718187406,0.194805610,0.893481104,0.000000,0.000000,0.000000,0.000000,1.000000,0.043994218,0.044006534
737,737,right,0.718186810,-0.282423007,0.898463351,0.000000,0.000000,0.000000,0.000000,1.000000,0.043999538,0.044000234
738,738,left,0.718187406,0.194805610,0.893481104,0.000000,0.000000,0.000000,0.000000,1.000000,0.043994218,0.044006534
738,738,right,0.718186810,-0.282423007,0.898463351,0.000000,0.000000,0.000000,0.000000,1.000000,0.043999538,0.044000234
739,739,left,0.718187406,0.194805610,0.893481104,0.000000,0.000000,0.000000,0.000000,1.000000,0.043994218,0.044006534
739,739,right,0.718186810,-0.282423007,0.898463351,0.000000,0.000000,0.000000,0.000000,1.000000,0.043999538,0.044000234
