source_frame,trajectory_index,hand,tcp_x_m,tcp_y_m,tcp_z_m,step_dx_mm,step_dy_mm,step_dz_mm,step_dxy_mm,openness,finger_q0_m,finger_q1_m
2614,2614,left,0.403155091,0.215933465,0.931147267,nan,nan,nan,nan,0.333333,0.014637459,0.014696976
2614,2614,right,0.438110474,-0.038037792,0.983336974,nan,nan,nan,nan,0.500000,0.021950493,0.022062799
2615,2615,left,0.403155091,0.215933465,0.931147267,0.000000,0.000000,0.000000,0.000000,0.333363,0.014638759,0.014698276
2615,2615,right,0.438110474,-0.038037792,0.983336974,0.000000,0.000000,0.000000,0.000000,0.500000,0.021950493,0.022062799
2616,2616,left,0.403170162,0.215948171,0.931106625,0.015071,0.014707,-0.040642,0.021057,0.333562,0.014647546,0.014707031
2616,2616,right,0.438108170,-0.038137336,0.983333879,-0.002304,-0.099544,-0.003094,0.099571,0.500000,0.021950452,0.022062842
2617,2617,left,0.403207095,0.215983868,0.931012890,0.036933,0.035697,-0.093735,0.051365,0.334081,0.014670417,0.014729824
2617,2617,right,0.438104406,-0.038371934,0.983329506,-0.003764,-0.234598,-0.004374,0.234628,0.500000,0.021950353,0.022062942
2618,2618,left,0.403277375,0.216051595,0.930836133,0.070280,0.067727,-0.176757,0.097602,0.335049,0.014713052,0.014772313
2618,2618,right,0.438098580,-0.038814208,0.983323467,-0.005826,-0.442274,-0.006038,0.442313,0.500000,0.021950169,0.022063131
2619,2619,left,0.403390304,0.216160069,0.930556622,0.112929,0.108474,-0.279511,0.156587,0.336573,0.014780249,0.014839278
2619,2619,right,0.438090913,-0.039517867,0.983315664,-0.007667,-0.703659,-0.007804,0.703700,0.500000,0.021949874,0.022063432
2620,2620,left,0.403553132,0.216316400,0.930155996,0.162829,0.156330,-0.400626,0.225726,0.338745,0.014875965,0.014934660
2620,2620,right,0.438103735,-0.040623908,0.983333248,0.012822,-1.106041,0.017584,1.106115,0.500000,0.021949412,0.022063905
2621,2621,left,0.403772115,0.216526210,0.929619895,0.218983,0.209811,-0.536101,0.303272,0.341635,0.015003362,0.015061609
2621,2621,right,0.438102055,-0.042008791,0.983333227,-0.001680,-1.384883,-0.000020,1.384884,0.500000,0.021948833,0.022064500
2622,2622,left,0.404051791,0.216793990,0.928936742,0.279676,0.267780,-0.683154,0.387201,0.345299,0.015164842,0.015222520
2622,2622,right,0.438099345,-0.043763552,0.983332819,-0.002710,-1.754761,-0.000408,1.754763,0.500000,0.021948095,0.022065252
2623,2623,left,0.404395448,0.217122811,0.928098542,0.343658,0.328820,-0.838200,0.475630,0.349774,0.015362095,0.015419075
2623,2623,right,0.438096449,-0.045907703,0.983332281,-0.002896,-2.144150,-0.000538,2.144152,0.500000,0.021947192,0.022066176
2624,2624,left,0.404881499,0.217569889,0.927059723,0.486051,0.447078,-1.038818,0.660397,0.355084,0.015596179,0.015652249
2624,2624,right,0.438093397,-0.048452326,0.983332213,-0.003052,-2.544623,-0.000068,2.544625,0.500000,0.021946117,0.022067273
2625,2625,left,0.405371164,0.218034552,0.925889761,0.489665,0.464663,-1.169963,0.675043,0.361238,0.015867412,0.015922505
2625,2625,right,0.438090140,-0.051401455,0.983332536,-0.003257,-2.949129,0.000324,2.949130,0.500000,0.021944867,0.022068549
2626,2626,left,0.405927420,0.218562151,0.924555136,0.556256,0.527600,-1.334625,0.766670,0.368231,0.016175622,0.016229609
2626,2626,right,0.438086740,-0.054753276,0.983332855,-0.003399,-3.351822,0.000319,3.351823,0.500000,0.021943441,0.022070002
2627,2627,left,0.406549261,0.219152059,0.923057092,0.621841,0.589908,-1.498044,0.857133,0.376045,0.016520070,0.016572818
2627,2627,right,0.438083553,-0.058499307,0.983333897,-0.003187,-3.746031,0.001042,3.746033,0.500000,0.021941841,0.022071630
2628,2628,left,0.407234281,0.219801930,0.921399336,0.685021,0.649871,-1.657755,0.944238,0.384654,0.016899504,0.016950892
2628,2628,right,0.438080117,-0.062626175,0.983334627,-0.003436,-4.126868,0.000730,4.126869,0.500000,0.021940075,0.022073423
2629,2629,left,0.407979680,0.220508923,0.919587574,0.745399,0.706993,-1.811762,1.027355,0.394017,0.017312212,0.017362121
2629,2629,right,0.438077130,-0.067115393,0.983336191,-0.002987,-4.489218,0.001564,4.489219,0.500000,0.021938151,0.022075374
2630,2630,left,0.408781285,0.221269501,0.917628162,0.801605,0.760579,-1.959412,1.105011,0.404087,0.017756062,0.017804386
2630,2630,right,0.438074216,-0.071943800,0.983337998,-0.002914,-4.828407,0.001808,4.828408,0.500000,0.021936079,0.022077471
2631,2631,left,0.409634922,0.222079263,0.915530549,0.853637,0.809762,-2.097613,1.176610,0.414807,0.018228550,0.018275188
2631,2631,right,0.438071947,-0.077084283,0.983340138,-0.002269,-5.140483,0.002140,5.140484,0.500000,0.021933878,0.022079693
2632,2632,left,0.410535512,0.222933528,0.913304195,0.900590,0.854264,-2.226354,1.241302,0.426112,0.018726822,0.018771691
2632,2632,right,0.438097561,-0.082580995,0.983373999,0.025614,-5.496711,0.033861,5.496771,0.500000,0.021931536,0.022082053
2633,2633,left,0.411477126,0.223826596,0.910961637,0.941614,0.893069,-2.342559,1.297771,0.437930,0.019247746,0.019290771
2633,2633,right,0.438097327,-0.088255632,0.983379039,-0.000234,-5.674637,0.005040,5.674637,0.500000,0.021929128,0.022084473
2634,2634,left,0.412453840,0.224752865,0.908514773,0.976714,0.926268,-2.446864,1.346085,0.450186,0.019787926,0.019829050
2634,2634,right,0.438097450,-0.094140033,0.983384290,0.000123,-5.884401,0.005251,5.884401,0.500000,0.021926653,0.022086956
2635,2635,left,0.413458934,0.225706067,0.905976455,1.005094,0.953203,-2.538318,1.385211,0.462797,0.020343764,0.020382939
2635,2635,right,0.438097639,-0.100195197,0.983389572,0.000189,-6.055164,0.005282,6.055164,0.500000,0.021924134,0.022089474
2636,2636,left,0.414485825,0.226679736,0.903361832,1.026891,0.973668,-2.614623,1.415110,0.475678,0.020911491,0.020948688
2636,2636,right,0.438098285,-0.106380095,0.983394854,0.000646,-6.184898,0.005282,6.184898,0.500000,0.021921603,0.022092000
2637,2637,left,0.415527407,0.227667235,0.900685089,1.041582,0.987500,-2.676743,1.435287,0.488740,0.021487208,0.021522414
2637,2637,right,0.438099507,-0.112652363,0.983400589,0.001222,-6.272269,0.005735,6.272269,0.500000,0.021919083,0.022094507
2638,2638,left,0.416576376,0.228661583,0.897961363,1.048969,0.994347,-2.723725,1.445359,0.501894,0.022066936,0.022100156
2638,2638,right,0.438100796,-0.118968714,0.983406121,0.001289,-6.316351,0.005533,6.316351,0.500000,0.021916602,0.022096967
2639,2639,left,0.417625336,0.229656171,0.895206364,1.048960,0.994589,-2.755000,1.445519,0.515048,0.022646660,0.022677908
2639,2639,right,0.438102485,-0.125285305,0.983411665,0.001688,-6.316591,0.005544,6.316591,0.500000,0.021914188,0.022099353
2640,2640,left,0.418667466,0.230643843,0.892435647,1.042131,0.987671,-2.770717,1.435803,0.528110,0.023222355,0.023251662
2640,2640,right,0.438104100,-0.131558426,0.983416792,0.001616,-6.273120,0.005127,6.273121,0.500000,0.021911863,0.022101644
2641,2641,left,0.419695322,0.231617848,0.889665074,1.027855,0.974005,-2.770573,1.416041,0.540991,0.023790043,0.023817455
2641,2641,right,0.438106409,-0.137744862,0.983422170,0.002309,-6.186436,0.005378,6.186437,0.500000,0.021909650,0.022103818
2642,2642,left,0.420701609,0.232571583,0.886909068,1.006288,0.953735,-2.756007,1.386443,0.553602,0.024345832,0.024371408
2642,2642,right,0.438108687,-0.143801875,0.983427177,0.002278,-6.057013,0.005007,6.057013,0.500000,0.021907564,0.022105860
2643,2643,left,0.421679970,0.233498368,0.884183669,0.978361,0.926786,-2.725399,1.347636,0.565858,0.024885952,0.024909761
2643,2643,right,0.438111166,-0.149688504,0.983432118,0.002479,-5.886629,0.004941,5.886630,0.500000,0.021905622,0.022107754
2644,2644,left,0.422623510,0.234392240,0.881502431,0.943540,0.893871,-2.681238,1.299720,0.577676,0.025406802,0.025428927
2644,2644,right,0.438113727,-0.155365424,0.983436460,0.002561,-5.676921,0.004341,5.676921,0.500000,0.021903830,0.022109494
2645,2645,left,0.423526099,0.235247260,0.878879374,0.902589,0.855020,-2.623057,1.243273,0.588981,0.025904998,0.025925528
2645,2645,right,0.438102305,-0.160720430,0.983411675,-0.011421,-5.355006,-0.024784,5.355018,0.500000,0.021902209,0.022111060
2646,2646,left,0.424382270,0.236057990,0.876327600,0.856171,0.810730,-2.551774,1.179115,0.599701,0.026377400,0.026396435
2646,2646,right,0.438105952,-0.165873785,0.983416768,0.003646,-5.153355,0.005092,5.153356,0.500000,0.021900732,0.022112483
2647,2647,left,0.425186686,0.236819771,0.873858518,0.804417,0.761780,-2.469082,1.107879,0.609771,0.026821164,0.026838809
2647,2647,right,0.438109709,-0.170717045,0.983422735,0.003758,-4.843260,0.005967,4.843262,0.500000,0.021899411,0.022113748
2648,2648,left,0.425934745,0.237528068,0.871482868,0.748059,0.708297,-2.375650,1.030183,0.619134,0.027233785,0.027250148
2648,2648,right,0.438113385,-0.175221190,0.983428005,0.003675,-4.504144,0.005270,4.504146,0.500000,0.021898245,0.022114860
2649,2649,left,0.426622704,0.238179432,0.869210113,0.687959,0.651365,-2.272755,0.947398,0.627743,0.027613129,0.027628329
2649,2649,right,0.438117007,-0.179362814,0.983433085,0.003622,-4.141624,0.005080,4.141626,0.500000,0.021897225,0.022115828
2650,2650,left,0.427247409,0.238770618,0.867047610,0.624705,0.591186,-2.162503,0.860091,0.635557,0.027957493,0.027971642
2650,2650,right,0.438120450,-0.183123338,0.983437796,0.003444,-3.760525,0.004711,3.760526,0.500000,0.021896344,0.022116663
2651,2651,left,0.427806314,0.239299775,0.865001548,0.558905,0.529157,-2.046062,0.769664,0.642550,0.028265627,0.028278846
2651,2651,right,0.438123406,-0.186488855,0.983442588,0.002955,-3.365517,0.004792,3.365518,0.500000,0.021895591,0.022117371
2652,2652,left,0.428298475,0.239765432,0.863076753,0.492161,0.465656,-1.924795,0.677538,0.648703,0.028536785,0.028549192
2652,2652,right,0.438126077,-0.189451243,0.983446454,0.002672,-2.962388,0.003866,2.962389,0.500000,0.021894958,0.022117963
2653,2653,left,0.428723297,0.240167408,0.861274736,0.424822,0.401976,-1.802017,0.584858,0.654013,0.028770773,0.028782483
2653,2653,right,0.438128563,-0.192008039,0.983450365,0.002486,-2.556797,0.003911,2.556798,0.500000,0.021894433,0.022118453
2654,2654,left,0.429081377,0.240506036,0.859595661,0.358080,0.338628,-1.679074,0.492839,0.658489,0.028967975,0.028979104
2654,2654,right,0.438130640,-0.194163662,0.983453916,0.002077,-2.155623,0.003552,2.155624,0.500000,0.021894006,0.022118850
2655,2655,left,0.429374796,0.240783523,0.858037849,0.293418,0.277487,-1.557812,0.403848,0.662153,0.029129410,0.029140066
2655,2655,right,0.438132449,-0.195929119,0.983456992,0.001809,-1.765457,0.003076,1.765457,0.500000,0.021893667,0.022119163
2656,2656,left,0.429566482,0.240984487,0.856672128,0.191686,0.200964,-1.365722,0.277723,0.665043,0.029256763,0.029267069
2656,2656,right,0.438133872,-0.197322785,0.983459929,0.001424,-1.393666,0.002937,1.393666,0.500000,0.021893406,0.022119405
2657,2657,left,0.429747949,0.241152261,0.855341952,0.181467,0.167775,-1.330176,0.247141,0.667215,0.029352458,0.029362483
2657,2657,right,0.438135404,-0.198370905,0.983462510,0.001532,-1.048120,0.002581,1.048122,0.500000,0.021893214,0.022119580
2658,2658,left,0.429879998,0.241272061,0.854105924,0.132048,0.119800,-1.236028,0.178294,0.668739,0.029419640,0.029429467
2658,2658,right,0.438131922,-0.199037128,0.983445187,-0.003481,-0.666223,-0.017323,0.666232,0.500000,0.021893090,0.022119693
2659,2659,left,0.429966472,0.241349201,0.852954982,0.086475,0.077139,-1.150943,0.115881,0.669707,0.029462267,0.029471971
2659,2659,right,0.438133244,-0.199522605,0.983450267,0.001322,-0.485476,0.005080,0.485478,0.500000,0.021893004,0.022119774
2660,2660,left,0.430015300,0.241391651,0.851873328,0.048827,0.042451,-1.081653,0.064701,0.670226,0.029485131,0.029494772
2660,2660,right,0.438135194,-0.199797272,0.983458152,0.001950,-0.274667,0.007885,0.274674,0.500000,0.021892956,0.022119816
2661,2661,left,0.430036545,0.241409080,0.850841545,0.021245,0.017429,-1.031784,0.027480,0.670425,0.029493911,0.029503532
2661,2661,right,0.438136853,-0.199912655,0.983464169,0.001659,-0.115383,0.006017,0.115395,0.500000,0.021892937,0.022119835
2662,2662,left,0.430041744,0.241412575,0.849836886,0.005199,0.003495,-1.004659,0.006264,0.670455,0.029495211,0.029504832
2662,2662,right,0.438136853,-0.199912655,0.983464169,0.000000,0.000000,0.000000,0.000000,0.500000,0.021892937,0.022119835
2663,2663,left,0.430042253,0.241412886,0.848835676,0.000509,0.000312,-1.001210,0.000597,0.670455,0.029495208,0.029504836
2663,2663,right,0.438136853,-0.199912655,0.983464169,0.000000,0.000000,0.000000,0.000000,0.500000,0.021892937,0.022119835
2664,2664,left,0.430042211,0.241412955,0.847825154,-0.000042,0.000069,-1.010522,0.000081,0.670455,0.029495204,0.029504839
2664,2664,right,0.438136853,-0.199912655,0.983464169,0.000000,0.000000,0.000000,0.000000,0.500000,0.021892937,0.022119835
2665,2665,left,0.430041929,0.241412965,0.846795063,-0.000282,0.000009,-1.030091,0.000282,0.670455,0.029495202,0.029504841
2665,2665,right,0.438136853,-0.199912655,0.983464169,0.000000,0.000000,0.000000,0.000000,0.500000,0.021892937,0.022119835
2666,2666,left,0.430041852,0.241412965,0.845738661,-0.000077,0.000000,-1.056402,0.000077,0.670455,0.029495198,0.029504845
2666,2666,right,0.438136853,-0.199912655,0.983464169,0.000000,0.000000,0.000000,0.000000,0.500000,0.021892937,0.022119835
2667,2667,left,0.430041612,0.241412987,0.844649371,-0.000240,0.000022,-1.089290,0.000241,0.670455,0.029495196,0.029504849
2667,2667,right,0.438136853,-0.199912655,0.983464169,0.000000,0.000000,0.000000,0.000000,0.500000,0.021892937,0.022119835
2668,2668,left,0.430041468,0.241412993,0.843522131,-0.000144,0.000006,-1.127240,0.000144,0.670455,0.029495193,0.029504851
2668,2668,right,0.438136853,-0.199912655,0.983464169,0.000000,0.000000,0.000000,0.000000,0.500000,0.021892937,0.022119835
2669,2669,left,0.430041287,0.241412998,0.842353305,-0.000182,0.000005,-1.168826,0.000182,0.670455,0.029495189,0.029504854
2669,2669,right,0.438136853,-0.199912655,0.983464169,0.000000,0.000000,0.000000,0.000000,0.500000,0.021892937,0.022119835
2670,2670,left,0.430041281,0.241413015,0.841140659,-0.000006,0.000018,-1.212646,0.000018,0.670455,0.029495187,0.029504856
2670,2670,right,0.438136853,-0.199912655,0.983464169,0.000000,0.000000,0.000000,0.000000,0.500000,0.021892937,0.022119835
2671,2671,left,0.430041066,0.241412947,0.839883023,-0.000215,-0.000069,-1.257635,0.000226,0.670455,0.029495185,0.029504858
2671,2671,right,0.438136853,-0.199912655,0.983464169,0.000000,0.000000,0.000000,0.000000,0.500000,0.021892937,0.022119835
2672,2672,left,0.430040860,0.241412916,0.838485255,-0.000206,-0.000031,-1.397769,0.000208,0.670455,0.029495182,0.029504862
2672,2672,right,0.438136853,-0.199912655,0.983464169,0.000000,0.000000,0.000000,0.000000,0.500000,0.021892937,0.022119835
2673,2673,left,0.430040571,0.241412973,0.837225512,-0.000289,0.000058,-1.259743,0.000294,0.670455,0.029495180,0.029504864
2673,2673,right,0.438136853,-0.199912655,0.983464169,0.000000,0.000000,0.000000,0.000000,0.500000,0.021892937,0.022119835
2674,2674,left,0.430041045,0.241412925,0.835740772,0.000474,-0.000049,-1.484740,0.000476,0.670455,0.029495178,0.029504865
2674,2674,right,0.438136853,-0.199912655,0.983464169,0.000000,0.000000,0.000000,0.000000,0.500000,0.021892937,0.022119835
2675,2675,left,0.430040986,0.241412922,0.834306900,-0.000058,-0.000003,-1.433872,0.000058,0.670455,0.029495176,0.029504867
2675,2675,right,0.438136853,-0.199912655,0.983464169,0.000000,0.000000,0.000000,0.000000,0.500000,0.021892937,0.022119835
2676,2676,left,0.430041193,0.241412992,0.832836910,0.000206,0.000069,-1.469990,0.000218,0.670455,0.029495176,0.029504869
2676,2676,right,0.438136853,-0.199912655,0.983464169,0.000000,0.000000,0.000000,0.000000,0.500000,0.021892937,0.022119835
2677,2677,left,0.430041288,0.241412915,0.831334478,0.000095,-0.000076,-1.502432,0.000122,0.670455,0.029495174,0.029504869
2677,2677,right,0.438136853,-0.199912655,0.983464169,0.000000,0.000000,0.000000,0.000000,0.500000,0.021892937,0.022119835
2678,2678,left,0.430041407,0.241412913,0.829804358,0.000119,-0.000003,-1.530120,0.000119,0.670455,0.029495174,0.029504871
2678,2678,right,0.438136853,-0.199912655,0.983464169,0.000000,0.000000,0.000000,0.000000,0.500000,0.021892937,0.022119835
2679,2679,left,0.430041447,0.241412925,0.828251974,0.000039,0.000012,-1.552383,0.000041,0.670455,0.029495172,0.029504871
2679,2679,right,0.438136853,-0.199912655,0.983464169,0.000000,0.000000,0.000000,0.000000,0.500000,0.021892937,0.022119835
2680,2680,left,0.430041902,0.241412886,0.826682827,0.000455,-0.000039,-1.569147,0.000457,0.670455,0.029495172,0.029504871
2680,2680,right,0.438136853,-0.199912655,0.983464169,0.000000,0.000000,0.000000,0.000000,0.500000,0.021892937,0.022119835
2681,2681,left,0.430041904,0.241412868,0.825103448,0.000002,-0.000019,-1.579380,0.000019,0.670455,0.029495174,0.029504871
2681,2681,right,0.438136853,-0.199912655,0.983464169,0.000000,0.000000,0.000000,0.000000,0.500000,0.021892937,0.022119835
2682,2682,left,0.430042278,0.241412875,0.823520097,0.000374,0.000007,-1.583351,0.000374,0.670455,0.029495174,0.029504869
2682,2682,right,0.438136853,-0.199912655,0.983464169,0.000000,0.000000,0.000000,0.000000,0.500000,0.021892937,0.022119835
2683,2683,left,0.430042648,0.241412851,0.821940086,0.000370,-0.000023,-1.580011,0.000371,0.670455,0.029495176,0.029504869
2683,2683,right,0.438136853,-0.199912655,0.983464169,0.000000,0.000000,0.000000,0.000000,0.500000,0.021892937,0.022119835
2684,2684,left,0.430042629,0.241412850,0.820369368,-0.000019,-0.000001,-1.570718,0.000019,0.670455,0.029495176,0.029504867
2684,2684,right,0.438136853,-0.199912655,0.983464169,0.000000,0.000000,0.000000,0.000000,0.500000,0.021892937,0.022119835
2685,2685,left,0.430042978,0.241412829,0.818815805,0.000349,-0.000022,-1.553564,0.000350,0.670455,0.029495178,0.029504865
2685,2685,right,0.438136853,-0.199912655,0.983464169,0.000000,0.000000,0.000000,0.000000,0.500000,0.021892937,0.022119835
2686,2686,left,0.430043213,0.241412825,0.817286283,0.000235,-0.000004,-1.529522,0.000235,0.670455,0.029495180,0.029504864
2686,2686,right,0.438136853,-0.199912655,0.983464169,0.000000,0.000000,0.000000,0.000000,0.500000,0.021892937,0.022119835
2687,2687,left,0.430043587,0.241412817,0.815788167,0.000374,-0.000008,-1.498116,0.000374,0.670455,0.029495182,0.029504862
2687,2687,right,0.438136853,-0.199912655,0.983464169,0.000000,0.000000,0.000000,0.000000,0.500000,0.021892937,0.022119835
2688,2688,left,0.430043832,0.241412799,0.814328054,0.000244,-0.000018,-1.460113,0.000245,0.670455,0.029495185,0.029504860
2688,2688,right,0.438136853,-0.199912655,0.983464169,0.000000,0.000000,0.000000,0.000000,0.500000,0.021892937,0.022119835
2689,2689,left,0.430044179,0.241412792,0.812912845,0.000348,-0.000007,-1.415208,0.000348,0.670455,0.029495187,0.029504856
2689,2689,right,0.438136853,-0.199912655,0.983464169,0.000000,0.000000,0.000000,0.000000,0.500000,0.021892937,0.022119835
2690,2690,left,0.430044333,0.241412776,0.811549066,0.000154,-0.000016,-1.363779,0.000155,0.670455,0.029495191,0.029504854
2690,2690,right,0.438136853,-0.199912655,0.983464169,0.000000,0.000000,0.000000,0.000000,0.500000,0.021892937,0.022119835
2691,2691,left,0.430044713,0.241412786,0.810243184,0.000380,0.000010,-1.305883,0.000380,0.670455,0.029495193,0.029504851
2691,2691,right,0.438136853,-0.199912655,0.983464169,0.000000,0.000000,0.000000,0.000000,0.500000,0.021892937,0.022119835
2692,2692,left,0.430044482,0.241412694,0.809088604,-0.000231,-0.000092,-1.154580,0.000249,0.670455,0.029495196,0.029504849
2692,2692,right,0.438136853,-0.199912655,0.983464169,0.000000,0.000000,0.000000,0.000000,0.500000,0.021892937,0.022119835
2693,2693,left,0.430044916,0.241412681,0.807917268,0.000434,-0.000014,-1.171336,0.000434,0.670455,0.029495198,0.029504845
2693,2693,right,0.438136853,-0.199912655,0.983464169,0.000000,0.000000,0.000000,0.000000,0.500000,0.021892937,0.022119835
2694,2694,left,0.430045474,0.241412740,0.806812313,0.000558,0.000059,-1.104955,0.000561,0.670455,0.029495202,0.029504843
2694,2694,right,0.438136853,-0.199912655,0.983464169,0.000000,0.000000,0.000000,0.000000,0.500000,0.021892937,0.022119835
2695,2695,left,0.430045797,0.241412625,0.805784294,0.000322,-0.000115,-1.028019,0.000342,0.670455,0.029495206,0.029504839
2695,2695,right,0.438136853,-0.199912655,0.983464169,0.000000,0.000000,0.000000,0.000000,0.500000,0.021892937,0.022119835
2696,2696,left,0.430046350,0.241412602,0.804837342,0.000553,-0.000023,-0.946952,0.000553,0.670455,0.029495208,0.029504837
2696,2696,right,0.438136853,-0.199912655,0.983464169,0.000000,0.000000,0.000000,0.000000,0.500000,0.021892937,0.022119835
2697,2697,left,0.430046654,0.241412599,0.803974169,0.000304,-0.000002,-0.863173,0.000304,0.670455,0.029495211,0.029504834
2697,2697,right,0.438136853,-0.199912655,0.983464169,0.000000,0.000000,0.000000,0.000000,0.500000,0.021892937,0.022119835
2698,2698,left,0.430047001,0.241412598,0.803196373,0.000347,-0.000002,-0.777796,0.000347,0.670455,0.029495213,0.029504832
2698,2698,right,0.438136853,-0.199912655,0.983464169,0.000000,0.000000,0.000000,0.000000,0.500000,0.021892937,0.022119835
2699,2699,left,0.430047273,0.241412576,0.802505305,0.000273,-0.000022,-0.691068,0.000273,0.670455,0.029495215,0.029504830
2699,2699,right,0.438136853,-0.199912655,0.983464169,0.000000,0.000000,0.000000,0.000000,0.500000,0.021892937,0.022119835
2700,2700,left,0.430047484,0.241412558,0.801901236,0.000211,-0.000018,-0.604069,0.000212,0.670455,0.029495217,0.029504826
2700,2700,right,0.438136853,-0.199912655,0.983464169,0.000000,0.000000,0.000000,0.000000,0.500000,0.021892937,0.022119835
2701,2701,left,0.430047534,0.241412633,0.801382822,0.000049,0.000075,-0.518415,0.000090,0.670455,0.029495219,0.029504826
2701,2701,right,0.438136853,-0.199912655,0.983464169,0.000000,0.000000,0.000000,0.000000,0.500000,0.021892937,0.022119835
2702,2702,left,0.430047701,0.241412582,0.800947733,0.000168,-0.000051,-0.435089,0.000175,0.670455,0.029495221,0.029504824
2702,2702,right,0.438136853,-0.199912655,0.983464169,0.000000,0.000000,0.000000,0.000000,0.500000,0.021892937,0.022119835
2703,2703,left,0.430047743,0.241412611,0.800593116,0.000042,0.000029,-0.354617,0.000051,0.670455,0.029495222,0.029504823
2703,2703,right,0.438136853,-0.199912655,0.983464169,0.000000,0.000000,0.000000,0.000000,0.500000,0.021892937,0.022119835
2704,2704,left,0.430047633,0.241412555,0.800313643,-0.000111,-0.000055,-0.279473,0.000124,0.670455,0.029495222,0.029504823
2704,2704,right,0.438136853,-0.199912655,0.983464169,0.000000,0.000000,0.000000,0.000000,0.500000,0.021892937,0.022119835
2705,2705,left,0.430047827,0.241412630,0.800104042,0.000195,0.000074,-0.209601,0.000208,0.670455,0.029495224,0.029504821
2705,2705,right,0.438136853,-0.199912655,0.983464169,0.000000,0.000000,0.000000,0.000000,0.500000,0.021892937,0.022119835
2706,2706,left,0.430047395,0.241412630,0.799956470,-0.000433,0.000000,-0.147572,0.000433,0.670455,0.029495224,0.029504821
2706,2706,right,0.438136853,-0.199912655,0.983464169,0.000000,0.000000,0.000000,0.000000,0.500000,0.021892937,0.022119835
2707,2707,left,0.430047462,0.241412639,0.799862428,0.000067,0.000009,-0.094042,0.000068,0.670455,0.029495224,0.029504821
2707,2707,right,0.438136853,-0.199912655,0.983464169,0.000000,0.000000,0.000000,0.000000,0.500000,0.021892937,0.022119835
2708,2708,left,0.430047462,0.241412639,0.799862428,0.000000,0.000000,0.000000,0.000000,0.670455,0.029495224,0.029504821
2708,2708,right,0.438136853,-0.199912655,0.983464169,0.000000,0.000000,0.000000,0.000000,0.500000,0.021892937,0.022119835
2709,2709,left,0.430047462,0.241412639,0.799862428,0.000000,0.000000,0.000000,0.000000,0.670455,0.029495224,0.029504821
2709,2709,right,0.438136853,-0.199912655,0.983464169,0.000000,0.000000,0.000000,0.000000,0.500000,0.021892937,0.022119835
2710,2710,left,0.430047462,0.241412639,0.799862428,0.000000,0.000000,0.000000,0.000000,0.670455,0.029495224,0.029504821
2710,2710,right,0.438136853,-0.199912655,0.983464169,0.000000,0.000000,0.000000,0.000000,0.500000,0.021892937,0.022119835
2711,2711,left,0.430047462,0.241412639,0.799862428,0.000000,0.000000,0.000000,0.000000,0.670447,0.029494897,0.029504493
2711,2711,right,0.438136853,-0.199912655,0.983464169,0.000000,0.000000,0.000000,0.000000,0.500000,0.021892937,0.022119835
2712,2712,left,0.430047462,0.241412639,0.799862428,0.000000,0.000000,0.000000,0.000000,0.670396,0.029492639,0.029502235
2712,2712,right,0.438136853,-0.199912655,0.983464169,0.000000,0.000000,0.000000,0.000000,0.500000,0.021892937,0.022119835
2713,2713,left,0.430047462,0.241412639,0.799862428,0.000000,0.000000,0.000000,0.000000,0.670259,0.029486638,0.029496234
2713,2713,right,0.438136853,-0.199912655,0.983464169,0.000000,0.000000,0.000000,0.000000,0.500000,0.021892937,0.022119835
2714,2714,left,0.430047462,0.241412639,0.799862428,0.000000,0.000000,0.000000,0.000000,0.669999,0.029475195,0.029484792
2714,2714,right,0.438136853,-0.199912655,0.983464169,0.000000,0.000000,0.000000,0.000000,0.500000,0.021892937,0.022119835
2715,2715,left,0.430047462,0.241412639,0.799862428,0.000000,0.000000,0.000000,0.000000,0.669580,0.029456733,0.029466329
2715,2715,right,0.438136853,-0.199912655,0.983464169,0.000000,0.000000,0.000000,0.000000,0.500000,0.021892937,0.022119835
2716,2716,left,0.430047462,0.241412639,0.799862428,0.000000,0.000000,0.000000,0.000000,0.668967,0.029429786,0.029439382
2716,2716,right,0.438136853,-0.199912655,0.983464169,0.000000,0.000000,0.000000,0.000000,0.500000,0.021892937,0.022119835
2717,2717,left,0.430047462,0.241412639,0.799862428,0.000000,0.000000,0.000000,0.000000,0.668131,0.029393001,0.029402597
2717,2717,right,0.438136853,-0.199912655,0.983464169,0.000000,0.000000,0.000000,0.000000,0.500000,0.021892937,0.022119835
2718,2718,left,0.430047462,0.241412639,0.799862428,0.000000,0.000000,0.000000,0.000000,0.667043,0.029345134,0.029354731
2718,2718,right,0.438136853,-0.199912655,0.983464169,0.000000,0.000000,0.000000,0.000000,0.500000,0.021892937,0.022119835
2719,2719,left,0.430047462,0.241412639,0.799862428,0.000000,0.000000,0.000000,0.000000,0.665678,0.029285053,0.029294649
2719,2719,right,0.438136853,-0.199912655,0.983464169,0.000000,0.000000,0.000000,0.000000,0.500000,0.021892937,0.022119835
2720,2720,left,0.430047462,0.241412639,0.799862428,0.000000,0.000000,0.000000,0.000000,0.664011,0.029211719,0.029221313
2720,2720,right,0.438136853,-0.199912655,0.983464169,0.000000,0.000000,0.000000,0.000000,0.500000,0.021892937,0.022119835
2721,2721,left,0.430047462,0.241412639,0.799862428,0.000000,0.000000,0.000000,0.000000,0.662022,0.029124208,0.029133802
2721,2721,right,0.438136853,-0.199912655,0.983464169,0.000000,0.000000,0.000000,0.000000,0.500000,0.021892937,0.022119835
2722,2722,left,0.430047462,0.241412639,0.799862428,0.000000,0.000000,0.000000,0.000000,0.659692,0.029021682,0.029031277
2722,2722,right,0.438136853,-0.199912655,0.983464169,0.000000,0.000000,0.000000,0.000000,0.500000,0.021892937,0.022119835
2723,2723,left,0.430047462,0.241412639,0.799862428,0.000000,0.000000,0.000000,0.000000,0.657004,0.028903412,0.028913006
2723,2723,right,0.438136853,-0.199912655,0.983464169,0.000000,0.000000,0.000000,0.000000,0.500000,0.021892937,0.022119835
2724,2724,left,0.430047462,0.241412639,0.799862428,0.000000,0.000000,0.000000,0.000000,0.653944,0.028768752,0.028778346
2724,2724,right,0.438136853,-0.199912655,0.983464169,0.000000,0.000000,0.000000,0.000000,0.500000,0.021892937,0.022119835
2725,2725,left,0.430047462,0.241412639,0.799862428,0.000000,0.000000,0.000000,0.000000,0.650498,0.028617157,0.028626749
2725,2725,right,0.438136853,-0.199912655,0.983464169,0.000000,0.000000,0.000000,0.000000,0.500000,0.021892937,0.022119835
2726,2726,left,0.430047462,0.241412639,0.799862428,0.000000,0.000000,0.000000,0.000000,0.646658,0.028448159,0.028457751
2726,2726,right,0.438136853,-0.199912655,0.983464169,0.000000,0.000000,0.000000,0.000000,0.500000,0.021892937,0.022119835
2727,2727,left,0.430047462,0.241412566,0.799862428,0.000000,-0.000073,-0.000001,0.000073,0.642413,0.028261384,0.028270977
2727,2727,right,0.438136853,-0.199912655,0.983464169,0.000000,0.000000,0.000000,0.000000,0.500000,0.021892937,0.022119835
2728,2728,left,0.430047462,0.241412566,0.799862428,0.000000,0.000000,0.000000,0.000000,0.637757,0.028056541,0.028066134
2728,2728,right,0.438136853,-0.199912655,0.983464169,0.000000,0.000000,0.000000,0.000000,0.500000,0.021892937,0.022119835
2729,2729,left,0.430047462,0.241412566,0.799862428,0.000000,0.000000,0.000000,0.000000,0.632686,0.027833417,0.027843010
2729,2729,right,0.438136853,-0.199912655,0.983464169,0.000000,0.000000,0.000000,0.000000,0.500000,0.021892937,0.022119835
2730,2730,left,0.430047462,0.241412566,0.799862428,0.000000,0.000000,0.000000,0.000000,0.627197,0.027591880,0.027601473
2730,2730,right,0.438136853,-0.199912655,0.983464169,0.000000,0.000000,0.000000,0.000000,0.500000,0.021892937,0.022119835
2731,2731,left,0.430047462,0.241412566,0.799862428,0.000000,0.000000,0.000000,0.000000,0.621287,0.027331872,0.027341463
2731,2731,right,0.438136853,-0.199912655,0.983464169,0.000000,0.000000,0.000000,0.000000,0.500000,0.021892937,0.022119835
2732,2732,left,0.430047462,0.241412566,0.799862428,0.000000,0.000000,0.000000,0.000000,0.614959,0.027053406,0.027062997
2732,2732,right,0.438136853,-0.199912655,0.983464169,0.000000,0.000000,0.000000,0.000000,0.500000,0.021892937,0.022119835
2733,2733,left,0.430047462,0.241412566,0.799862428,0.000000,0.000000,0.000000,0.000000,0.608212,0.026756572,0.026766161
2733,2733,right,0.438136853,-0.199912655,0.983464169,0.000000,0.000000,0.000000,0.000000,0.500000,0.021892937,0.022119835
2734,2734,left,0.430047462,0.241412566,0.799862428,0.000000,0.000000,0.000000,0.000000,0.601052,0.026441516,0.026451105
2734,2734,right,0.438136853,-0.199912655,0.983464169,0.000000,0.000000,0.000000,0.000000,0.500000,0.021892937,0.022119835
2735,2735,left,0.430047462,0.241412566,0.799862428,0.000000,0.000000,0.000000,0.000000,0.593483,0.026108462,0.026118051
2735,2735,right,0.438136853,-0.199912655,0.983464169,0.000000,0.000000,0.000000,0.000000,0.500000,0.021892937,0.022119835
2736,2736,left,0.430047462,0.241412566,0.799862428,0.000000,0.000000,0.000000,0.000000,0.585510,0.025757687,0.025767274
2736,2736,right,0.438136853,-0.199912655,0.983464169,0.000000,0.000000,0.000000,0.000000,0.500000,0.021892937,0.022119835
2737,2737,left,0.430047462,0.241412566,0.799862428,0.000000,0.000000,0.000000,0.000000,0.577143,0.025389533,0.025399121
2737,2737,right,0.438136853,-0.199912655,0.983464169,0.000000,0.000000,0.000000,0.000000,0.500000,0.021892937,0.022119835
2738,2738,left,0.430047462,0.241412566,0.799862428,0.000000,0.000000,0.000000,0.000000,0.568390,0.025004402,0.025013987
2738,2738,right,0.438136853,-0.199912655,0.983464169,0.000000,0.000000,0.000000,0.000000,0.500000,0.021892937,0.022119835
2739,2739,left,0.430047462,0.241412566,0.799862428,0.000000,0.000000,0.000000,0.000000,0.559262,0.024602739,0.024612324
2739,2739,right,0.438136853,-0.199912655,0.983464169,0.000000,0.000000,0.000000,0.000000,0.500000,0.021892937,0.022119835
2740,2740,left,0.430047462,0.241412566,0.799862428,0.000000,0.000000,0.000000,0.000000,0.549769,0.024185052,0.024194637
2740,2740,right,0.438136853,-0.199912655,0.983464169,0.000000,0.000000,0.000000,0.000000,0.500000,0.021892937,0.022119835
2741,2741,left,0.430047462,0.241412566,0.799862428,0.000000,0.000000,0.000000,0.000000,0.539924,0.023751896,0.023761479
2741,2741,right,0.438136853,-0.199912655,0.983464169,0.000000,0.000000,0.000000,0.000000,0.500000,0.021892937,0.022119835
2742,2742,left,0.430047462,0.241412566,0.799862428,0.000000,0.000000,0.000000,0.000000,0.529742,0.023303874,0.023313455
2742,2742,right,0.438136853,-0.199912655,0.983464169,0.000000,0.000000,0.000000,0.000000,0.500000,0.021892937,0.022119835
2743,2743,left,0.430047462,0.241412566,0.799862428,0.000000,0.000000,0.000000,0.000000,0.519236,0.022841627,0.022851208
2743,2743,right,0.438136853,-0.199912655,0.983464169,0.000000,0.000000,0.000000,0.000000,0.500000,0.021892937,0.022119835
2744,2744,left,0.430047462,0.241412566,0.799862428,0.000000,0.000000,0.000000,0.000000,0.508423,0.022365844,0.022375423
2744,2744,right,0.438136853,-0.199912655,0.983464169,0.000000,0.000000,0.000000,0.000000,0.500000,0.021892937,0.022119835
2745,2745,left,0.430047462,0.241412566,0.799862428,0.000000,0.000000,0.000000,0.000000,0.497319,0.021877252,0.021886829
2745,2745,right,0.438136853,-0.199912655,0.983464169,0.000000,0.000000,0.000000,0.000000,0.500000,0.021892937,0.022119835
2746,2746,left,0.430047462,0.241412566,0.799862428,0.000000,0.000000,0.000000,0.000000,0.485940,0.021376612,0.021386189
2746,2746,right,0.438136853,-0.199912655,0.983464169,0.000000,0.000000,0.000000,0.000000,0.500000,0.021892937,0.022119835
2747,2747,left,0.430047462,0.241412566,0.799862428,0.000000,0.000000,0.000000,0.000000,0.474307,0.020864721,0.020874299
2747,2747,right,0.438136853,-0.199912655,0.983464169,0.000000,0.000000,0.000000,0.000000,0.500000,0.021892937,0.022119835
2748,2748,left,0.430047462,0.241412566,0.799862428,0.000000,0.000000,0.000000,0.000000,0.462436,0.020342406,0.020351982
2748,2748,right,0.438136853,-0.199912655,0.983464169,0.000000,0.000000,0.000000,0.000000,0.500000,0.021892937,0.022119835
2749,2749,left,0.430047462,0.241412566,0.799862428,0.000000,0.000000,0.000000,0.000000,0.450348,0.019810528,0.019820102
2749,2749,right,0.438136853,-0.199912655,0.983464169,0.000000,0.000000,0.000000,0.000000,0.500000,0.021892937,0.022119835
2750,2750,left,0.430047462,0.241412566,0.799862428,0.000000,0.000000,0.000000,0.000000,0.438062,0.019269964,0.019279538
2750,2750,right,0.438136853,-0.199912655,0.983464169,0.000000,0.000000,0.000000,0.000000,0.500000,0.021892937,0.022119835
2751,2751,left,0.430047462,0.241412566,0.799862428,0.000000,0.000000,0.000000,0.000000,0.425600,0.018721620,0.018731192
2751,2751,right,0.438136853,-0.199912655,0.983464169,0.000000,0.000000,0.000000,0.000000,0.500000,0.021892937,0.022119835
2752,2752,left,0.430047462,0.241412566,0.799862428,0.000000,0.000000,0.000000,0.000000,0.412982,0.018166427,0.018175997
2752,2752,right,0.438136853,-0.199912655,0.983464169,0.000000,0.000000,0.000000,0.000000,0.500000,0.021892937,0.022119835
2753,2753,left,0.430047462,0.241412566,0.799862428,0.000000,0.000000,0.000000,0.000000,0.400229,0.017605325,0.017614894
2753,2753,right,0.438136853,-0.199912655,0.983464169,0.000000,0.000000,0.000000,0.000000,0.500000,0.021892937,0.022119835
2754,2754,left,0.430047462,0.241412566,0.799862428,0.000000,0.000000,0.000000,0.000000,0.387365,0.017039279,0.017048845
2754,2754,right,0.438136853,-0.199912655,0.983464169,0.000000,0.000000,0.000000,0.000000,0.500000,0.021892937,0.022119835
2755,2755,left,0.430047462,0.241412566,0.799862428,0.000000,0.000000,0.000000,0.000000,0.374410,0.016469259,0.016478825
2755,2755,right,0.438136853,-0.199912655,0.983464169,0.000000,0.000000,0.000000,0.000000,0.500000,0.021892937,0.022119835
2756,2756,left,0.430047462,0.241412566,0.799862428,0.000000,0.000000,0.000000,0.000000,0.361387,0.015896250,0.015905814
2756,2756,right,0.438136853,-0.199912655,0.983464169,0.000000,0.000000,0.000000,0.000000,0.500000,0.021892937,0.022119835
2757,2757,left,0.430047462,0.241412566,0.799862428,0.000000,0.000000,0.000000,0.000000,0.348318,0.015321245,0.015330809
2757,2757,right,0.438136853,-0.199912655,0.983464169,0.000000,0.000000,0.000000,0.000000,0.500000,0.021892937,0.022119835
2758,2758,left,0.430047462,0.241412566,0.799862428,0.000000,0.000000,0.000000,0.000000,0.335227,0.014745241,0.014754803
2758,2758,right,0.438136853,-0.199912655,0.983464169,0.000000,0.000000,0.000000,0.000000,0.500000,0.021892937,0.022119835
2759,2759,left,0.430047462,0.241412566,0.799862428,0.000000,0.000000,0.000000,0.000000,0.322136,0.014169237,0.014178798
2759,2759,right,0.438136853,-0.199912655,0.983464169,0.000000,0.000000,0.000000,0.000000,0.500000,0.021892937,0.022119835
2760,2760,left,0.430047462,0.241412566,0.799862428,0.000000,0.000000,0.000000,0.000000,0.309068,0.013594232,0.013603792
2760,2760,right,0.438136853,-0.199912655,0.983464169,0.000000,0.000000,0.000000,0.000000,0.500000,0.021892937,0.022119835
2761,2761,left,0.430047462,0.241412566,0.799862428,0.000000,0.000000,0.000000,0.000000,0.296045,0.013021223,0.013030781
2761,2761,right,0.438136853,-0.199912655,0.983464169,0.000000,0.000000,0.000000,0.000000,0.500000,0.021892937,0.022119835
2762,2762,left,0.430047462,0.241412493,0.799862427,0.000000,-0.000073,-0.000001,0.000073,0.283090,0.012451204,0.012460760
2762,2762,right,0.438136853,-0.199912655,0.983464169,0.000000,0.000000,0.000000,0.000000,0.500000,0.021892937,0.022119835
2763,2763,left,0.430047462,0.241412493,0.799862427,0.000000,0.000000,0.000000,0.000000,0.270225,0.011885157,0.011894712
2763,2763,right,0.438136853,-0.199912655,0.983464169,0.000000,0.000000,0.000000,0.000000,0.500000,0.021892937,0.022119835
2764,2764,left,0.430047462,0.241412493,0.799862427,0.000000,0.000000,0.000000,0.000000,0.257473,0.011324056,0.011333610
2764,2764,right,0.438136853,-0.199912655,0.983464169,0.000000,0.000000,0.000000,0.000000,0.500000,0.021892937,0.022119835
2765,2765,left,0.430047462,0.241412493,0.799862427,0.000000,0.000000,0.000000,0.000000,0.244855,0.010768862,0.010778414
2765,2765,right,0.438136853,-0.199912655,0.983464169,0.000000,0.000000,0.000000,0.000000,0.500000,0.021892937,0.022119835
2766,2766,left,0.430047462,0.241412493,0.799862427,0.000000,0.000000,0.000000,0.000000,0.232393,0.010220519,0.010230070
2766,2766,right,0.438136853,-0.199912655,0.983464169,0.000000,0.000000,0.000000,0.000000,0.500000,0.021892937,0.022119835
2767,2767,left,0.430047462,0.241412493,0.799862427,0.000000,0.000000,0.000000,0.000000,0.220107,0.009679955,0.009689505
2767,2767,right,0.438136853,-0.199912655,0.983464169,0.000000,0.000000,0.000000,0.000000,0.500000,0.021892937,0.022119835
2768,2768,left,0.430047462,0.241412493,0.799862427,0.000000,0.000000,0.000000,0.000000,0.208019,0.009148074,0.009157623
2768,2768,right,0.438136853,-0.199912655,0.983464169,0.000000,0.000000,0.000000,0.000000,0.500000,0.021892937,0.022119835
2769,2769,left,0.430047462,0.241412493,0.799862427,0.000000,0.000000,0.000000,0.000000,0.196148,0.008625762,0.008635309
2769,2769,right,0.438136853,-0.199912655,0.983464169,0.000000,0.000000,0.000000,0.000000,0.500000,0.021892937,0.022119835
2770,2770,left,0.430047462,0.241412493,0.799862427,0.000000,0.000000,0.000000,0.000000,0.184514,0.008113871,0.008123417
2770,2770,right,0.438136853,-0.199912655,0.983464169,0.000000,0.000000,0.000000,0.000000,0.500000,0.021892937,0.022119835
2771,2771,left,0.430047462,0.241412493,0.799862427,0.000000,0.000000,0.000000,0.000000,0.173136,0.007613231,0.007622776
2771,2771,right,0.438136853,-0.199912655,0.983464169,0.000000,0.000000,0.000000,0.000000,0.500000,0.021892937,0.022119835
2772,2772,left,0.430047462,0.241412493,0.799862427,0.000000,0.000000,0.000000,0.000000,0.162032,0.007124639,0.007134182
2772,2772,right,0.438136853,-0.199912655,0.983464169,0.000000,0.000000,0.000000,0.000000,0.500000,0.021892937,0.022119835
2773,2773,left,0.430047462,0.241412493,0.799862427,0.000000,0.000000,0.000000,0.000000,0.151218,0.006648857,0.006658399
2773,2773,right,0.438136853,-0.199912655,0.983464169,0.000000,0.000000,0.000000,0.000000,0.500000,0.021892937,0.022119835
2774,2774,left,0.430047462,0.241412493,0.799862427,0.000000,0.000000,0.000000,0.000000,0.140713,0.006186610,0.006196151
2774,2774,right,0.438136853,-0.199912655,0.983464169,0.000000,0.000000,0.000000,0.000000,0.500000,0.021892937,0.022119835
2775,2775,left,0.430047462,0.241412493,0.799862427,0.000000,0.000000,0.000000,0.000000,0.130530,0.005738586,0.005748126
2775,2775,right,0.438136853,-0.199912655,0.983464169,0.000000,0.000000,0.000000,0.000000,0.500000,0.021892937,0.022119835
2776,2776,left,0.430047462,0.241412493,0.799862427,0.000000,0.000000,0.000000,0.000000,0.120686,0.005305430,0.005314969
2776,2776,right,0.438136853,-0.199912655,0.983464169,0.000000,0.000000,0.000000,0.000000,0.500000,0.021892937,0.022119835
2777,2777,left,0.430047462,0.241412493,0.799862427,0.000000,0.000000,0.000000,0.000000,0.111193,0.004887745,0.004897282
2777,2777,right,0.438136853,-0.199912655,0.983464169,0.000000,0.000000,0.000000,0.000000,0.500000,0.021892937,0.022119835
2778,2778,left,0.430047462,0.241412493,0.799862427,0.000000,0.000000,0.000000,0.000000,0.102064,0.004486083,0.004495619
2778,2778,right,0.438136853,-0.199912655,0.983464169,0.000000,0.000000,0.000000,0.000000,0.500000,0.021892937,0.022119835
2779,2779,left,0.430047461,0.241412493,0.799862380,-0.000001,0.000000,-0.000047,0.000001,0.093311,0.004100949,0.004110484
2779,2779,right,0.438136853,-0.199912655,0.983464169,0.000000,0.000000,0.000000,0.000000,0.500000,0.021892937,0.022119835
2780,2780,left,0.430047461,0.241412493,0.799862380,0.000000,0.000000,0.000000,0.000000,0.084944,0.003732795,0.003742330
2780,2780,right,0.438136853,-0.199912655,0.983464169,0.000000,0.000000,0.000000,0.000000,0.500000,0.021892937,0.022119835
2781,2781,left,0.430047461,0.241412493,0.799862380,0.000000,0.000000,0.000000,0.000000,0.076972,0.003382021,0.003391555
2781,2781,right,0.438136853,-0.199912655,0.983464169,0.000000,0.000000,0.000000,0.000000,0.500000,0.021892937,0.022119835
2782,2782,left,0.430047461,0.241412493,0.799862380,0.000000,0.000000,0.000000,0.000000,0.069403,0.003048967,0.003058499
2782,2782,right,0.438136853,-0.199912655,0.983464169,0.000000,0.000000,0.000000,0.000000,0.500000,0.021892937,0.022119835
2783,2783,left,0.430047461,0.241412493,0.799862380,0.000000,0.000000,0.000000,0.000000,0.062242,0.002733912,0.002743444
2783,2783,right,0.438136853,-0.199912655,0.983464169,0.000000,0.000000,0.000000,0.000000,0.500000,0.021892937,0.022119835
2784,2784,left,0.430047461,0.241412493,0.799862380,0.000000,0.000000,0.000000,0.000000,0.055496,0.002437076,0.002446607
2784,2784,right,0.438136853,-0.199912655,0.983464169,0.000000,0.000000,0.000000,0.000000,0.500000,0.021892937,0.022119835
2785,2785,left,0.430047461,0.241412493,0.799862380,0.000000,0.000000,0.000000,0.000000,0.049167,0.002158611,0.002168141
2785,2785,right,0.438136853,-0.199912655,0.983464169,0.000000,0.000000,0.000000,0.000000,0.500000,0.021892937,0.022119835
2786,2786,left,0.430047461,0.241412493,0.799862380,0.000000,0.000000,0.000000,0.000000,0.043258,0.001898603,0.001908133
2786,2786,right,0.438136853,-0.199912655,0.983464169,0.000000,0.000000,0.000000,0.000000,0.500000,0.021892937,0.022119835
2787,2787,left,0.430047461,0.241412493,0.799862380,0.000000,0.000000,0.000000,0.000000,0.037768,0.001657066,0.001666595
2787,2787,right,0.438136853,-0.199912655,0.983464169,0.000000,0.000000,0.000000,0.000000,0.500000,0.021892937,0.022119835
2788,2788,left,0.430047461,0.241412493,0.799862380,0.000000,0.000000,0.000000,0.000000,0.032697,0.001433943,0.001443472
2788,2788,right,0.438136853,-0.199912655,0.983464169,0.000000,0.000000,0.000000,0.000000,0.500000,0.021892937,0.022119835
2789,2789,left,0.430047461,0.241412493,0.799862380,0.000000,0.000000,0.000000,0.000000,0.028042,0.001229100,0.001238628
2789,2789,right,0.438136853,-0.199912655,0.983464169,0.000000,0.000000,0.000000,0.000000,0.500000,0.021892937,0.022119835
2790,2790,left,0.430047461,0.241412493,0.799862380,0.000000,0.000000,0.000000,0.000000,0.023797,0.001042326,0.001051854
2790,2790,right,0.438136853,-0.199912655,0.983464169,0.000000,0.000000,0.000000,0.000000,0.500000,0.021892937,0.022119835
2791,2791,left,0.430047461,0.241412493,0.799862380,0.000000,0.000000,0.000000,0.000000,0.019956,0.000873328,0.000882855
2791,2791,right,0.438136853,-0.199912655,0.983464169,0.000000,0.000000,0.000000,0.000000,0.500000,0.021892937,0.022119835
2792,2792,left,0.430047461,0.241412493,0.799862380,0.000000,0.000000,0.000000,0.000000,0.016511,0.000721730,0.000731257
2792,2792,right,0.438136853,-0.199912655,0.983464169,0.000000,0.000000,0.000000,0.000000,0.500000,0.021892937,0.022119835
2793,2793,left,0.430047461,0.241412493,0.799862380,0.000000,0.000000,0.000000,0.000000,0.013450,0.000587071,0.000596597
2793,2793,right,0.438136853,-0.199912655,0.983464169,0.000000,0.000000,0.000000,0.000000,0.500000,0.021892937,0.022119835
2794,2794,left,0.430047461,0.241412493,0.799862380,0.000000,0.000000,0.000000,0.000000,0.010762,0.000468800,0.000478326
2794,2794,right,0.438136853,-0.199912655,0.983464169,0.000000,0.000000,0.000000,0.000000,0.500000,0.021892937,0.022119835
2795,2795,left,0.430047461,0.241412493,0.799862380,0.000000,0.000000,0.000000,0.000000,0.008432,0.000366276,0.000375802
2795,2795,right,0.438136853,-0.199912655,0.983464169,0.000000,0.000000,0.000000,0.000000,0.500000,0.021892937,0.022119835
2796,2796,left,0.430047461,0.241412493,0.799862380,0.000000,0.000000,0.000000,0.000000,0.006443,0.000278764,0.000288290
2796,2796,right,0.438136853,-0.199912655,0.983464169,0.000000,0.000000,0.000000,0.000000,0.500000,0.021892937,0.022119835
2797,2797,left,0.430047461,0.241412493,0.799862380,0.000000,0.000000,0.000000,0.000000,0.004777,0.000205432,0.000214957
2797,2797,right,0.438136853,-0.199912655,0.983464169,0.000000,0.000000,0.000000,0.000000,0.500000,0.021892937,0.022119835
2798,2798,left,0.430047461,0.241412493,0.799862380,0.000000,0.000000,0.000000,0.000000,0.003411,0.000145349,0.000154874
2798,2798,right,0.438136853,-0.199912655,0.983464169,0.000000,0.000000,0.000000,0.000000,0.500000,0.021892937,0.022119835
2799,2799,left,0.430047461,0.241412493,0.799862380,0.000000,0.000000,0.000000,0.000000,0.002323,0.000097483,0.000107008
2799,2799,right,0.438136853,-0.199912655,0.983464169,0.000000,0.000000,0.000000,0.000000,0.500000,0.021892937,0.022119835
2800,2800,left,0.430047461,0.241412493,0.799862380,0.000000,0.000000,0.000000,0.000000,0.001487,0.000060698,0.000070223
2800,2800,right,0.438136853,-0.199912655,0.983464169,0.000000,0.000000,0.000000,0.000000,0.500000,0.021892937,0.022119835
2801,2801,left,0.430047461,0.241412493,0.799862380,0.000000,0.000000,0.000000,0.000000,0.000875,0.000033750,0.000043275
2801,2801,right,0.438136853,-0.199912655,0.983464169,0.000000,0.000000,0.000000,0.000000,0.500000,0.021892937,0.022119835
2802,2802,left,0.430047461,0.241412493,0.799862380,0.000000,0.000000,0.000000,0.000000,0.000455,0.000015288,0.000024813
2802,2802,right,0.438136853,-0.199912655,0.983464169,0.000000,0.000000,0.000000,0.000000,0.500000,0.021892937,0.022119835
2803,2803,left,0.430047461,0.241412493,0.799862380,0.000000,0.000000,0.000000,0.000000,0.000195,0.000003846,0.000013370
2803,2803,right,0.438136853,-0.199912655,0.983464169,0.000000,0.000000,0.000000,0.000000,0.500000,0.021892937,0.022119835
2804,2804,left,0.430047461,0.241412493,0.799862380,0.000000,0.000000,0.000000,0.000000,0.000059,-0.000002156,0.000007369
2804,2804,right,0.438136853,-0.199912655,0.983464169,0.000000,0.000000,0.000000,0.000000,0.500000,0.021892937,0.022119835
2805,2805,left,0.430047461,0.241412493,0.799862380,0.000000,0.000000,0.000000,0.000000,0.000007,-0.000004412,0.000005113
2805,2805,right,0.438136853,-0.199912655,0.983464169,0.000000,0.000000,0.000000,0.000000,0.500000,0.021892937,0.022119835
2806,2806,left,0.430047461,0.241412493,0.799862380,0.000000,0.000000,0.000000,0.000000,0.000000,-0.000004740,0.000004784
2806,2806,right,0.438136853,-0.199912655,0.983464169,0.000000,0.000000,0.000000,0.000000,0.500000,0.021892937,0.022119835
2807,2807,left,0.430047461,0.241412493,0.799862380,0.000000,0.000000,0.000000,0.000000,0.000000,-0.000004740,0.000004784
2807,2807,right,0.438136853,-0.199912655,0.983464169,0.000000,0.000000,0.000000,0.000000,0.500000,0.021892937,0.022119835
2808,2808,left,0.430047461,0.241412493,0.799862380,0.000000,0.000000,0.000000,0.000000,0.000000,-0.000004740,0.000004784
2808,2808,right,0.438136853,-0.199912655,0.983464169,0.000000,0.000000,0.000000,0.000000,0.500000,0.021892937,0.022119835
2809,2809,left,0.430047461,0.241412493,0.799862380,0.000000,0.000000,0.000000,0.000000,0.000000,-0.000004740,0.000004784
2809,2809,right,0.438136853,-0.199912655,0.983464169,0.000000,0.000000,0.000000,0.000000,0.500000,0.021892937,0.022119835
2810,2810,left,0.430047461,0.241412493,0.799862380,0.000000,0.000000,0.000000,0.000000,0.000000,-0.000004740,0.000004784
2810,2810,right,0.438136853,-0.199912655,0.983464169,0.000000,0.000000,0.000000,0.000000,0.500000,0.021892937,0.022119835
2811,2811,left,0.430047461,0.241412493,0.799862380,0.000000,0.000000,0.000000,0.000000,0.000000,-0.000004740,0.000004784
2811,2811,right,0.438136853,-0.199912655,0.983464169,0.000000,0.000000,0.000000,0.000000,0.500000,0.021892937,0.022119835
2812,2812,left,0.430047461,0.241412493,0.799862380,0.000000,0.000000,0.000000,0.000000,0.000000,-0.000004740,0.000004784
2812,2812,right,0.438136853,-0.199912655,0.983464169,0.000000,0.000000,0.000000,0.000000,0.500000,0.021892937,0.022119835
2813,2813,left,0.430047461,0.241412493,0.799862380,0.000000,0.000000,0.000000,0.000000,0.000000,-0.000004740,0.000004784
2813,2813,right,0.438136853,-0.199912655,0.983464169,0.000000,0.000000,0.000000,0.000000,0.500000,0.021892937,0.022119835
2814,2814,left,0.430047461,0.241412493,0.799862380,0.000000,0.000000,0.000000,0.000000,0.000000,-0.000004740,0.000004784
2814,2814,right,0.438136853,-0.199912655,0.983464169,0.000000,0.000000,0.000000,0.000000,0.500000,0.021892937,0.022119835
2815,2815,left,0.430046804,0.241412548,0.800003014,-0.000657,0.000054,0.140634,0.000659,0.000000,-0.000004741,0.000004785
2815,2815,right,0.438136853,-0.199912655,0.983464169,0.000000,0.000000,0.000000,0.000000,0.500000,0.021892937,0.022119835
2816,2816,left,0.430046804,0.241412548,0.800003014,0.000000,0.000000,0.000000,0.000000,0.000000,-0.000004741,0.000004785
2816,2816,right,0.438136853,-0.199912655,0.983464169,0.000000,0.000000,0.000000,0.000000,0.500000,0.021892937,0.022119835
2817,2817,left,0.430046651,0.241412547,0.800173724,-0.000153,-0.000001,0.170710,0.000153,0.000000,-0.000004741,0.000004785
2817,2817,right,0.438136853,-0.199912655,0.983464169,0.000000,0.000000,0.000000,0.000000,0.500000,0.021892937,0.022119835
2818,2818,left,0.430046764,0.241412523,0.800287602,0.000113,-0.000024,0.113877,0.000115,0.000000,-0.000004742,0.000004786
2818,2818,right,0.438136853,-0.199912655,0.983464169,0.000000,0.000000,0.000000,0.000000,0.500000,0.021892937,0.022119835
2819,2819,left,0.430046474,0.241412542,0.800412135,-0.000289,0.000019,0.124533,0.000290,0.000000,-0.000004742,0.000004786
2819,2819,right,0.438136853,-0.199912655,0.983464169,0.000000,0.000000,0.000000,0.000000,0.500000,0.021892937,0.022119835
2820,2820,left,0.430046532,0.241412541,0.800552553,0.000057,-0.000002,0.140418,0.000057,0.000000,-0.000004743,0.000004787
2820,2820,right,0.438136853,-0.199912655,0.983464169,0.000000,0.000000,0.000000,0.000000,0.500000,0.021892937,0.022119835
2821,2821,left,0.430046471,0.241412556,0.800709565,-0.000061,0.000015,0.157012,0.000063,0.000000,-0.000004743,0.000004787
2821,2821,right,0.438136853,-0.199912655,0.983464169,0.000000,0.000000,0.000000,0.000000,0.500000,0.021892937,0.022119835
2822,2822,left,0.430046300,0.241412543,0.800883056,-0.000170,-0.000013,0.173491,0.000171,0.000000,-0.000004744,0.000004788
2822,2822,right,0.438136853,-0.199912655,0.983464169,0.000000,0.000000,0.000000,0.000000,0.500000,0.021892937,0.022119835
2823,2823,left,0.430046269,0.241412559,0.801073089,-0.000031,0.000016,0.190033,0.000035,0.000000,-0.000004744,0.000004789
2823,2823,right,0.438136853,-0.199912655,0.983464169,0.000000,0.000000,0.000000,0.000000,0.500000,0.021892937,0.022119835
2824,2824,left,0.430046207,0.241412557,0.801279966,-0.000062,-0.000002,0.206877,0.000062,0.000000,-0.000004745,0.000004789
2824,2824,right,0.438136853,-0.199912655,0.983464169,0.000000,0.000000,0.000000,0.000000,0.500000,0.021892937,0.022119835
2825,2825,left,0.430045893,0.241412562,0.801501997,-0.000314,0.000005,0.222031,0.000314,0.000000,-0.000004746,0.000004790
2825,2825,right,0.438136853,-0.199912655,0.983464169,0.000000,0.000000,0.000000,0.000000,0.500000,0.021892937,0.022119835
2826,2826,left,0.430045893,0.241412562,0.801740177,0.000000,0.000000,0.238180,0.000000,0.000000,-0.000004747,0.000004791
2826,2826,right,0.438136853,-0.199912655,0.983464169,0.000000,0.000000,0.000000,0.000000,0.500000,0.021892937,0.022119835
2827,2827,left,0.430045725,0.241412566,0.801993072,-0.000168,0.000003,0.252896,0.000168,0.000000,-0.000004748,0.000004792
2827,2827,right,0.438136853,-0.199912655,0.983464169,0.000000,0.000000,0.000000,0.000000,0.500000,0.021892937,0.022119835
2828,2828,left,0.430045641,0.241412566,0.802259966,-0.000085,0.000001,0.266894,0.000085,0.000000,-0.000004748,0.000004793
2828,2828,right,0.438136853,-0.199912655,0.983464169,0.000000,0.000000,0.000000,0.000000,0.500000,0.021892937,0.022119835
2829,2829,left,0.430045442,0.241412570,0.802539995,-0.000199,0.000004,0.280029,0.000199,0.000000,-0.000004749,0.000004793
2829,2829,right,0.438136853,-0.199912655,0.983464169,0.000000,0.000000,0.000000,0.000000,0.500000,0.021892937,0.022119835
2830,2830,left,0.430045137,0.241412606,0.802831792,-0.000305,0.000036,0.291797,0.000307,0.000000,-0.000004750,0.000004794
2830,2830,right,0.438136853,-0.199912655,0.983464169,0.000000,0.000000,0.000000,0.000000,0.500000,0.021892937,0.022119835
2831,2831,left,0.430045144,0.241412623,0.803134579,0.000007,0.000017,0.302787,0.000019,0.000000,-0.000004751,0.000004795
2831,2831,right,0.438136853,-0.199912655,0.983464169,0.000000,0.000000,0.000000,0.000000,0.500000,0.021892937,0.022119835
2832,2832,left,0.430044891,0.241412628,0.803446898,-0.000254,0.000005,0.312319,0.000254,0.000000,-0.000004752,0.000004796
2832,2832,right,0.438136853,-0.199912655,0.983464169,0.000000,0.000000,0.000000,0.000000,0.500000,0.021892937,0.022119835
2833,2833,left,0.430044872,0.241412632,0.803766790,-0.000019,0.000003,0.319891,0.000019,0.000000,-0.000004753,0.000004797
2833,2833,right,0.438136853,-0.199912655,0.983464169,0.000000,0.000000,0.000000,0.000000,0.500000,0.021892937,0.022119835
2834,2834,left,0.430044652,0.241412622,0.804092815,-0.000220,-0.000010,0.326026,0.000220,0.000000,-0.000004754,0.000004798
2834,2834,right,0.438136853,-0.199912655,0.983464169,0.000000,0.000000,0.000000,0.000000,0.500000,0.021892937,0.022119835
2835,2835,left,0.430044628,0.241412625,0.804423212,-0.000024,0.000003,0.330397,0.000024,0.000000,-0.000004755,0.000004799
2835,2835,right,0.438136853,-0.199912655,0.983464169,0.000000,0.000000,0.000000,0.000000,0.500000,0.021892937,0.022119835
2836,2836,left,0.430044323,0.241412646,0.804755839,-0.000305,0.000021,0.332626,0.000305,0.000000,-0.000004756,0.000004800
2836,2836,right,0.438136853,-0.199912655,0.983464169,0.000000,0.000000,0.000000,0.000000,0.500000,0.021892937,0.022119835
2837,2837,left,0.430044356,0.241411263,0.805091602,0.000032,-0.001382,0.335764,0.001383,0.000000,-0.000004758,0.000004802
2837,2837,right,0.438136853,-0.199912655,0.983464169,0.000000,0.000000,0.000000,0.000000,0.500000,0.021892937,0.022119835
2838,2838,left,0.430044167,0.241401601,0.805441815,-0.000188,-0.009662,0.350212,0.009664,0.000000,-0.000004763,0.000004807
2838,2838,right,0.438136853,-0.199912655,0.983464169,0.000000,0.000000,0.000000,0.000000,0.500000,0.021892937,0.022119835
2839,2839,left,0.430043857,0.241375908,0.805820769,-0.000310,-0.025693,0.378954,0.025694,0.000000,-0.000004776,0.000004820
2839,2839,right,0.438136853,-0.199912655,0.983464169,0.000000,0.000000,0.000000,0.000000,0.500000,0.021892937,0.022119835
2840,2840,left,0.430043702,0.241326976,0.806240867,-0.000156,-0.048932,0.420098,0.048932,0.000000,-0.000004800,0.000004844
2840,2840,right,0.438136853,-0.199912655,0.983464169,0.000000,0.000000,0.000000,0.000000,0.500000,0.021892937,0.022119835
2841,2841,left,0.430043297,0.241248479,0.806711843,-0.000404,-0.078498,0.470976,0.078499,0.000000,-0.000004837,0.000004881
2841,2841,right,0.438136853,-0.199912655,0.983464169,0.000000,0.000000,0.000000,0.000000,0.500000,0.021892937,0.022119835
2842,2842,left,0.430042886,0.241134950,0.807243049,-0.000411,-0.113528,0.531206,0.113529,0.000000,-0.000004890,0.000004934
2842,2842,right,0.438136853,-0.199912655,0.983464169,0.000000,0.000000,0.000000,0.000000,0.500000,0.021892937,0.022119835
2843,2843,left,0.430042416,0.240981218,0.807841310,-0.000470,-0.153732,0.598261,0.153733,0.000000,-0.000004961,0.000005005
2843,2843,right,0.438136853,-0.199912655,0.983464169,0.000000,0.000000,0.000000,0.000000,0.500000,0.021892937,0.022119835
2844,2844,left,0.430041830,0.240783213,0.808512500,-0.000586,-0.198005,0.671191,0.198006,0.000000,-0.000005054,0.000005097
2844,2844,right,0.438136853,-0.199912655,0.983464169,0.000000,0.000000,0.000000,0.000000,0.500000,0.021892937,0.022119835
2845,2845,left,0.430041069,0.240537630,0.809260902,-0.000761,-0.245583,0.748401,0.245584,0.000000,-0.000005168,0.000005211
2845,2845,right,0.438136853,-0.199912655,0.983464169,0.000000,0.000000,0.000000,0.000000,0.500000,0.021892937,0.022119835
2846,2846,left,0.430040282,0.240241424,0.810088776,-0.000787,-0.296206,0.827874,0.296207,0.000000,-0.000005305,0.000005348
2846,2846,right,0.438136853,-0.199912655,0.983464169,0.000000,0.000000,0.000000,0.000000,0.500000,0.021892937,0.022119835
2847,2847,left,0.430039625,0.239892698,0.810998133,-0.000657,-0.348726,0.909357,0.348726,0.000000,-0.000005466,0.000005510
2847,2847,right,0.438136853,-0.199912655,0.983464169,0.000000,0.000000,0.000000,0.000000,0.500000,0.021892937,0.022119835
2848,2848,left,0.430038870,0.239489286,0.811989170,-0.000755,-0.403412,0.991037,0.403413,0.000000,-0.000005653,0.000005696
2848,2848,right,0.438136853,-0.199912655,0.983464169,0.000000,0.000000,0.000000,0.000000,0.500000,0.021892937,0.022119835
2849,2849,left,0.430038022,0.239030266,0.813061200,-0.000848,-0.459021,1.072030,0.459021,0.000000,-0.000005865,0.000005908
2849,2849,right,0.438136853,-0.199912655,0.983464169,0.000000,0.000000,0.000000,0.000000,0.500000,0.021892937,0.022119835
2850,2850,left,0.430042535,0.238480115,0.814298075,0.004513,-0.550150,1.236875,0.550169,0.000000,-0.000006121,0.000006163
2850,2850,right,0.438136853,-0.199912655,0.983464169,0.000000,0.000000,0.000000,0.000000,0.500000,0.021892937,0.022119835
2851,2851,left,0.430042428,0.237904777,0.815531166,-0.000107,-0.575338,1.233091,0.575338,0.000000,-0.000006387,0.000006429
2851,2851,right,0.438136853,-0.199912655,0.983464169,0.000000,0.000000,0.000000,0.000000,0.500000,0.021892937,0.022119835
2852,2852,left,0.430042290,0.237273553,0.816835998,-0.000137,-0.631224,1.304832,0.631224,0.000000,-0.000006677,0.000006719
2852,2852,right,0.438136853,-0.199912655,0.983464169,0.000000,0.000000,0.000000,0.000000,0.500000,0.021892937,0.022119835
2853,2853,left,0.430041956,0.236587240,0.818208201,-0.000335,-0.686313,1.372203,0.686313,0.000000,-0.000006993,0.000007035
2853,2853,right,0.438136853,-0.199912655,0.983464169,0.000000,0.000000,0.000000,0.000000,0.500000,0.021892937,0.022119835
2854,2854,left,0.430041630,0.235846784,0.819642627,-0.000326,-0.740456,1.434426,0.740456,0.000000,-0.000007333,0.000007374
2854,2854,right,0.438136853,-0.199912655,0.983464169,0.000000,0.000000,0.000000,0.000000,0.500000,0.021892937,0.022119835
2855,2855,left,0.430041332,0.235054041,0.821133774,-0.000298,-0.792743,1.491147,0.792743,0.000000,-0.000007697,0.000007737
2855,2855,right,0.438136853,-0.199912655,0.983464169,0.000000,0.000000,0.000000,0.000000,0.500000,0.021892937,0.022119835
2856,2856,left,0.430041263,0.234210548,0.822674768,-0.000069,-0.843493,1.540994,0.843493,0.000000,-0.000008083,0.000008123
2856,2856,right,0.438136853,-0.199912655,0.983464169,0.000000,0.000000,0.000000,0.000000,0.500000,0.021892937,0.022119835
2857,2857,left,0.430040859,0.233318401,0.824259094,-0.000404,-0.892147,1.584326,0.892147,0.000000,-0.000008490,0.000008530
2857,2857,right,0.438136853,-0.199912655,0.983464169,0.000000,0.000000,0.000000,0.000000,0.500000,0.021892937,0.022119835
2858,2858,left,0.430040791,0.232380190,0.825879111,-0.000068,-0.938211,1.620018,0.938211,0.000000,-0.000008917,0.000008956
2858,2858,right,0.438136853,-0.199912655,0.983464169,0.000000,0.000000,0.000000,0.000000,0.500000,0.021892937,0.022119835
2859,2859,left,0.430040510,0.231398469,0.827527737,-0.000281,-0.981721,1.648626,0.981721,0.000000,-0.000009362,0.000009401
2859,2859,right,0.438136853,-0.199912655,0.983464169,0.000000,0.000000,0.000000,0.000000,0.500000,0.021892937,0.022119835
2860,2860,left,0.430040274,0.230375860,0.829197055,-0.000236,-1.022609,1.669318,1.022609,0.000000,-0.000009825,0.000009863
2860,2860,right,0.438136853,-0.199912655,0.983464169,0.000000,0.000000,0.000000,0.000000,0.500000,0.021892937,0.022119835
2861,2861,left,0.430040413,0.229315459,0.830879327,0.000139,-1.060401,1.682272,1.060401,0.000000,-0.000010303,0.000010340
2861,2861,right,0.438136853,-0.199912655,0.983464169,0.000000,0.000000,0.000000,0.000000,0.500000,0.021892937,0.022119835
2862,2862,left,0.430040262,0.228220504,0.832566172,-0.000152,-1.094955,1.686845,1.094955,0.000000,-0.000010794,0.000010831
2862,2862,right,0.438136853,-0.199912655,0.983464169,0.000000,0.000000,0.000000,0.000000,0.500000,0.021892937,0.022119835
2863,2863,left,0.430040511,0.227093751,0.834250167,0.000249,-1.126753,1.683995,1.126753,0.000000,-0.000011297,0.000011334
2863,2863,right,0.438136853,-0.199912655,0.983464169,0.000000,0.000000,0.000000,0.000000,0.500000,0.021892937,0.022119835
2864,2864,left,0.430040514,0.225938993,0.835923407,0.000003,-1.154758,1.673240,1.154758,0.000000,-0.000011811,0.000011847
2864,2864,right,0.438136853,-0.199912655,0.983464169,0.000000,0.000000,0.000000,0.000000,0.500000,0.021892937,0.022119835
2865,2865,left,0.430040654,0.224759164,0.837578144,0.000139,-1.179829,1.654737,1.179829,0.000000,-0.000012333,0.000012368
2865,2865,right,0.438136853,-0.199912655,0.983464169,0.000000,0.000000,0.000000,0.000000,0.500000,0.021892937,0.022119835
2866,2866,left,0.430040764,0.223557727,0.839207416,0.000110,-1.201437,1.629272,1.201437,0.000000,-0.000012862,0.000012897
2866,2866,right,0.438136853,-0.199912655,0.983464169,0.000000,0.000000,0.000000,0.000000,0.500000,0.021892937,0.022119835
2867,2867,left,0.430040971,0.222337981,0.840804141,0.000207,-1.219746,1.596724,1.219746,0.000000,-0.000013397,0.000013431
2867,2867,right,0.438136853,-0.199912655,0.983464169,0.000000,0.000000,0.000000,0.000000,0.500000,0.021892937,0.022119835
2868,2868,left,0.430041421,0.221102958,0.842362018,0.000450,-1.235023,1.557878,1.235023,0.000000,-0.000013935,0.000013968
2868,2868,right,0.438136853,-0.199912655,0.983464169,0.000000,0.000000,0.000000,0.000000,0.500000,0.021892937,0.022119835
2869,2869,left,0.430041628,0.219855902,0.843874700,0.000207,-1.247055,1.512681,1.247055,0.000000,-0.000014475,0.000014508
2869,2869,right,0.438136853,-0.199912655,0.983464169,0.000000,0.000000,0.000000,0.000000,0.500000,0.021892937,0.022119835
2870,2870,left,0.430042007,0.218599938,0.845337278,0.000379,-1.255964,1.462578,1.255964,0.000000,-0.000015016,0.000015048
2870,2870,right,0.438136853,-0.199912655,0.983464169,0.000000,0.000000,0.000000,0.000000,0.500000,0.021892937,0.022119835
2871,2871,left,0.430042464,0.217337748,0.846745365,0.000457,-1.262191,1.408087,1.262191,0.000000,-0.000015557,0.000015589
2871,2871,right,0.438136853,-0.199912655,0.983464169,0.000000,0.000000,0.000000,0.000000,0.500000,0.021892937,0.022119835
2872,2872,left,0.430042693,0.216072108,0.848094795,0.000230,-1.265640,1.349430,1.265640,0.000000,-0.000016097,0.000016127
2872,2872,right,0.438136853,-0.199912655,0.983464169,0.000000,0.000000,0.000000,0.000000,0.500000,0.021892937,0.022119835
2873,2873,left,0.430043108,0.214805238,0.849382596,0.000414,-1.266869,1.287801,1.266870,0.000000,-0.000016633,0.000016664
2873,2873,right,0.438136853,-0.199912655,0.983464169,0.000000,0.000000,0.000000,0.000000,0.500000,0.021892937,0.022119835
2874,2874,left,0.430043578,0.213539781,0.850606527,0.000471,-1.265457,1.223932,1.265457,0.000000,-0.000017167,0.000017197
2874,2874,right,0.438136853,-0.199912655,0.983464169,0.000000,0.000000,0.000000,0.000000,0.500000,0.021892937,0.022119835
2875,2875,left,0.430044051,0.212277173,0.851766072,0.000473,-1.262608,1.159545,1.262608,0.000000,-0.000017696,0.000017726
2875,2875,right,0.438136853,-0.199912655,0.983464169,0.000000,0.000000,0.000000,0.000000,0.500000,0.021892937,0.022119835
2876,2876,left,0.430044340,0.211019427,0.852861009,0.000289,-1.257746,1.094937,1.257746,0.000000,-0.000018221,0.000018250
2876,2876,right,0.438136853,-0.199912655,0.983464169,0.000000,0.000000,0.000000,0.000000,0.500000,0.021892937,0.022119835
2877,2877,left,0.430045005,0.209767547,0.853892903,0.000665,-1.251880,1.031894,1.251881,0.000000,-0.000018741,0.000018769
2877,2877,right,0.438136853,-0.199912655,0.983464169,0.000000,0.000000,0.000000,0.000000,0.500000,0.021892937,0.022119835
2878,2878,left,0.430045477,0.208522547,0.854864073,0.000471,-1.245000,0.971170,1.245000,0.000000,-0.000019255,0.000019283
2878,2878,right,0.438136853,-0.199912655,0.983464169,0.000000,0.000000,0.000000,0.000000,0.500000,0.021892937,0.022119835
2879,2879,left,0.430046073,0.207284964,0.855778684,0.000597,-1.237583,0.914610,1.237583,0.000000,-0.000019764,0.000019791
2879,2879,right,0.438136853,-0.199912655,0.983464169,0.000000,0.000000,0.000000,0.000000,0.500000,0.021892937,0.022119835
2880,2880,left,0.430046283,0.206054715,0.856641965,0.000210,-1.230249,0.863281,1.230249,0.000000,-0.000020267,0.000020294
2880,2880,right,0.438136853,-0.199912655,0.983464169,0.000000,0.000000,0.000000,0.000000,0.500000,0.021892937,0.022119835
2881,2881,left,0.430039730,0.204907071,0.857408277,-0.006553,-1.147644,0.766312,1.147662,0.000000,-0.000020731,0.000020757
2881,2881,right,0.438136853,-0.199912655,0.983464169,0.000000,0.000000,0.000000,0.000000,0.500000,0.021892937,0.022119835
2882,2882,left,0.430047328,0.203614707,0.858243458,0.007598,-1.292364,0.835181,1.292386,0.000000,-0.000021258,0.000021284
2882,2882,right,0.438136853,-0.199912655,0.983464169,0.000000,0.000000,0.000000,0.000000,0.500000,0.021892937,0.022119835
2883,2883,left,0.430040944,0.202476383,0.858952750,-0.006384,-1.138324,0.709292,1.138342,0.000000,-0.000021713,0.000021738
2883,2883,right,0.438136853,-0.199912655,0.983464169,0.000000,0.000000,0.000000,0.000000,0.500000,0.021892937,0.022119835
2884,2884,left,0.430048202,0.201191945,0.859744811,0.007257,-1.284438,0.792060,1.284458,0.000000,-0.000022230,0.000022256
2884,2884,right,0.438136853,-0.199912655,0.983464169,0.000000,0.000000,0.000000,0.000000,0.500000,0.021892937,0.022119835
2885,2885,left,0.430041853,0.200056043,0.860438812,-0.006349,-1.135902,0.694001,1.135920,0.000000,-0.000022679,0.000022703
2885,2885,right,0.438136853,-0.199912655,0.983464169,0.000000,0.000000,0.000000,0.000000,0.500000,0.021892937,0.022119835
2886,2886,left,0.430049361,0.198769754,0.861227169,0.007508,-1.286289,0.788357,1.286311,0.000000,-0.000023187,0.000023211
2886,2886,right,0.438136853,-0.199912655,0.983464169,0.000000,0.000000,0.000000,0.000000,0.500000,0.021892937,0.022119835
2887,2887,left,0.430042744,0.197626852,0.861919939,-0.006617,-1.142903,0.692770,1.142922,0.000000,-0.000023626,0.000023649
2887,2887,right,0.438136853,-0.199912655,0.983464169,0.000000,0.000000,0.000000,0.000000,0.500000,0.021892937,0.022119835
2888,2888,left,0.430050154,0.196329604,0.862706051,0.007411,-1.297248,0.786112,1.297269,0.000000,-0.000024122,0.000024144
2888,2888,right,0.438136853,-0.199912655,0.983464169,0.000000,0.000000,0.000000,0.000000,0.500000,0.021892937,0.022119835
2889,2889,left,0.430043723,0.195171304,0.863397896,-0.006432,-1.158299,0.691846,1.158317,0.000000,-0.000024547,0.000024566
2889,2889,right,0.438136853,-0.199912655,0.983464169,0.000000,0.000000,0.000000,0.000000,0.500000,0.021892937,0.022119835
2890,2890,left,0.430051404,0.193854728,0.864180855,0.007681,-1.316576,0.782959,1.316599,0.000000,-0.000025026,0.000025043
2890,2890,right,0.438136853,-0.199912655,0.983464169,0.000000,0.000000,0.000000,0.000000,0.500000,0.021892937,0.022119835
2891,2891,left,0.430044459,0.192673268,0.864870126,-0.006945,-1.181460,0.689272,1.181480,0.000000,-0.000025433,0.000025446
2891,2891,right,0.438136853,-0.199912655,0.983464169,0.000000,0.000000,0.000000,0.000000,0.500000,0.021892937,0.022119835
2892,2892,left,0.430052605,0.191329760,0.865649357,0.008146,-1.343508,0.779231,1.343532,0.000000,-0.000025893,0.000025901
2892,2892,right,0.438136853,-0.199912655,0.983464169,0.000000,0.000000,0.000000,0.000000,0.500000,0.021892937,0.022119835
2893,2893,left,0.430045478,0.190118170,0.866335318,-0.007128,-1.211590,0.685961,1.211611,0.000000,-0.000026279,0.000026282
2893,2893,right,0.438136853,-0.199912655,0.983464169,0.000000,0.000000,0.000000,0.000000,0.500000,0.021892937,0.022119835
2894,2894,left,0.430053685,0.188740840,0.867109799,0.008207,-1.377330,0.774481,1.377354,0.000000,-0.000026715,0.000026710
2894,2894,right,0.438136853,-0.199912655,0.983464169,0.000000,0.000000,0.000000,0.000000,0.500000,0.021892937,0.022119835
2895,2895,left,0.430046585,0.187492642,0.867792328,-0.007100,-1.248198,0.682529,1.248219,0.000000,-0.000027077,0.000027064
2895,2895,right,0.438136853,-0.199912655,0.983464169,0.000000,0.000000,0.000000,0.000000,0.500000,0.021892937,0.022119835
2896,2896,left,0.430054950,0.186075203,0.868562236,0.008365,-1.417439,0.769907,1.417464,0.000000,-0.000027487,0.000027463
2896,2896,right,0.438136853,-0.199912655,0.983464169,0.000000,0.000000,0.000000,0.000000,0.500000,0.021892937,0.022119835
2897,2897,left,0.430047747,0.184784528,0.869241817,-0.007203,-1.290675,0.679582,1.290695,0.000000,-0.000027822,0.000027787
2897,2897,right,0.438136853,-0.199912655,0.983464169,0.000000,0.000000,0.000000,0.000000,0.500000,0.021892937,0.022119835
2898,2898,left,0.430046565,0.183401204,0.869961140,-0.001182,-1.383324,0.719322,1.383324,0.000000,-0.000028171,0.000028123
2898,2898,right,0.438136853,-0.199912655,0.983464169,0.000000,0.000000,0.000000,0.000000,0.500000,0.021892937,0.022119835
2899,2899,left,0.430056682,0.181908314,0.870728472,0.010116,-1.492890,0.767332,1.492925,0.000000,-0.000028538,0.000028474
2899,2899,right,0.438136853,-0.199912655,0.983464169,0.000000,0.000000,0.000000,0.000000,0.500000,0.021892937,0.022119835
2900,2900,left,0.430049243,0.180544410,0.871406074,-0.007438,-1.363904,0.677603,1.363924,0.000000,-0.000028829,0.000028748
2900,2900,right,0.438136853,-0.199912655,0.983464169,0.000000,0.000000,0.000000,0.000000,0.500000,0.021892937,0.022119835
2901,2901,left,0.430048357,0.179083941,0.872123618,-0.000887,-1.460469,0.717543,1.460469,0.000000,-0.000029131,0.000029030
2901,2901,right,0.438136853,-0.199912655,0.983464169,0.000000,0.000000,0.000000,0.000000,0.500000,0.021892937,0.022119835
2902,2902,left,0.430048920,0.177590893,0.872844870,0.000563,-1.493048,0.721252,1.493048,0.000000,-0.000029418,0.000029296
2902,2902,right,0.438136853,-0.199912655,0.983464169,0.000000,0.000000,0.000000,0.000000,0.500000,0.021892937,0.022119835
2903,2903,left,0.430049522,0.176068786,0.873567821,0.000602,-1.522107,0.722951,1.522107,0.000000,-0.000029687,0.000029542
2903,2903,right,0.438136853,-0.199912655,0.983464169,0.000000,0.000000,0.000000,0.000000,0.500000,0.021892937,0.022119835
2904,2904,left,0.430050165,0.174516882,0.874293058,0.000643,-1.551904,0.725237,1.551904,0.000000,-0.000029939,0.000029768
2904,2904,right,0.438136853,-0.199912655,0.983464169,0.000000,0.000000,0.000000,0.000000,0.500000,0.021892937,0.022119835
2905,2905,left,0.430050895,0.172934484,0.875022351,0.000729,-1.582397,0.729293,1.582398,0.000000,-0.000030173,0.000029974
2905,2905,right,0.438136853,-0.199912655,0.983464169,0.000000,0.000000,0.000000,0.000000,0.500000,0.021892937,0.022119835
2906,2906,left,0.430051627,0.171320908,0.875756514,0.000732,-1.613576,0.734163,1.613577,0.000000,-0.000030388,0.000030159
2906,2906,right,0.438136853,-0.199912655,0.983464169,0.000000,0.000000,0.000000,0.000000,0.500000,0.021892937,0.022119835
2907,2907,left,0.430052204,0.169675495,0.876497155,0.000577,-1.645413,0.740641,1.645413,0.000000,-0.000030584,0.000030323
2907,2907,right,0.438136853,-0.199912655,0.983464169,0.000000,0.000000,0.000000,0.000000,0.500000,0.021892937,0.022119835
2908,2908,left,0.430052912,0.167997342,0.877245802,0.000708,-1.678153,0.748647,1.678153,0.000000,-0.000030761,0.000030465
2908,2908,right,0.438136853,-0.199912655,0.983464169,0.000000,0.000000,0.000000,0.000000,0.500000,0.021892937,0.022119835
2909,2909,left,0.430053498,0.166286289,0.878003587,0.000586,-1.711053,0.757785,1.711053,0.000000,-0.000030918,0.000030584
2909,2909,right,0.438136853,-0.199912655,0.983464169,0.000000,0.000000,0.000000,0.000000,0.500000,0.021892937,0.022119835
2910,2910,left,0.430054224,0.164541807,0.878773345,0.000726,-1.744482,0.769758,1.744483,0.000000,-0.000031055,0.000030682
2910,2910,right,0.438136853,-0.199912655,0.983464169,0.000000,0.000000,0.000000,0.000000,0.500000,0.021892937,0.022119835
2911,2911,left,0.430054951,0.162763364,0.879556022,0.000727,-1.778443,0.782677,1.778443,0.000000,-0.000031172,0.000030756
2911,2911,right,0.438136853,-0.199912655,0.983464169,0.000000,0.000000,0.000000,0.000000,0.500000,0.021892937,0.022119835
2912,2912,left,0.430055528,0.160950615,0.880353852,0.000577,-1.812749,0.797830,1.812749,0.000000,-0.000031269,0.000030808
2912,2912,right,0.438136853,-0.199912655,0.983464169,0.000000,0.000000,0.000000,0.000000,0.500000,0.021892937,0.022119835
2913,2913,left,0.430067695,0.159021226,0.881211577,0.012168,-1.929389,0.857725,1.929428,0.000000,-0.000031371,0.000030863
2913,2913,right,0.438136853,-0.199912655,0.983464169,0.000000,0.000000,0.000000,0.000000,0.500000,0.021892937,0.022119835
2914,2914,left,0.430058820,0.157215891,0.882005733,-0.008876,-1.805335,0.794156,1.805357,0.000000,-0.000031400,0.000030841
2914,2914,right,0.438136853,-0.199912655,0.983464169,0.000000,0.000000,0.000000,0.000000,0.500000,0.021892937,0.022119835
2915,2915,left,0.430069484,0.155221847,0.882901708,0.010664,-1.994044,0.895975,1.994073,0.000000,-0.000031458,0.000030847
2915,2915,right,0.438136853,-0.199912655,0.983464169,0.000000,0.000000,0.000000,0.000000,0.500000,0.021892937,0.022119835
2916,2916,left,0.430059862,0.153346550,0.883739738,-0.009622,-1.875296,0.838030,1.875321,0.000000,-0.000031445,0.000030778
2916,2916,right,0.438136853,-0.199912655,0.983464169,0.000000,0.000000,0.000000,0.000000,0.500000,0.021892937,0.022119835
2917,2917,left,0.430071083,0.151281994,0.884685341,0.011221,-2.064556,0.945603,2.064587,0.000000,-0.000031459,0.000030734
2917,2917,right,0.438136853,-0.199912655,0.983464169,0.000000,0.000000,0.000000,0.000000,0.500000,0.021892937,0.022119835
2918,2918,left,0.430061277,0.149336564,0.885575667,-0.009806,-1.945430,0.890326,1.945455,0.000000,-0.000031403,0.000030617
2918,2918,right,0.438136853,-0.199912655,0.983464169,0.000000,0.000000,0.000000,0.000000,0.500000,0.021892937,0.022119835
2919,2919,left,0.430073028,0.147201402,0.886579312,0.011752,-2.135162,1.003645,2.135194,0.000000,-0.000031372,0.000030523
2919,2919,right,0.438136853,-0.199912655,0.983464169,0.000000,0.000000,0.000000,0.000000,0.500000,0.021892937,0.022119835
2920,2920,left,0.430062655,0.145186037,0.887529773,-0.010373,-2.015365,0.950461,2.015392,0.000000,-0.000031273,0.000030357
2920,2920,right,0.438136853,-0.199912655,0.983464169,0.000000,0.000000,0.000000,0.000000,0.500000,0.021892937,0.022119835
2921,2921,left,0.430075225,0.142980780,0.888599266,0.012570,-2.205257,1.069493,2.205293,0.000000,-0.000031197,0.000030213
2921,2921,right,0.438136853,-0.199912655,0.983464169,0.000000,0.000000,0.000000,0.000000,0.500000,0.021892937,0.022119835
2922,2922,left,0.430063963,0.140896033,0.889616264,-0.011262,-2.084747,1.016998,2.084777,0.000000,-0.000031053,0.000029997
2922,2922,right,0.438136853,-0.199912655,0.983464169,0.000000,0.000000,0.000000,0.000000,0.500000,0.021892937,0.022119835
2923,2923,left,0.430077369,0.138621564,0.890758508,0.013406,-2.274469,1.142244,2.274508,0.000000,-0.000030932,0.000029802
2923,2923,right,0.438136853,-0.199912655,0.983464169,0.000000,0.000000,0.000000,0.000000,0.500000,0.021892937,0.022119835
2924,2924,left,0.430065278,0.136468224,0.891848158,-0.012091,-2.153341,1.089649,2.153375,0.000000,-0.000030744,0.000029538
2924,2924,right,0.438136853,-0.199912655,0.983464169,0.000000,0.000000,0.000000,0.000000,0.500000,0.021892937,0.022119835
2925,2925,left,0.430079591,0.134125605,0.893068835,0.014312,-2.342618,1.220678,2.342662,0.000000,-0.000030578,0.000029292
2925,2925,right,0.438136853,-0.199912655,0.983464169,0.000000,0.000000,0.000000,0.000000,0.500000,0.021892937,0.022119835
2926,2926,left,0.430066545,0.131905291,0.894235335,-0.013045,-2.220314,1.166500,2.220353,0.000000,-0.000030346,0.000028978
2926,2926,right,0.438136853,-0.199912655,0.983464169,0.000000,0.000000,0.000000,0.000000,0.500000,0.021892937,0.022119835
2927,2927,left,0.430081999,0.129496042,0.895537562,0.015454,-2.409249,1.302227,2.409299,0.000000,-0.000030134,0.000028682
2927,2927,right,0.438136853,-0.199912655,0.983464169,0.000000,0.000000,0.000000,0.000000,0.500000,0.021892937,0.022119835
2928,2928,left,0.430083284,0.127131952,0.896833174,0.001285,-2.364090,1.295613,2.364090,0.000000,-0.000029879,0.000028340
2928,2928,right,0.438136853,-0.199912655,0.983464169,0.000000,0.000000,0.000000,0.000000,0.500000,0.021892937,0.022119835
2929,2929,left,0.430084548,0.124736090,0.898169220,0.001264,-2.395861,1.336046,2.395862,0.000000,-0.000029601,0.000027973
2929,2929,right,0.438136853,-0.199912655,0.983464169,0.000000,0.000000,0.000000,0.000000,0.500000,0.021892937,0.022119835
2930,2930,left,0.430085705,0.122308848,0.899545817,0.001157,-2.427242,1.376597,2.427242,0.000000,-0.000029302,0.000027582
2930,2930,right,0.438136853,-0.199912655,0.983464169,0.000000,0.000000,0.000000,0.000000,0.500000,0.021892937,0.022119835
2931,2931,left,0.430087058,0.119850851,0.900962287,0.001353,-2.457998,1.416470,2.457998,0.000000,-0.000028981,0.000027167
2931,2931,right,0.438136853,-0.199912655,0.983464169,0.000000,0.000000,0.000000,0.000000,0.500000,0.021892937,0.022119835
2932,2932,left,0.430088523,0.117362518,0.902417883,0.001465,-2.488333,1.455597,2.488333,0.000000,-0.000028639,0.000026729
2932,2932,right,0.438136853,-0.199912655,0.983464169,0.000000,0.000000,0.000000,0.000000,0.500000,0.021892937,0.022119835
2933,2933,left,0.430089817,0.114844676,0.903911087,0.001294,-2.517842,1.493204,2.517842,0.000000,-0.000028276,0.000026267
2933,2933,right,0.438136853,-0.199912655,0.983464169,0.000000,0.000000,0.000000,0.000000,0.500000,0.021892937,0.022119835
2934,2934,left,0.430091599,0.112298130,0.905440888,0.001783,-2.546546,1.529801,2.546547,0.000000,-0.000027893,0.000025783
2934,2934,right,0.438136853,-0.199912655,0.983464169,0.000000,0.000000,0.000000,0.000000,0.500000,0.021892937,0.022119835
2935,2935,left,0.430093007,0.109723354,0.907004832,0.001407,-2.574776,1.563943,2.574776,0.000000,-0.000027489,0.000025276
2935,2935,right,0.438136853,-0.199912655,0.983464169,0.000000,0.000000,0.000000,0.000000,0.500000,0.021892937,0.022119835
2936,2936,left,0.430094498,0.107121542,0.908600458,0.001491,-2.601811,1.595626,2.601812,0.000000,-0.000027066,0.000024748
2936,2936,right,0.438136853,-0.199912655,0.983464169,0.000000,0.000000,0.000000,0.000000,0.500000,0.021892937,0.022119835
2937,2937,left,0.430096079,0.104493015,0.910225555,0.001581,-2.628527,1.625097,2.628528,0.000000,-0.000026625,0.000024199
2937,2937,right,0.438136853,-0.199912655,0.983464169,0.000000,0.000000,0.000000,0.000000,0.500000,0.021892937,0.022119835
2938,2938,left,0.430097650,0.101838805,0.911876986,0.001572,-2.654210,1.651431,2.654211,0.000000,-0.000026165,0.000023629
2938,2938,right,0.438136853,-0.199912655,0.983464169,0.000000,0.000000,0.000000,0.000000,0.500000,0.021892937,0.022119835
2939,2939,left,0.430099204,0.099160025,0.913550767,0.001554,-2.678779,1.673780,2.678780,0.000000,-0.000025687,0.000023041
2939,2939,right,0.438136853,-0.199912655,0.983464169,0.000000,0.000000,0.000000,0.000000,0.500000,0.021892937,0.022119835
2940,2940,left,0.430100945,0.096457334,0.915244251,0.001741,-2.702692,1.693484,2.702692,0.000000,-0.000025193,0.000022434
2940,2940,right,0.438136853,-0.199912655,0.983464169,0.000000,0.000000,0.000000,0.000000,0.500000,0.021892937,0.022119835
2941,2941,left,0.430102672,0.093731798,0.916953120,0.001727,-2.725535,1.708870,2.725536,0.000000,-0.000024684,0.000021810
2941,2941,right,0.438136853,-0.199912655,0.983464169,0.000000,0.000000,0.000000,0.000000,0.500000,0.021892937,0.022119835
2942,2942,left,0.430104564,0.090984315,0.918673157,0.001892,-2.747484,1.720037,2.747484,0.000000,-0.000024160,0.000021170
2942,2942,right,0.438136853,-0.199912655,0.983464169,0.000000,0.000000,0.000000,0.000000,0.500000,0.021892937,0.022119835
2943,2943,left,0.430106358,0.088215947,0.920399134,0.001794,-2.768367,1.725977,2.768368,0.000000,-0.000023622,0.000020514
2943,2943,right,0.438136853,-0.199912655,0.983464169,0.000000,0.000000,0.000000,0.000000,0.500000,0.021892937,0.022119835
2944,2944,left,0.430086036,0.085506064,0.922081914,-0.020322,-2.709883,1.682780,2.709959,0.000000,-0.000023057,0.000019830
2944,2944,right,0.438136853,-0.199912655,0.983464169,0.000000,0.000000,0.000000,0.000000,0.500000,0.021892937,0.022119835
2945,2945,left,0.430109911,0.082620988,0.923851408,0.023875,-2.885076,1.769494,2.885175,0.000000,-0.000022511,0.000019164
2945,2945,right,0.438136853,-0.199912655,0.983464169,0.000000,0.000000,0.000000,0.000000,0.500000,0.021892937,0.022119835
2946,2946,left,0.430090239,0.079873979,0.925526969,-0.019672,-2.747009,1.675561,2.747080,0.000000,-0.000021926,0.000018457
2946,2946,right,0.438136853,-0.199912655,0.983464169,0.000000,0.000000,0.000000,0.000000,0.500000,0.021892937,0.022119835
2947,2947,left,0.430113798,0.076954602,0.927269587,0.023560,-2.919376,1.742619,2.919471,0.000000,-0.000021362,0.000017770
2947,2947,right,0.438136853,-0.199912655,0.983464169,0.000000,0.000000,0.000000,0.000000,0.500000,0.021892937,0.022119835
2948,2948,left,0.430095214,0.074174926,0.928917501,-0.018584,-2.779677,1.647913,2.779739,0.000000,-0.000020762,0.000017046
2948,2948,right,0.438136853,-0.199912655,0.983464169,0.000000,0.000000,0.000000,0.000000,0.500000,0.021892937,0.022119835
2949,2949,left,0.430095342,0.071307653,0.930576563,0.000129,-2.867273,1.659063,2.867273,0.000000,-0.000020170,0.000016330
2949,2949,right,0.438136853,-0.199912655,0.983464169,0.000000,0.000000,0.000000,0.000000,0.500000,0.021892937,0.022119835
2950,2950,left,0.430098077,0.068422831,0.932207716,0.002735,-2.884822,1.631152,2.884823,0.000000,-0.000019576,0.000015610
2950,2950,right,0.438136853,-0.199912655,0.983464169,0.000000,0.000000,0.000000,0.000000,0.500000,0.021892937,0.022119835
2951,2951,left,0.430101400,0.065525645,0.933802928,0.003323,-2.897186,1.595213,2.897188,0.000000,-0.000018980,0.000014888
2951,2951,right,0.438136853,-0.199912655,0.983464169,0.000000,0.000000,0.000000,0.000000,0.500000,0.021892937,0.022119835
2952,2952,left,0.430104842,0.062617445,0.935357163,0.003441,-2.908199,1.554234,2.908201,0.000000,-0.000018383,0.000014165
2952,2952,right,0.438136853,-0.199912655,0.983464169,0.000000,0.000000,0.000000,0.000000,0.500000,0.021892937,0.022119835
2953,2953,left,0.430108601,0.059699469,0.936864063,0.003760,-2.917976,1.506900,2.917979,0.000000,-0.000017789,0.000013443
2953,2953,right,0.438136853,-0.199912655,0.983464169,0.000000,0.000000,0.000000,0.000000,0.500000,0.021892937,0.022119835
2954,2954,left,0.430112514,0.056773156,0.938318488,0.003913,-2.926313,1.454425,2.926316,0.000000,-0.000017198,0.000012725
2954,2954,right,0.438136853,-0.199912655,0.983464169,0.000000,0.000000,0.000000,0.000000,0.500000,0.021892937,0.022119835
2955,2955,left,0.430116723,0.053839326,0.939715590,0.004209,-2.933830,1.397102,2.933833,0.000000,-0.000016612,0.000012011
2955,2955,right,0.438136853,-0.199912655,0.983464169,0.000000,0.000000,0.000000,0.000000,0.500000,0.021892937,0.022119835
2956,2956,left,0.430120789,0.050899688,0.941049320,0.004067,-2.939637,1.333730,2.939640,0.000000,-0.000016033,0.000011305
2956,2956,right,0.438136853,-0.199912655,0.983464169,0.000000,0.000000,0.000000,0.000000,0.500000,0.021892937,0.022119835
2957,2957,left,0.430125254,0.047955184,0.942315663,0.004465,-2.944505,1.266344,2.944508,0.000000,-0.000015463,0.000010607
2957,2957,right,0.438136853,-0.199912655,0.983464169,0.000000,0.000000,0.000000,0.000000,0.500000,0.021892937,0.022119835
2958,2958,left,0.430129647,0.045007262,0.943508955,0.004392,-2.947922,1.193292,2.947925,0.000000,-0.000014903,0.000009920
2958,2958,right,0.438136853,-0.199912655,0.983464169,0.000000,0.000000,0.000000,0.000000,0.500000,0.021892937,0.022119835
2959,2959,left,0.430134450,0.042057105,0.944625707,0.004803,-2.950157,1.116752,2.950161,0.000000,-0.000014356,0.000009246
2959,2959,right,0.438136853,-0.199912655,0.983464169,0.000000,0.000000,0.000000,0.000000,0.500000,0.021892937,0.022119835
2960,2960,left,0.430139341,0.039106151,0.945661156,0.004891,-2.950954,1.035449,2.950958,0.000000,-0.000013822,0.000008585
2960,2960,right,0.438136853,-0.199912655,0.983464169,0.000000,0.000000,0.000000,0.000000,0.500000,0.021892937,0.022119835
2961,2961,left,0.430144161,0.036155335,0.946612230,0.004820,-2.950815,0.951074,2.950819,0.000000,-0.000013304,0.000007941
2961,2961,right,0.438136853,-0.199912655,0.983464169,0.000000,0.000000,0.000000,0.000000,0.500000,0.021892937,0.022119835
2962,2962,left,0.430148971,0.033206321,0.947474989,0.004810,-2.949015,0.862759,2.949018,0.000000,-0.000012802,0.000007314
2962,2962,right,0.438136853,-0.199912655,0.983464169,0.000000,0.000000,0.000000,0.000000,0.500000,0.021892937,0.022119835
2963,2963,left,0.430154313,0.030260241,0.948246930,0.005342,-2.946080,0.771941,2.946085,0.000000,-0.000012318,0.000006705
2963,2963,right,0.438136853,-0.199912655,0.983464169,0.000000,0.000000,0.000000,0.000000,0.500000,0.021892937,0.022119835
2964,2964,left,0.430149015,0.027241815,0.948872443,-0.005297,-3.018426,0.625513,3.018431,0.000000,-0.000011884,0.000006148
2964,2964,right,0.438136853,-0.199912655,0.983464169,0.000000,0.000000,0.000000,0.000000,0.500000,0.021892937,0.022119835
2965,2965,left,0.430162318,0.024378449,0.949502963,0.013303,-2.863366,0.630520,2.863397,0.000000,-0.000011411,0.000005550
2965,2965,right,0.438136853,-0.199912655,0.983464169,0.000000,0.000000,0.000000,0.000000,0.500000,0.021892937,0.022119835
2966,2966,left,0.430153019,0.021377318,0.949925063,-0.009299,-3.001132,0.422100,3.001146,0.000000,-0.000011018,0.000005037
2966,2966,right,0.438136853,-0.199912655,0.983464169,0.000000,0.000000,0.000000,0.000000,0.500000,0.021892937,0.022119835
2967,2967,left,0.430154363,0.018456531,0.950303429,0.001343,-2.920787,0.378366,2.920787,0.000000,-0.000010618,0.000004516
2967,2967,right,0.438136853,-0.199912655,0.983464169,0.000000,0.000000,0.000000,0.000000,0.500000,0.021892937,0.022119835
2968,2968,left,0.430156180,0.015545460,0.950583611,0.001817,-2.911071,0.280182,2.911071,0.000000,-0.000010238,0.000004017
2968,2968,right,0.438136853,-0.199912655,0.983464169,0.000000,0.000000,0.000000,0.000000,0.500000,0.021892937,0.022119835
2969,2969,left,0.430157808,0.012645191,0.950763767,0.001628,-2.900269,0.180156,2.900269,0.000000,-0.000009882,0.000003542
2969,2969,right,0.438136853,-0.199912655,0.983464169,0.000000,0.000000,0.000000,0.000000,0.500000,0.021892937,0.022119835
2970,2970,left,0.430159565,0.009757167,0.950845180,0.001757,-2.888024,0.081413,2.888024,0.000000,-0.000009547,0.000003090
2970,2970,right,0.438136853,-0.199912655,0.983464169,0.000000,0.000000,0.000000,0.000000,0.500000,0.021892937,0.022119835
2971,2971,left,0.430161116,0.006882505,0.950828248,0.001551,-2.874663,-0.016932,2.874663,0.000000,-0.000009234,0.000002663
2971,2971,right,0.438136853,-0.199912655,0.983464169,0.000000,0.000000,0.000000,0.000000,0.500000,0.021892937,0.022119835
2972,2972,left,0.430162816,0.004022511,0.950714459,0.001700,-2.859994,-0.113788,2.859994,0.000000,-0.000008944,0.000002258
2972,2972,right,0.438136853,-0.199912655,0.983464169,0.000000,0.000000,0.000000,0.000000,0.500000,0.021892937,0.022119835
2973,2973,left,0.430164154,0.001178542,0.950505426,0.001338,-2.843969,-0.209033,2.843969,0.000000,-0.000008675,0.000001877
2973,2973,right,0.438136853,-0.199912655,0.983464169,0.000000,0.000000,0.000000,0.000000,0.500000,0.021892937,0.022119835
2974,2974,left,0.430165426,-0.001647985,0.950203433,0.001273,-2.826526,-0.301993,2.826527,0.000000,-0.000008426,0.000001518
2974,2974,right,0.438136853,-0.199912655,0.983464169,0.000000,0.000000,0.000000,0.000000,0.500000,0.021892937,0.022119835
2975,2975,left,0.430166772,-0.004456131,0.949811205,0.001345,-2.808147,-0.392228,2.808147,0.000000,-0.000008198,0.000001181
2975,2975,right,0.438136853,-0.199912655,0.983464169,0.000000,0.000000,0.000000,0.000000,0.500000,0.021892937,0.022119835
2976,2976,left,0.430168035,-0.007244355,0.949331663,0.001263,-2.788224,-0.479542,2.788225,0.000000,-0.000007988,0.000000865
2976,2976,right,0.438136853,-0.199912655,0.983464169,0.000000,0.000000,0.000000,0.000000,0.500000,0.021892937,0.022119835
2977,2977,left,0.430169276,-0.010011606,0.948768352,0.001241,-2.767250,-0.563311,2.767251,0.000000,-0.000007797,0.000000568
2977,2977,right,0.438136853,-0.199912655,0.983464169,0.000000,0.000000,0.000000,0.000000,0.500000,0.021892937,0.022119835
2978,2978,left,0.430170261,-0.012756410,0.948125344,0.000985,-2.744804,-0.643008,2.744804,0.000000,-0.000007622,0.000000291
2978,2978,right,0.438136853,-0.199912655,0.983464169,0.000000,0.000000,0.000000,0.000000,0.500000,0.021892937,0.022119835
2979,2979,left,0.430171324,-0.015477757,0.947406756,0.001063,-2.721348,-0.718588,2.721348,0.000000,-0.000007463,0.000000031
2979,2979,right,0.438136853,-0.199912655,0.983464169,0.000000,0.000000,0.000000,0.000000,0.500000,0.021892937,0.022119835
2980,2980,left,0.430172428,-0.018174456,0.946617088,0.001104,-2.696699,-0.789668,2.696699,0.000000,-0.000007319,-0.000000212
2980,2980,right,0.438136853,-0.199912655,0.983464169,0.000000,0.000000,0.000000,0.000000,0.500000,0.021892937,0.022119835
2981,2981,left,0.430173393,-0.020844970,0.945761195,0.000965,-2.670513,-0.855893,2.670514,0.000000,-0.000007187,-0.000000441
2981,2981,right,0.438136853,-0.199912655,0.983464169,0.000000,0.000000,0.000000,0.000000,0.500000,0.021892937,0.022119835
2982,2982,left,0.430174298,-0.023488600,0.944843945,0.000905,-2.643630,-0.917251,2.643630,0.000000,-0.000007067,-0.000000655
2982,2982,right,0.438136853,-0.199912655,0.983464169,0.000000,0.000000,0.000000,0.000000,0.500000,0.021892937,0.022119835
2983,2983,left,0.430175331,-0.026103759,0.943870638,0.001033,-2.615159,-0.973307,2.615159,0.000000,-0.000006957,-0.000000858
2983,2983,right,0.438136853,-0.199912655,0.983464169,0.000000,0.000000,0.000000,0.000000,0.500000,0.021892937,0.022119835
2984,2984,left,0.430176160,-0.028689735,0.942847304,0.000830,-2.585976,-1.023333,2.585976,0.000000,-0.000006856,-0.000001049
2984,2984,right,0.438136853,-0.199912655,0.983464169,0.000000,0.000000,0.000000,0.000000,0.500000,0.021892937,0.022119835
2985,2985,left,0.430176914,-0.031245050,0.941778369,0.000753,-2.555316,-1.068935,2.555316,0.000000,-0.000006762,-0.000001231
2985,2985,right,0.438136853,-0.199912655,0.983464169,0.000000,0.000000,0.000000,0.000000,0.500000,0.021892937,0.022119835
2986,2986,left,0.430177565,-0.033768557,0.940670400,0.000651,-2.523507,-1.107969,2.523507,0.000000,-0.000006674,-0.000001404
2986,2986,right,0.438136853,-0.199912655,0.983464169,0.000000,0.000000,0.000000,0.000000,0.500000,0.021892937,0.022119835
2987,2987,left,0.430178195,-0.036259785,0.939529462,0.000631,-2.491227,-1.140939,2.491227,0.000000,-0.000006591,-0.000001571
2987,2987,right,0.438136853,-0.199912655,0.983464169,0.000000,0.000000,0.000000,0.000000,0.500000,0.021892937,0.022119835
2988,2988,left,0.430178784,-0.038716943,0.938360267,0.000589,-2.457159,-1.169195,2.457159,0.000000,-0.000006512,-0.000001731
2988,2988,right,0.438136853,-0.199912655,0.983464169,0.000000,0.000000,0.000000,0.000000,0.500000,0.021892937,0.022119835
2989,2989,left,0.430179236,-0.041139411,0.937169428,0.000452,-2.422468,-1.190839,2.422468,0.000000,-0.000006436,-0.000001887
2989,2989,right,0.438136853,-0.199912655,0.983464169,0.000000,0.000000,0.000000,0.000000,0.500000,0.021892937,0.022119835
2990,2990,left,0.430179964,-0.043526097,0.935962332,0.000728,-2.386686,-1.207096,2.386686,0.000000,-0.000006361,-0.000002038
2990,2990,right,0.438136853,-0.199912655,0.983464169,0.000000,0.000000,0.000000,0.000000,0.500000,0.021892937,0.022119835
2991,2991,left,0.430180496,-0.045875941,0.934744655,0.000532,-2.349844,-1.217677,2.349844,0.000000,-0.000006287,-0.000002187
2991,2991,right,0.438136853,-0.199912655,0.983464169,0.000000,0.000000,0.000000,0.000000,0.500000,0.021892937,0.022119835
2992,2992,left,0.430180943,-0.048188110,0.933522027,0.000447,-2.312169,-1.222628,2.312169,0.000000,-0.000006213,-0.000002333
2992,2992,right,0.438136853,-0.199912655,0.983464169,0.000000,0.000000,0.000000,0.000000,0.500000,0.021892937,0.022119835
2993,2993,left,0.430181539,-0.050461681,0.932299353,0.000595,-2.273571,-1.222674,2.273571,0.000000,-0.000006139,-0.000002478
2993,2993,right,0.438136853,-0.199912655,0.983464169,0.000000,0.000000,0.000000,0.000000,0.500000,0.021892937,0.022119835
2994,2994,left,0.430181991,-0.052695601,0.931081760,0.000452,-2.233920,-1.217593,2.233920,0.000000,-0.000006063,-0.000002621
2994,2994,right,0.438136853,-0.199912655,0.983464169,0.000000,0.000000,0.000000,0.000000,0.500000,0.021892937,0.022119835
2995,2995,left,0.430182529,-0.054889290,0.929874971,0.000539,-2.193689,-1.206789,2.193689,0.000000,-0.000005986,-0.000002764
2995,2995,right,0.438136853,-0.199912655,0.983464169,0.000000,0.000000,0.000000,0.000000,0.500000,0.021892937,0.022119835
2996,2996,left,0.430183080,-0.057041448,0.928682305,0.000551,-2.152158,-1.192667,2.152158,0.000000,-0.000005907,-0.000002907
2996,2996,right,0.438136853,-0.199912655,0.983464169,0.000000,0.000000,0.000000,0.000000,0.500000,0.021892937,0.022119835
2997,2997,left,0.430183660,-0.059151712,0.927509391,0.000580,-2.110264,-1.172913,2.110264,0.000000,-0.000005826,-0.000003049
2997,2997,right,0.438136853,-0.199912655,0.983464169,0.000000,0.000000,0.000000,0.000000,0.500000,0.021892937,0.022119835
2998,2998,left,0.430183858,-0.061219130,0.926358908,0.000198,-2.067418,-1.150483,2.067418,0.000000,-0.000005744,-0.000003192
2998,2998,right,0.438136853,-0.199912655,0.983464169,0.000000,0.000000,0.000000,0.000000,0.500000,0.021892937,0.022119835
2999,2999,left,0.430184310,-0.063243063,0.925236248,0.000451,-2.023933,-1.122661,2.023933,0.000000,-0.000005659,-0.000003334
2999,2999,right,0.438136853,-0.199912655,0.983464169,0.000000,0.000000,0.000000,0.000000,0.500000,0.021892937,0.022119835
3000,3000,left,0.430184787,-0.065222683,0.924144138,0.000477,-1.979620,-1.092110,1.979621,0.000000,-0.000005572,-0.000003477
3000,3000,right,0.438136853,-0.199912655,0.983464169,0.000000,0.000000,0.000000,0.000000,0.500000,0.021892937,0.022119835
3001,3001,left,0.430185295,-0.067157652,0.923085724,0.000508,-1.934969,-1.058414,1.934969,0.000000,-0.000005483,-0.000003619
3001,3001,right,0.438136853,-0.199912655,0.983464169,0.000000,0.000000,0.000000,0.000000,0.500000,0.021892937,0.022119835
3002,3002,left,0.430185488,-0.069046949,0.922063222,0.000193,-1.889296,-1.022502,1.889296,0.000000,-0.000005392,-0.000003761
3002,3002,right,0.438136853,-0.199912655,0.983464169,0.000000,0.000000,0.000000,0.000000,0.500000,0.021892937,0.022119835
3003,3003,left,0.430186046,-0.070890172,0.921079422,0.000558,-1.843223,-0.983800,1.843223,0.000000,-0.000005300,-0.000003903
3003,3003,right,0.438136853,-0.199912655,0.983464169,0.000000,0.000000,0.000000,0.000000,0.500000,0.021892937,0.022119835
3004,3004,left,0.430186295,-0.072686674,0.920137015,0.000249,-1.796503,-0.942407,1.796503,0.000000,-0.000005207,-0.000004044
3004,3004,right,0.438136853,-0.199912655,0.983464169,0.000000,0.000000,0.000000,0.000000,0.500000,0.021892937,0.022119835
3005,3005,left,0.430186745,-0.074436271,0.919236561,0.000449,-1.749597,-0.900453,1.749597,0.000000,-0.000005113,-0.000004185
3005,3005,right,0.438136853,-0.199912655,0.983464169,0.000000,0.000000,0.000000,0.000000,0.500000,0.021892937,0.022119835
3006,3006,left,0.430187151,-0.076138216,0.918380272,0.000406,-1.701945,-0.856289,1.701945,0.000000,-0.000005018,-0.000004324
3006,3006,right,0.438136853,-0.199912655,0.983464169,0.000000,0.000000,0.000000,0.000000,0.500000,0.021892937,0.022119835
3007,3007,left,0.430187473,-0.077792152,0.917568571,0.000323,-1.653936,-0.811701,1.653936,0.000000,-0.000004923,-0.000004461
3007,3007,right,0.438136853,-0.199912655,0.983464169,0.000000,0.000000,0.000000,0.000000,0.500000,0.021892937,0.022119835
3008,3008,left,0.430187717,-0.079397708,0.916802219,0.000243,-1.605556,-0.766352,1.605556,0.000000,-0.000004828,-0.000004597
3008,3008,right,0.438136853,-0.199912655,0.983464169,0.000000,0.000000,0.000000,0.000000,0.500000,0.021892937,0.022119835
3009,3009,left,0.430188096,-0.080954575,0.916081553,0.000379,-1.556867,-0.720666,1.556867,0.000000,-0.000004734,-0.000004731
3009,3009,right,0.438136853,-0.199912655,0.983464169,0.000000,0.000000,0.000000,0.000000,0.500000,0.021892937,0.022119835
3010,3010,left,0.430188365,-0.082462429,0.915406513,0.000269,-1.507854,-0.675040,1.507854,0.000000,-0.000004641,-0.000004862
3010,3010,right,0.438136853,-0.199912655,0.983464169,0.000000,0.000000,0.000000,0.000000,0.500000,0.021892937,0.022119835
3011,3011,left,0.430188884,-0.083921273,0.914777134,0.000519,-1.458844,-0.629379,1.458844,0.000000,-0.000004548,-0.000004991
3011,3011,right,0.438136853,-0.199912655,0.983464169,0.000000,0.000000,0.000000,0.000000,0.500000,0.021892937,0.022119835
3012,3012,left,0.430189166,-0.085330808,0.914192492,0.000282,-1.409535,-0.584642,1.409535,0.000000,-0.000004457,-0.000005117
3012,3012,right,0.438136853,-0.199912655,0.983464169,0.000000,0.000000,0.000000,0.000000,0.500000,0.021892937,0.022119835
3013,3013,left,0.430189428,-0.086690903,0.913651876,0.000262,-1.360094,-0.540616,1.360094,0.000000,-0.000004368,-0.000005239
3013,3013,right,0.438136853,-0.199912655,0.983464169,0.000000,0.000000,0.000000,0.000000,0.500000,0.021892937,0.022119835
3014,3014,left,0.430189838,-0.088001382,0.913154074,0.000410,-1.310480,-0.497802,1.310480,0.000000,-0.000004281,-0.000005359
3014,3014,right,0.438136853,-0.199912655,0.983464169,0.000000,0.000000,0.000000,0.000000,0.500000,0.021892937,0.022119835
3015,3015,left,0.430190169,-0.089262117,0.912697936,0.000332,-1.260735,-0.456138,1.260735,0.000000,-0.000004196,-0.000005474
3015,3015,right,0.438136853,-0.199912655,0.983464169,0.000000,0.000000,0.000000,0.000000,0.500000,0.021892937,0.022119835
3016,3016,left,0.430190325,-0.090473548,0.912281710,0.000156,-1.211431,-0.416226,1.211431,0.000000,-0.000004113,-0.000005586
3016,3016,right,0.438136853,-0.199912655,0.983464169,0.000000,0.000000,0.000000,0.000000,0.500000,0.021892937,0.022119835
3017,3017,left,0.430190649,-0.091635481,0.911904183,0.000323,-1.161934,-0.377528,1.161934,0.000000,-0.000004033,-0.000005694
3017,3017,right,0.438136853,-0.199912655,0.983464169,0.000000,0.000000,0.000000,0.000000,0.500000,0.021892937,0.022119835
3018,3018,left,0.430190929,-0.092748156,0.911563123,0.000281,-1.112675,-0.341059,1.112675,0.000000,-0.000003955,-0.000005798
3018,3018,right,0.438136853,-0.199912655,0.983464169,0.000000,0.000000,0.000000,0.000000,0.500000,0.021892937,0.022119835
3019,3019,left,0.430223365,-0.093778779,0.911331930,0.032436,-1.030623,-0.231194,1.031134,0.000000,-0.000003870,-0.000005909
3019,3019,right,0.438136853,-0.199912655,0.983464169,0.000000,0.000000,0.000000,0.000000,0.500000,0.021892937,0.022119835
3020,3020,left,0.430226296,-0.094793371,0.911060230,0.002930,-1.014592,-0.271700,1.014596,0.000000,-0.000003799,-0.000006005
3020,3020,right,0.438136853,-0.199912655,0.983464169,0.000000,0.000000,0.000000,0.000000,0.500000,0.021892937,0.022119835
3021,3021,left,0.430225430,-0.095761274,0.910813465,-0.000866,-0.967902,-0.246765,0.967902,0.000000,-0.000003731,-0.000006096
3021,3021,right,0.438136853,-0.199912655,0.983464169,0.000000,0.000000,0.000000,0.000000,0.500000,0.021892937,0.022119835
3022,3022,left,0.430224008,-0.096681055,0.910594868,-0.001421,-0.919781,-0.218597,0.919783,0.000000,-0.000003666,-0.000006182
3022,3022,right,0.438136853,-0.199912655,0.983464169,0.000000,0.000000,0.000000,0.000000,0.500000,0.021892937,0.022119835
3023,3023,left,0.430222589,-0.097553324,0.910402641,-0.001419,-0.872269,-0.192227,0.872270,0.000000,-0.000003605,-0.000006264
3023,3023,right,0.438136853,-0.199912655,0.983464169,0.000000,0.000000,0.000000,0.000000,0.500000,0.021892937,0.022119835
3024,3024,left,0.430221189,-0.098378243,0.910234577,-0.001400,-0.824920,-0.168064,0.824921,0.000000,-0.000003547,-0.000006341
3024,3024,right,0.438136853,-0.199912655,0.983464169,0.000000,0.000000,0.000000,0.000000,0.500000,0.021892937,0.022119835
3025,3025,left,0.430219635,-0.099156644,0.910089384,-0.001554,-0.778400,-0.145193,0.778402,0.000000,-0.000003491,-0.000006415
3025,3025,right,0.438136853,-0.199912655,0.983464169,0.000000,0.000000,0.000000,0.000000,0.500000,0.021892937,0.022119835
3026,3026,left,0.430218235,-0.099889139,0.909964502,-0.001401,-0.732496,-0.124882,0.732497,0.000000,-0.000003439,-0.000006484
3026,3026,right,0.438136853,-0.199912655,0.983464169,0.000000,0.000000,0.000000,0.000000,0.500000,0.021892937,0.022119835
3027,3027,left,0.430216736,-0.100576329,0.909857426,-0.001498,-0.687190,-0.107077,0.687191,0.000000,-0.000003390,-0.000006548
3027,3027,right,0.438136853,-0.199912655,0.983464169,0.000000,0.000000,0.000000,0.000000,0.500000,0.021892937,0.022119835
3028,3028,left,0.430215338,-0.101218974,0.909767042,-0.001398,-0.642645,-0.090384,0.642647,0.000000,-0.000003344,-0.000006609
3028,3028,right,0.438136853,-0.199912655,0.983464169,0.000000,0.000000,0.000000,0.000000,0.500000,0.021892937,0.022119835
3029,3029,left,0.430214112,-0.101817963,0.909690848,-0.001226,-0.598989,-0.076194,0.598990,0.000000,-0.000003302,-0.000006666
3029,3029,right,0.438136853,-0.199912655,0.983464169,0.000000,0.000000,0.000000,0.000000,0.500000,0.021892937,0.022119835
3030,3030,left,0.430212659,-0.102374156,0.909627522,-0.001452,-0.556193,-0.063326,0.556195,0.000000,-0.000003262,-0.000006718
3030,3030,right,0.438136853,-0.199912655,0.983464169,0.000000,0.000000,0.000000,0.000000,0.500000,0.021892937,0.022119835
3031,3031,left,0.430211246,-0.102888632,0.909575441,-0.001413,-0.514476,-0.052081,0.514478,0.000000,-0.000003226,-0.000006767
3031,3031,right,0.438136853,-0.199912655,0.983464169,0.000000,0.000000,0.000000,0.000000,0.500000,0.021892937,0.022119835
3032,3032,left,0.430209968,-0.103362195,0.909532546,-0.001279,-0.473563,-0.042895,0.473564,0.000000,-0.000003192,-0.000006811
3032,3032,right,0.438136853,-0.199912655,0.983464169,0.000000,0.000000,0.000000,0.000000,0.500000,0.021892937,0.022119835
3033,3033,left,0.430208719,-0.103796491,0.909498249,-0.001249,-0.434296,-0.034297,0.434298,0.000000,-0.000003161,-0.000006852
3033,3033,right,0.438136853,-0.199912655,0.983464169,0.000000,0.000000,0.000000,0.000000,0.500000,0.021892937,0.022119835
3034,3034,left,0.430207431,-0.104192181,0.909470697,-0.001288,-0.395690,-0.027552,0.395692,0.000000,-0.000003133,-0.000006890
3034,3034,right,0.438136853,-0.199912655,0.983464169,0.000000,0.000000,0.000000,0.000000,0.500000,0.021892937,0.022119835
3035,3035,left,0.430206188,-0.104550734,0.909449040,-0.001243,-0.358553,-0.021657,0.358556,0.000000,-0.000003107,-0.000006924
3035,3035,right,0.438136853,-0.199912655,0.983464169,0.000000,0.000000,0.000000,0.000000,0.500000,0.021892937,0.022119835
3036,3036,left,0.430204914,-0.104873569,0.909431936,-0.001274,-0.322835,-0.017104,0.322837,0.000000,-0.000003084,-0.000006954
3036,3036,right,0.438136853,-0.199912655,0.983464169,0.000000,0.000000,0.000000,0.000000,0.500000,0.021892937,0.022119835
3037,3037,left,0.430203646,-0.105162011,0.909418685,-0.001267,-0.288442,-0.013252,0.288445,0.000000,-0.000003063,-0.000006981
3037,3037,right,0.438136853,-0.199912655,0.983464169,0.000000,0.000000,0.000000,0.000000,0.500000,0.021892937,0.022119835
3038,3038,left,0.430202627,-0.105417609,0.909408680,-0.001019,-0.255598,-0.010004,0.255600,0.000000,-0.000003045,-0.000007005
3038,3038,right,0.438136853,-0.199912655,0.983464169,0.000000,0.000000,0.000000,0.000000,0.500000,0.021892937,0.022119835
3039,3039,left,0.430201487,-0.105641991,0.909401122,-0.001139,-0.224381,-0.007558,0.224384,0.000000,-0.000003029,-0.000007027
3039,3039,right,0.438136853,-0.199912655,0.983464169,0.000000,0.000000,0.000000,0.000000,0.500000,0.021892937,0.022119835
3040,3040,left,0.430200440,-0.105836786,0.909395348,-0.001048,-0.194796,-0.005774,0.194798,0.000000,-0.000003015,-0.000007045
3040,3040,right,0.438136853,-0.199912655,0.983464169,0.000000,0.000000,0.000000,0.000000,0.500000,0.021892937,0.022119835
3041,3041,left,0.430199576,-0.106003652,0.909391007,-0.000863,-0.166866,-0.004341,0.166868,0.000000,-0.000003003,-0.000007061
3041,3041,right,0.438136853,-0.199912655,0.983464169,0.000000,0.000000,0.000000,0.000000,0.500000,0.021892937,0.022119835
3042,3042,left,0.430198612,-0.106144633,0.909387773,-0.000965,-0.140980,-0.003234,0.140984,0.000000,-0.000002993,-0.000007074
3042,3042,right,0.438136853,-0.199912655,0.983464169,0.000000,0.000000,0.000000,0.000000,0.500000,0.021892937,0.022119835
3043,3043,left,0.430197593,-0.106261468,0.909385238,-0.001018,-0.116836,-0.002535,0.116840,0.000000,-0.000002984,-0.000007085
3043,3043,right,0.438136853,-0.199912655,0.983464169,0.000000,0.000000,0.000000,0.000000,0.500000,0.021892937,0.022119835
3044,3044,left,0.430197015,-0.106356175,0.909383246,-0.000578,-0.094707,-0.001992,0.094709,0.000000,-0.000002978,-0.000007094
3044,3044,right,0.438136853,-0.199912655,0.983464169,0.000000,0.000000,0.000000,0.000000,0.500000,0.021892937,0.022119835
3045,3045,left,0.430196155,-0.106430911,0.909381569,-0.000861,-0.074736,-0.001677,0.074741,0.000000,-0.000002972,-0.000007101
3045,3045,right,0.438136853,-0.199912655,0.983464169,0.000000,0.000000,0.000000,0.000000,0.500000,0.021892937,0.022119835
3046,3046,left,0.430195584,-0.106487893,0.909380541,-0.000571,-0.056982,-0.001029,0.056985,0.000000,-0.000002968,-0.000007107
3046,3046,right,0.438136853,-0.199912655,0.983464169,0.000000,0.000000,0.000000,0.000000,0.500000,0.021892937,0.022119835
3047,3047,left,0.430194890,-0.106529158,0.909379213,-0.000694,-0.041265,-0.001327,0.041271,0.000000,-0.000002965,-0.000007111
3047,3047,right,0.438136853,-0.199912655,0.983464169,0.000000,0.000000,0.000000,0.000000,0.500000,0.021892937,0.022119835
3048,3048,left,0.430194890,-0.106529158,0.909379213,0.000000,0.000000,0.000000,0.000000,0.000000,-0.000002965,-0.000007111
3048,3048,right,0.438136853,-0.199912655,0.983464169,0.000000,0.000000,0.000000,0.000000,0.500000,0.021892937,0.022119835
3049,3049,left,0.430194983,-0.106573697,0.909379225,0.000093,-0.044538,0.000012,0.044539,0.000000,-0.000002962,-0.000007115
3049,3049,right,0.438136853,-0.199912655,0.983464169,0.000000,0.000000,0.000000,0.000000,0.500000,0.021892937,0.022119835
3050,3050,left,0.430194983,-0.106573697,0.909379225,0.000000,0.000000,0.000000,0.000000,0.000000,-0.000002962,-0.000007115
3050,3050,right,0.438136853,-0.199912655,0.983464169,0.000000,0.000000,0.000000,0.000000,0.500000,0.021892937,0.022119835
3051,3051,left,0.430194983,-0.106573697,0.909379225,0.000000,0.000000,0.000000,0.000000,0.000000,-0.000002962,-0.000007115
3051,3051,right,0.438136853,-0.199912655,0.983464169,0.000000,0.000000,0.000000,0.000000,0.500000,0.021892937,0.022119835
3052,3052,left,0.430194983,-0.106573697,0.909379225,0.000000,0.000000,0.000000,0.000000,0.000000,-0.000002962,-0.000007115
3052,3052,right,0.438136853,-0.199912655,0.983464169,0.000000,0.000000,0.000000,0.000000,0.500000,0.021892937,0.022119835
3053,3053,left,0.430194983,-0.106573697,0.909379225,0.000000,0.000000,0.000000,0.000000,0.000003,-0.000002836,-0.000006989
3053,3053,right,0.438136853,-0.199912655,0.983464169,0.000000,0.000000,0.000000,0.000000,0.500000,0.021892937,0.022119835
3054,3054,left,0.430194983,-0.106573697,0.909379225,0.000000,0.000000,0.000000,0.000000,0.000023,-0.000001969,-0.000006122
3054,3054,right,0.438136853,-0.199912655,0.983464169,0.000000,0.000000,0.000000,0.000000,0.500000,0.021892937,0.022119835
3055,3055,left,0.430194983,-0.106573697,0.909379225,0.000000,0.000000,0.000000,0.000000,0.000075,0.000000348,-0.000003805
3055,3055,right,0.438136853,-0.199912655,0.983464169,0.000000,0.000000,0.000000,0.000000,0.500000,0.021892937,0.022119835
3056,3056,left,0.430194983,-0.106573697,0.909379225,0.000000,0.000000,0.000000,0.000000,0.000176,0.000004784,0.000000631
3056,3056,right,0.438136853,-0.199912655,0.983464169,0.000000,0.000000,0.000000,0.000000,0.500000,0.021892937,0.022119835
3057,3057,left,0.430194983,-0.106573697,0.909379225,0.000000,0.000000,0.000000,0.000000,0.000339,0.000011974,0.000007821
3057,3057,right,0.438136853,-0.199912655,0.983464169,0.000000,0.000000,0.000000,0.000000,0.500000,0.021892937,0.022119835
3058,3058,left,0.430194983,-0.106573697,0.909379225,0.000000,0.000000,0.000000,0.000000,0.000579,0.000022517,0.000018364
3058,3058,right,0.438136853,-0.199912655,0.983464169,0.000000,0.000000,0.000000,0.000000,0.500000,0.021892937,0.022119835
3059,3059,left,0.430194983,-0.106573697,0.909379225,0.000000,0.000000,0.000000,0.000000,0.000908,0.000036975,0.000032822
3059,3059,right,0.438136853,-0.199912655,0.983464169,0.000000,0.000000,0.000000,0.000000,0.500000,0.021892937,0.022119835
3060,3060,left,0.430194983,-0.106573697,0.909379225,0.000000,0.000000,0.000000,0.000000,0.001337,0.000055879,0.000051725
3060,3060,right,0.438136853,-0.199912655,0.983464169,0.000000,0.000000,0.000000,0.000000,0.500000,0.021892937,0.022119835
3061,3061,left,0.430194983,-0.106573697,0.909379225,0.000000,0.000000,0.000000,0.000000,0.001879,0.000079723,0.000075569
3061,3061,right,0.438136853,-0.199912655,0.983464169,0.000000,0.000000,0.000000,0.000000,0.500000,0.021892937,0.022119835
3062,3062,left,0.430194983,-0.106573697,0.909379225,0.000000,0.000000,0.000000,0.000000,0.002544,0.000108969,0.000104815
3062,3062,right,0.438136853,-0.199912655,0.983464169,0.000000,0.000000,0.000000,0.000000,0.500000,0.021892937,0.022119835
3063,3063,left,0.430194983,-0.106573697,0.909379225,0.000000,0.000000,0.000000,0.000000,0.003341,0.000144049,0.000139895
3063,3063,right,0.438136853,-0.199912655,0.983464169,0.000000,0.000000,0.000000,0.000000,0.500000,0.021892937,0.022119835
3064,3064,left,0.430194983,-0.106573697,0.909379225,0.000000,0.000000,0.000000,0.000000,0.004280,0.000185359,0.000181204
3064,3064,right,0.438136853,-0.199912655,0.983464169,0.000000,0.000000,0.000000,0.000000,0.500000,0.021892937,0.022119835
3065,3065,left,0.430194983,-0.106573697,0.909379225,0.000000,0.000000,0.000000,0.000000,0.005369,0.000233266,0.000229111
3065,3065,right,0.438136853,-0.199912655,0.983464169,0.000000,0.000000,0.000000,0.000000,0.500000,0.021892937,0.022119835
3066,3066,left,0.430194983,-0.106573697,0.909379225,0.000000,0.000000,0.000000,0.000000,0.006615,0.000288107,0.000283952
3066,3066,right,0.438136853,-0.199912655,0.983464169,0.000000,0.000000,0.000000,0.000000,0.500000,0.021892937,0.022119835
3067,3067,left,0.430194983,-0.106573697,0.909379225,0.000000,0.000000,0.000000,0.000000,0.008026,0.000350189,0.000346033
3067,3067,right,0.438136853,-0.199912655,0.983464169,0.000000,0.000000,0.000000,0.000000,0.500000,0.021892937,0.022119835
3068,3068,left,0.430194983,-0.106573697,0.909379225,0.000000,0.000000,0.000000,0.000000,0.009608,0.000419787,0.000415631
3068,3068,right,0.438136853,-0.199912655,0.983464169,0.000000,0.000000,0.000000,0.000000,0.500000,0.021892937,0.022119835
3069,3069,left,0.430194983,-0.106573697,0.909379225,0.000000,0.000000,0.000000,0.000000,0.011366,0.000497151,0.000492995
3069,3069,right,0.438136853,-0.199912655,0.983464169,0.000000,0.000000,0.000000,0.000000,0.500000,0.021892937,0.022119835
3070,3070,left,0.430194983,-0.106573697,0.909379225,0.000000,0.000000,0.000000,0.000000,0.013306,0.000582501,0.000578344
3070,3070,right,0.438136853,-0.199912655,0.983464169,0.000000,0.000000,0.000000,0.000000,0.500000,0.021892937,0.022119835
3071,3071,left,0.430194983,-0.106573697,0.909379225,0.000000,0.000000,0.000000,0.000000,0.015432,0.000676031,0.000671873
3071,3071,right,0.438136853,-0.199912655,0.983464169,0.000000,0.000000,0.000000,0.000000,0.500000,0.021892937,0.022119835
3072,3072,left,0.430194983,-0.106573697,0.909379225,0.000000,0.000000,0.000000,0.000000,0.017747,0.000777905,0.000773747
3072,3072,right,0.438136853,-0.199912655,0.983464169,0.000000,0.000000,0.000000,0.000000,0.500000,0.021892937,0.022119835
3073,3073,left,0.430194983,-0.106573697,0.909379225,0.000000,0.000000,0.000000,0.000000,0.020255,0.000888265,0.000884106
3073,3073,right,0.438136853,-0.199912655,0.983464169,0.000000,0.000000,0.000000,0.000000,0.500000,0.021892937,0.022119835
3074,3074,left,0.430194983,-0.106573697,0.909379225,0.000000,0.000000,0.000000,0.000000,0.022959,0.001007226,0.001003065
3074,3074,right,0.438136853,-0.199912655,0.983464169,0.000000,0.000000,0.000000,0.000000,0.500000,0.021892937,0.022119835
3075,3075,left,0.430194983,-0.106573697,0.909379225,0.000000,0.000000,0.000000,0.000000,0.025860,0.001134876,0.001130715
3075,3075,right,0.438136853,-0.199912655,0.983464169,0.000000,0.000000,0.000000,0.000000,0.500000,0.021892937,0.022119835
3076,3076,left,0.430194983,-0.106573697,0.909379225,0.000000,0.000000,0.000000,0.000000,0.028960,0.001271283,0.001267121
3076,3076,right,0.438136853,-0.199912655,0.983464169,0.000000,0.000000,0.000000,0.000000,0.500000,0.021892937,0.022119835
3077,3077,left,0.430194983,-0.106573697,0.909379225,0.000000,0.000000,0.000000,0.000000,0.032260,0.001416488,0.001412324
3077,3077,right,0.438136853,-0.199912655,0.983464169,0.000000,0.000000,0.000000,0.000000,0.500000,0.021892937,0.022119835
3078,3078,left,0.430194983,-0.106573697,0.909379225,0.000000,0.000000,0.000000,0.000000,0.035761,0.001570510,0.001566345
3078,3078,right,0.438136853,-0.199912655,0.983464169,0.000000,0.000000,0.000000,0.000000,0.500000,0.021892937,0.022119835
3079,3079,left,0.430194983,-0.106573697,0.909379225,0.000000,0.000000,0.000000,0.000000,0.039461,0.001733346,0.001729181
3079,3079,right,0.438136853,-0.199912655,0.983464169,0.000000,0.000000,0.000000,0.000000,0.500000,0.021892937,0.022119835
3080,3080,left,0.430194983,-0.106573691,0.909379223,-0.000000,0.000006,-0.000002,0.000006,0.043362,0.001904972,0.001900805
3080,3080,right,0.438136853,-0.199912655,0.983464169,0.000000,0.000000,0.000000,0.000000,0.500000,0.021892937,0.022119835
3081,3081,left,0.430195002,-0.106573710,0.909379230,0.000020,-0.000019,0.000007,0.000027,0.047461,0.002085343,0.002081174
3081,3081,right,0.438136853,-0.199912655,0.983464169,0.000000,0.000000,0.000000,0.000000,0.500000,0.021892937,0.022119835
3082,3082,left,0.430195002,-0.106573710,0.909379230,0.000000,0.000000,0.000000,0.000000,0.051758,0.002274391,0.002270221
3082,3082,right,0.438136853,-0.199912655,0.983464169,0.000000,0.000000,0.000000,0.000000,0.500000,0.021892937,0.022119835
3083,3083,left,0.430194983,-0.106573691,0.909379223,-0.000020,0.000019,-0.000007,0.000027,0.056250,0.002472032,0.002467860
3083,3083,right,0.438136853,-0.199912655,0.983464169,0.000000,0.000000,0.000000,0.000000,0.500000,0.021892937,0.022119835
3084,3084,left,0.430194983,-0.106573691,0.909379223,0.000000,0.000000,0.000000,0.000000,0.060934,0.002678159,0.002673985
3084,3084,right,0.438136853,-0.199912655,0.983464169,0.000000,0.000000,0.000000,0.000000,0.500000,0.021892937,0.022119835
3085,3085,left,0.430194983,-0.106573691,0.909379223,0.000000,0.000000,0.000000,0.000000,0.065809,0.002892651,0.002888476
3085,3085,right,0.438136853,-0.199912655,0.983464169,0.000000,0.000000,0.000000,0.000000,0.500000,0.021892937,0.022119835
3086,3086,left,0.430194983,-0.106573726,0.909379225,0.000000,-0.000035,0.000002,0.000035,0.070871,0.003115366,0.003111188
3086,3086,right,0.438136853,-0.199912655,0.983464169,0.000000,0.000000,0.000000,0.000000,0.500000,0.021892937,0.022119835
3087,3087,left,0.430194983,-0.106573726,0.909379225,0.000000,0.000000,0.000000,0.000000,0.076116,0.003346145,0.003341965
3087,3087,right,0.438136853,-0.199912655,0.983464169,0.000000,0.000000,0.000000,0.000000,0.500000,0.021892937,0.022119835
3088,3088,left,0.430194983,-0.106573731,0.909379230,0.000000,-0.000005,0.000004,0.000005,0.081540,0.003584814,0.003580631
3088,3088,right,0.438136853,-0.199912655,0.983464169,0.000000,0.000000,0.000000,0.000000,0.500000,0.021892937,0.022119835
3089,3089,left,0.430194983,-0.106573731,0.909379230,0.000000,0.000000,0.000000,0.000000,0.087139,0.003831181,0.003826997
3089,3089,right,0.438136853,-0.199912655,0.983464169,0.000000,0.000000,0.000000,0.000000,0.500000,0.021892937,0.022119835
3090,3090,left,0.430194983,-0.106573731,0.909379230,0.000000,0.000000,0.000000,0.000000,0.092909,0.004085042,0.004080854
3090,3090,right,0.438136853,-0.199912655,0.983464169,0.000000,0.000000,0.000000,0.000000,0.500000,0.021892937,0.022119835
3091,3091,left,0.430194983,-0.106573731,0.909379230,0.000000,0.000000,0.000000,0.000000,0.098844,0.004346174,0.004341984
3091,3091,right,0.438136853,-0.199912655,0.983464169,0.000000,0.000000,0.000000,0.000000,0.500000,0.021892937,0.022119835
3092,3092,left,0.430194983,-0.106573731,0.909379230,0.000000,0.000000,0.000000,0.000000,0.104938,0.004614344,0.004610151
3092,3092,right,0.438136853,-0.199912655,0.983464169,0.000000,0.000000,0.000000,0.000000,0.500000,0.021892937,0.022119835
3093,3093,left,0.430194983,-0.106573736,0.909379232,0.000000,-0.000006,0.000002,0.000006,0.111187,0.004889302,0.004885106
3093,3093,right,0.438136853,-0.199912655,0.983464169,0.000000,0.000000,0.000000,0.000000,0.500000,0.021892937,0.022119835
3094,3094,left,0.430194983,-0.106573736,0.909379232,0.000000,0.000000,0.000000,0.000000,0.117585,0.005170790,0.005166590
3094,3094,right,0.438136853,-0.199912655,0.983464169,0.000000,0.000000,0.000000,0.000000,0.500000,0.021892937,0.022119835
3095,3095,left,0.430194983,-0.106573736,0.909379232,0.000000,0.000000,0.000000,0.000000,0.124124,0.005458532,0.005454329
3095,3095,right,0.438136853,-0.199912655,0.983464169,0.000000,0.000000,0.000000,0.000000,0.500000,0.021892937,0.022119835
3096,3096,left,0.430194983,-0.106573736,0.909379232,0.000000,0.000000,0.000000,0.000000,0.130800,0.005752245,0.005748039
3096,3096,right,0.438136853,-0.199912655,0.983464169,0.000000,0.000000,0.000000,0.000000,0.500000,0.021892937,0.022119835
3097,3097,left,0.430194983,-0.106573736,0.909379232,0.000000,0.000000,0.000000,0.000000,0.137604,0.006051634,0.006047424
3097,3097,right,0.438136853,-0.199912655,0.983464169,0.000000,0.000000,0.000000,0.000000,0.500000,0.021892937,0.022119835
3098,3098,left,0.430194983,-0.106573731,0.909379230,-0.000000,0.000006,-0.000002,0.000006,0.144530,0.006356393,0.006352180
3098,3098,right,0.438136853,-0.199912655,0.983464169,0.000000,0.000000,0.000000,0.000000,0.500000,0.021892937,0.022119835
3099,3099,left,0.430194983,-0.106573731,0.909379230,0.000000,0.000000,0.000000,0.000000,0.151571,0.006666209,0.006661991
3099,3099,right,0.438136853,-0.199912655,0.983464169,0.000000,0.000000,0.000000,0.000000,0.500000,0.021892937,0.022119835
3100,3100,left,0.430195003,-0.106573737,0.909379234,0.000020,-0.000006,0.000005,0.000020,0.158720,0.006980755,0.006976534
3100,3100,right,0.438136853,-0.199912655,0.983464169,0.000000,0.000000,0.000000,0.000000,0.500000,0.021892937,0.022119835
3101,3101,left,0.430195030,-0.106573778,0.909379276,0.000028,-0.000042,0.000042,0.000050,0.165969,0.007299701,0.007295475
3101,3101,right,0.438136853,-0.199912655,0.983464169,0.000000,0.000000,0.000000,0.000000,0.500000,0.021892937,0.022119835
3102,3102,left,0.430195030,-0.106573778,0.909379276,0.000000,0.000000,0.000000,0.000000,0.173310,0.007622707,0.007618476
3102,3102,right,0.438136853,-0.199912655,0.983464169,0.000000,0.000000,0.000000,0.000000,0.500000,0.021892937,0.022119835
3103,3103,left,0.430195030,-0.106573778,0.909379276,0.000000,0.000000,0.000000,0.000000,0.180735,0.007949425,0.007945190
3103,3103,right,0.438136853,-0.199912655,0.983464169,0.000000,0.000000,0.000000,0.000000,0.500000,0.021892937,0.022119835
3104,3104,left,0.430195030,-0.106573778,0.909379276,0.000000,0.000000,0.000000,0.000000,0.188237,0.008279503,0.008275264
3104,3104,right,0.438136853,-0.199912655,0.983464169,0.000000,0.000000,0.000000,0.000000,0.500000,0.021892937,0.022119835
3105,3105,left,0.430195036,-0.106573782,0.909379264,0.000006,-0.000003,-0.000013,0.000007,0.195807,0.008612583,0.008608338
3105,3105,right,0.438136853,-0.199912655,0.983464169,0.000000,0.000000,0.000000,0.000000,0.500000,0.021892937,0.022119835
3106,3106,left,0.430195036,-0.106573782,0.909379264,0.000000,0.000000,0.000000,0.000000,0.203437,0.008948298,0.008944049
3106,3106,right,0.438136853,-0.199912655,0.983464169,0.000000,0.000000,0.000000,0.000000,0.500000,0.021892937,0.022119835
3107,3107,left,0.430194986,-0.106573817,0.909379298,-0.000050,-0.000036,0.000034,0.000061,0.211118,0.009286283,0.009282028
3107,3107,right,0.438136853,-0.199912655,0.983464169,0.000000,0.000000,0.000000,0.000000,0.500000,0.021892937,0.022119835
3108,3108,left,0.430194983,-0.106573829,0.909379288,-0.000004,-0.000011,-0.000010,0.000012,0.218842,0.009626165,0.009621904
3108,3108,right,0.438136853,-0.199912655,0.983464169,0.000000,0.000000,0.000000,0.000000,0.500000,0.021892937,0.022119835
3109,3109,left,0.430194983,-0.106573829,0.909379288,0.000000,0.000000,0.000000,0.000000,0.226602,0.009967566,0.009963301
3109,3109,right,0.438136853,-0.199912655,0.983464169,0.000000,0.000000,0.000000,0.000000,0.500000,0.021892937,0.022119835
3110,3110,left,0.430194983,-0.106573829,0.909379288,0.000000,0.000000,0.000000,0.000000,0.234387,0.010310111,0.010305840
3110,3110,right,0.438136853,-0.199912655,0.983464169,0.000000,0.000000,0.000000,0.000000,0.500000,0.021892937,0.022119835
3111,3111,left,0.430194986,-0.106573817,0.909379298,0.000004,0.000011,0.000010,0.000012,0.242189,0.010653418,0.010649142
3111,3111,right,0.438136853,-0.199912655,0.983464169,0.000000,0.000000,0.000000,0.000000,0.500000,0.021892937,0.022119835
3112,3112,left,0.430195045,-0.106573823,0.909379446,0.000059,-0.000005,0.000147,0.000059,0.250000,0.010997108,0.010992825
3112,3112,right,0.438136853,-0.199912655,0.983464169,0.000000,0.000000,0.000000,0.000000,0.500000,0.021892937,0.022119835
3113,3113,left,0.430195045,-0.106573836,0.909379446,0.000000,-0.000013,0.000000,0.000013,0.257811,0.011340797,0.011336508
3113,3113,right,0.438136853,-0.199912655,0.983464169,0.000000,0.000000,0.000000,0.000000,0.500000,0.021892937,0.022119835
3114,3114,left,0.430195055,-0.106573838,0.909379449,0.000010,-0.000002,0.000004,0.000010,0.265613,0.011684106,0.011679810
3114,3114,right,0.438136853,-0.199912655,0.983464169,0.000000,0.000000,0.000000,0.000000,0.500000,0.021892937,0.022119835
3115,3115,left,0.430195055,-0.106573838,0.909379449,0.000000,0.000000,0.000000,0.000000,0.273398,0.012026650,0.012022349
3115,3115,right,0.438136853,-0.199912655,0.983464169,0.000000,0.000000,0.000000,0.000000,0.500000,0.021892937,0.022119835
3116,3116,left,0.430195055,-0.106573838,0.909379449,0.000000,0.000000,0.000000,0.000000,0.281158,0.012368052,0.012363745
3116,3116,right,0.438136853,-0.199912655,0.983464169,0.000000,0.000000,0.000000,0.000000,0.500000,0.021892937,0.022119835
3117,3117,left,0.430195050,-0.106573839,0.909379450,-0.000005,-0.000001,0.000000,0.000005,0.288882,0.012707935,0.012703621
3117,3117,right,0.438136853,-0.199912655,0.983464169,0.000000,0.000000,0.000000,0.000000,0.500000,0.021892937,0.022119835
3118,3118,left,0.430195050,-0.106573839,0.909379450,0.000000,0.000000,0.000000,0.000000,0.296563,0.013045919,0.013041599
3118,3118,right,0.438136853,-0.199912655,0.983464169,0.000000,0.000000,0.000000,0.000000,0.500000,0.021892937,0.022119835
3119,3119,left,0.430195055,-0.106573838,0.909379449,0.000005,0.000001,-0.000000,0.000005,0.304193,0.013381636,0.013377309
3119,3119,right,0.438136853,-0.199912655,0.983464169,0.000000,0.000000,0.000000,0.000000,0.500000,0.021892937,0.022119835
3120,3120,left,0.430195055,-0.106573838,0.909379449,0.000000,0.000000,0.000000,0.000000,0.311763,0.013714717,0.013710383
3120,3120,right,0.438136853,-0.199912655,0.983464169,0.000000,0.000000,0.000000,0.000000,0.500000,0.021892937,0.022119835
3121,3121,left,0.430195055,-0.106573838,0.909379449,0.000000,0.000000,0.000000,0.000000,0.319265,0.014044796,0.014040456
3121,3121,right,0.438136853,-0.199912655,0.983464169,0.000000,0.000000,0.000000,0.000000,0.500000,0.021892937,0.022119835
3122,3122,left,0.430195050,-0.106573826,0.909379450,-0.000005,0.000012,0.000000,0.000013,0.326690,0.014371516,0.014367169
3122,3122,right,0.438136853,-0.199912655,0.983464169,0.000000,0.000000,0.000000,0.000000,0.500000,0.021892937,0.022119835
3123,3123,left,0.430195051,-0.106573839,0.909379439,0.000001,-0.000013,-0.000010,0.000013,0.334031,0.014694522,0.014690169
3123,3123,right,0.438136853,-0.199912655,0.983464169,0.000000,0.000000,0.000000,0.000000,0.500000,0.021892937,0.022119835
3124,3124,left,0.430195136,-0.106573859,0.909379370,0.000085,-0.000020,-0.000069,0.000087,0.341280,0.015013469,0.015009110
3124,3124,right,0.438136853,-0.199912655,0.983464169,0.000000,0.000000,0.000000,0.000000,0.500000,0.021892937,0.022119835
3125,3125,left,0.430195138,-0.106573961,0.909379496,0.000002,-0.000102,0.000125,0.000102,0.348429,0.015328017,0.015323651
3125,3125,right,0.438136853,-0.199912655,0.983464169,0.000000,0.000000,0.000000,0.000000,0.500000,0.021892937,0.022119835
3126,3126,left,0.430195070,-0.106573996,0.909379515,-0.000068,-0.000035,0.000019,0.000077,0.355470,0.015637835,0.015633462
3126,3126,right,0.438136853,-0.199912655,0.983464169,0.000000,0.000000,0.000000,0.000000,0.500000,0.021892937,0.022119835
3127,3127,left,0.430195070,-0.106574001,0.909379517,0.000000,-0.000006,0.000002,0.000006,0.362396,0.015942594,0.015938215
3127,3127,right,0.438136853,-0.199912655,0.983464169,0.000000,0.000000,0.000000,0.000000,0.500000,0.021892937,0.022119835
3128,3128,left,0.430195097,-0.106573979,0.909379541,0.000027,0.000022,0.000024,0.000035,0.369200,0.016241984,0.016237598
3128,3128,right,0.438136853,-0.199912655,0.983464169,0.000000,0.000000,0.000000,0.000000,0.500000,0.021892937,0.022119835
3129,3129,left,0.430195080,-0.106573986,0.909379512,-0.000017,-0.000007,-0.000029,0.000019,0.375876,0.016535699,0.016531307
3129,3129,right,0.438136853,-0.199912655,0.983464169,0.000000,0.000000,0.000000,0.000000,0.500000,0.021892937,0.022119835
3130,3130,left,0.430195098,-0.106573986,0.909379531,0.000018,-0.000000,0.000019,0.000018,0.382415,0.016823445,0.016819045
3130,3130,right,0.438136853,-0.199912655,0.983464169,0.000000,0.000000,0.000000,0.000000,0.500000,0.021892937,0.022119835
3131,3131,left,0.430195098,-0.106573986,0.909379531,0.000000,0.000000,0.000000,0.000000,0.388813,0.017104933,0.017100526
3131,3131,right,0.438136853,-0.199912655,0.983464169,0.000000,0.000000,0.000000,0.000000,0.500000,0.021892937,0.022119835
3132,3132,left,0.430195070,-0.106574026,0.909379520,-0.000028,-0.000040,-0.000012,0.000049,0.395062,0.017379895,0.017375482
3132,3132,right,0.438136853,-0.199912655,0.983464169,0.000000,0.000000,0.000000,0.000000,0.500000,0.021892937,0.022119835
3133,3133,left,0.430195070,-0.106574026,0.909379520,0.000000,0.000000,0.000000,0.000000,0.401156,0.017648065,0.017643645
3133,3133,right,0.438136853,-0.199912655,0.983464169,0.000000,0.000000,0.000000,0.000000,0.500000,0.021892937,0.022119835
3134,3134,left,0.430195070,-0.106574026,0.909379520,0.000000,0.000000,0.000000,0.000000,0.407091,0.017909201,0.017904775
3134,3134,right,0.438136853,-0.199912655,0.983464169,0.000000,0.000000,0.000000,0.000000,0.500000,0.021892937,0.022119835
3135,3135,left,0.430195070,-0.106574032,0.909379522,0.000000,-0.000006,0.000002,0.000006,0.412861,0.018163061,0.018158630
3135,3135,right,0.438136853,-0.199912655,0.983464169,0.000000,0.000000,0.000000,0.000000,0.500000,0.021892937,0.022119835
3136,3136,left,0.430195070,-0.106574032,0.909379522,0.000000,0.000000,0.000000,0.000000,0.418460,0.018409431,0.018404994
3136,3136,right,0.438136853,-0.199912655,0.983464169,0.000000,0.000000,0.000000,0.000000,0.500000,0.021892937,0.022119835
3137,3137,left,0.430195070,-0.106574032,0.909379522,0.000000,0.000000,0.000000,0.000000,0.423884,0.018648103,0.018643659
3137,3137,right,0.438136853,-0.199912655,0.983464169,0.000000,0.000000,0.000000,0.000000,0.500000,0.021892937,0.022119835
3138,3138,left,0.430195070,-0.106574026,0.909379520,-0.000000,0.000006,-0.000002,0.000006,0.429129,0.018878883,0.018874435
3138,3138,right,0.438136853,-0.199912655,0.983464169,0.000000,0.000000,0.000000,0.000000,0.500000,0.021892937,0.022119835
3139,3139,left,0.430195070,-0.106574026,0.909379520,0.000000,0.000000,0.000000,0.000000,0.434191,0.019101599,0.019097144
3139,3139,right,0.438136853,-0.199912655,0.983464169,0.000000,0.000000,0.000000,0.000000,0.500000,0.021892937,0.022119835
3140,3140,left,0.430195070,-0.106574026,0.909379520,0.000000,0.000000,0.000000,0.000000,0.439066,0.019316094,0.019311633
3140,3140,right,0.438136853,-0.199912655,0.983464169,0.000000,0.000000,0.000000,0.000000,0.500000,0.021892937,0.022119835
3141,3141,left,0.430195070,-0.106574026,0.909379520,0.000000,0.000000,0.000000,0.000000,0.443750,0.019522224,0.019517759
3141,3141,right,0.438136853,-0.199912655,0.983464169,0.000000,0.000000,0.000000,0.000000,0.500000,0.021892937,0.022119835
3142,3142,left,0.430195070,-0.106574026,0.909379520,0.000000,0.000000,0.000000,0.000000,0.448242,0.019719865,0.019715393
3142,3142,right,0.438136853,-0.199912655,0.983464169,0.000000,0.000000,0.000000,0.000000,0.500000,0.021892937,0.022119835
3143,3143,left,0.430195070,-0.106574026,0.909379520,0.000000,0.000000,0.000000,0.000000,0.452539,0.019908914,0.019904438
3143,3143,right,0.438136853,-0.199912655,0.983464169,0.000000,0.000000,0.000000,0.000000,0.500000,0.021892937,0.022119835
3144,3144,left,0.430194956,-0.106574130,0.909379538,-0.000114,-0.000103,0.000018,0.000154,0.456638,0.020089287,0.020084808
3144,3144,right,0.438136853,-0.199912655,0.983464169,0.000000,0.000000,0.000000,0.000000,0.500000,0.021892937,0.022119835
3145,3145,left,0.430194955,-0.106574124,0.909379536,-0.000000,0.000006,-0.000002,0.000006,0.460539,0.020260915,0.020256430
3145,3145,right,0.438136853,-0.199912655,0.983464169,0.000000,0.000000,0.000000,0.000000,0.500000,0.021892937,0.022119835
3146,3146,left,0.430195023,-0.106574153,0.909379559,0.000068,-0.000029,0.000023,0.000074,0.464239,0.020423753,0.020419264
3146,3146,right,0.438136853,-0.199912655,0.983464169,0.000000,0.000000,0.000000,0.000000,0.500000,0.021892937,0.022119835
3147,3147,left,0.430195023,-0.106574153,0.909379559,0.000000,0.000000,0.000000,0.000000,0.467740,0.020577777,0.020573284
3147,3147,right,0.438136853,-0.199912655,0.983464169,0.000000,0.000000,0.000000,0.000000,0.500000,0.021892937,0.022119835
3148,3148,left,0.430195023,-0.106574153,0.909379559,0.000000,0.000000,0.000000,0.000000,0.471040,0.020722983,0.020718487
3148,3148,right,0.438136853,-0.199912655,0.983464169,0.000000,0.000000,0.000000,0.000000,0.500000,0.021892937,0.022119835
3149,3149,left,0.430195001,-0.106574174,0.909379553,-0.000023,-0.000021,-0.000006,0.000031,0.474140,0.020859390,0.020854890
3149,3149,right,0.438136853,-0.199912655,0.983464169,0.000000,0.000000,0.000000,0.000000,0.500000,0.021892937,0.022119835
3150,3150,left,0.430195001,-0.106574174,0.909379553,0.000000,0.000000,0.000000,0.000000,0.477041,0.020987043,0.020982539
3150,3150,right,0.438136853,-0.199912655,0.983464169,0.000000,0.000000,0.000000,0.000000,0.500000,0.021892937,0.022119835
3151,3151,left,0.430195001,-0.106574174,0.909379553,0.000000,0.000000,0.000000,0.000000,0.479745,0.021106005,0.021101497
3151,3151,right,0.438136853,-0.199912655,0.983464169,0.000000,0.000000,0.000000,0.000000,0.500000,0.021892937,0.022119835
3152,3152,left,0.430194994,-0.106574143,0.909379568,-0.000007,0.000031,0.000014,0.000032,0.482253,0.021216366,0.021211857
3152,3152,right,0.438136853,-0.199912655,0.983464169,0.000000,0.000000,0.000000,0.000000,0.500000,0.021892937,0.022119835
3153,3153,left,0.430194994,-0.106574143,0.909379568,0.000000,0.000000,0.000000,0.000000,0.484568,0.021318242,0.021313729
3153,3153,right,0.438136853,-0.199912655,0.983464169,0.000000,0.000000,0.000000,0.000000,0.500000,0.021892937,0.022119835
3154,3154,left,0.430194955,-0.106574167,0.909379587,-0.000039,-0.000024,0.000019,0.000046,0.486694,0.021411773,0.021407256
3154,3154,right,0.438136853,-0.199912655,0.983464169,0.000000,0.000000,0.000000,0.000000,0.500000,0.021892937,0.022119835
3155,3155,left,0.430194959,-0.106574166,0.909379586,0.000005,0.000001,-0.000000,0.000005,0.488634,0.021497123,0.021492606
3155,3155,right,0.438136853,-0.199912655,0.983464169,0.000000,0.000000,0.000000,0.000000,0.500000,0.021892937,0.022119835
3156,3156,left,0.430194959,-0.106574166,0.909379586,0.000000,0.000000,0.000000,0.000000,0.490392,0.021574488,0.021569967
3156,3156,right,0.438136853,-0.199912655,0.983464169,0.000000,0.000000,0.000000,0.000000,0.500000,0.021892937,0.022119835
3157,3157,left,0.430194959,-0.106574166,0.909379586,0.000000,0.000000,0.000000,0.000000,0.491974,0.021644086,0.021639565
3157,3157,right,0.438136853,-0.199912655,0.983464169,0.000000,0.000000,0.000000,0.000000,0.500000,0.021892937,0.022119835
3158,3158,left,0.430194959,-0.106574166,0.909379586,0.000000,0.000000,0.000000,0.000000,0.493385,0.021706169,0.021701645
3158,3158,right,0.438136853,-0.199912655,0.983464169,0.000000,0.000000,0.000000,0.000000,0.500000,0.021892937,0.022119835
3159,3159,left,0.430194959,-0.106574166,0.909379586,0.000000,0.000000,0.000000,0.000000,0.494631,0.021761009,0.021756485
3159,3159,right,0.438136853,-0.199912655,0.983464169,0.000000,0.000000,0.000000,0.000000,0.500000,0.021892937,0.022119835
3160,3160,left,0.430194959,-0.106574166,0.909379586,0.000000,0.000000,0.000000,0.000000,0.495720,0.021808920,0.021804394
3160,3160,right,0.438136853,-0.199912655,0.983464169,0.000000,0.000000,0.000000,0.000000,0.500000,0.021892937,0.022119835
3161,3161,left,0.430194959,-0.106574166,0.909379586,0.000000,0.000000,0.000000,0.000000,0.496659,0.021850230,0.021845702
3161,3161,right,0.438136853,-0.199912655,0.983464169,0.000000,0.000000,0.000000,0.000000,0.500000,0.021892937,0.022119835
3162,3162,left,0.430194959,-0.106574166,0.909379586,0.000000,0.000000,0.000000,0.000000,0.497456,0.021885309,0.021880781
3162,3162,right,0.438136853,-0.199912655,0.983464169,0.000000,0.000000,0.000000,0.000000,0.500000,0.021892937,0.022119835
3163,3163,left,0.430194959,-0.106574166,0.909379586,0.000000,0.000000,0.000000,0.000000,0.498121,0.021914557,0.021910027
3163,3163,right,0.438136853,-0.199912655,0.983464169,0.000000,0.000000,0.000000,0.000000,0.500000,0.021892937,0.022119835
3164,3164,left,0.430194959,-0.106574166,0.909379586,0.000000,0.000000,0.000000,0.000000,0.498663,0.021938400,0.021933870
3164,3164,right,0.438136853,-0.199912655,0.983464169,0.000000,0.000000,0.000000,0.000000,0.500000,0.021892937,0.022119835
3165,3165,left,0.430194959,-0.106574166,0.909379586,0.000000,0.000000,0.000000,0.000000,0.499092,0.021957304,0.021952774
3165,3165,right,0.438136853,-0.199912655,0.983464169,0.000000,0.000000,0.000000,0.000000,0.500000,0.021892937,0.022119835
3166,3166,left,0.430194959,-0.106574166,0.909379586,0.000000,0.000000,0.000000,0.000000,0.499421,0.021971762,0.021967230
3166,3166,right,0.438136853,-0.199912655,0.983464169,0.000000,0.000000,0.000000,0.000000,0.500000,0.021892937,0.022119835
3167,3167,left,0.430194959,-0.106574166,0.909379586,0.000000,0.000000,0.000000,0.000000,0.499661,0.021982305,0.021977773
3167,3167,right,0.438136853,-0.199912655,0.983464169,0.000000,0.000000,0.000000,0.000000,0.500000,0.021892937,0.022119835
3168,3168,left,0.430194959,-0.106574166,0.909379586,0.000000,0.000000,0.000000,0.000000,0.499824,0.021989495,0.021984963
3168,3168,right,0.438136853,-0.199912655,0.983464169,0.000000,0.000000,0.000000,0.000000,0.500000,0.021892937,0.022119835
3169,3169,left,0.430194959,-0.106574166,0.909379586,0.000000,0.000000,0.000000,0.000000,0.499925,0.021993931,0.021989400
3169,3169,right,0.438136853,-0.199912655,0.983464169,0.000000,0.000000,0.000000,0.000000,0.500000,0.021892937,0.022119835
3170,3170,left,0.430194959,-0.106574166,0.909379586,0.000000,0.000000,0.000000,0.000000,0.499977,0.021996249,0.021991717
3170,3170,right,0.438136853,-0.199912655,0.983464169,0.000000,0.000000,0.000000,0.000000,0.500000,0.021892937,0.022119835
3171,3171,left,0.430194959,-0.106574166,0.909379586,0.000000,0.000000,0.000000,0.000000,0.499997,0.021997117,0.021992585
3171,3171,right,0.438136853,-0.199912655,0.983464169,0.000000,0.000000,0.000000,0.000000,0.500000,0.021892937,0.022119835
3172,3172,left,0.430194959,-0.106574166,0.909379586,0.000000,0.000000,0.000000,0.000000,0.500000,0.021997241,0.021992709
3172,3172,right,0.438136853,-0.199912655,0.983464169,0.000000,0.000000,0.000000,0.000000,0.500000,0.021892937,0.022119835
3173,3173,left,0.430194959,-0.106574166,0.909379586,0.000000,0.000000,0.000000,0.000000,0.500000,0.021997241,0.021992709
3173,3173,right,0.438136853,-0.199912655,0.983464169,0.000000,0.000000,0.000000,0.000000,0.500000,0.021892937,0.022119835
3174,3174,left,0.430194959,-0.106574166,0.909379586,0.000000,0.000000,0.000000,0.000000,0.500000,0.021997241,0.021992709
3174,3174,right,0.438136853,-0.199912655,0.983464169,0.000000,0.000000,0.000000,0.000000,0.500000,0.021892937,0.022119835
3175,3175,left,0.430194959,-0.106574166,0.909379586,0.000000,0.000000,0.000000,0.000000,0.500000,0.021997241,0.021992709
3175,3175,right,0.438136853,-0.199912655,0.983464169,0.000000,0.000000,0.000000,0.000000,0.500000,0.021892937,0.022119835
3176,3176,left,0.430193018,-0.106494505,0.909470564,-0.001942,0.079661,0.090978,0.079685,0.500000,0.021997269,0.021992680
3176,3176,right,0.438136853,-0.199912655,0.983464169,0.000000,0.000000,0.000000,0.000000,0.500000,0.021892937,0.022119835
3177,3177,left,0.430192238,-0.106404502,0.909559783,-0.000780,0.090003,0.089219,0.090007,0.500000,0.021997295,0.021992650
3177,3177,right,0.438136853,-0.199912655,0.983464169,0.000000,0.000000,0.000000,0.000000,0.500000,0.021892937,0.022119835
3178,3178,left,0.430191888,-0.106276087,0.909688459,-0.000350,0.128415,0.128676,0.128415,0.500000,0.021997333,0.021992609
3178,3178,right,0.438136853,-0.199912655,0.983464169,0.000000,0.000000,0.000000,0.000000,0.500000,0.021892937,0.022119835
3179,3179,left,0.430191185,-0.106101516,0.909863098,-0.000703,0.174570,0.174639,0.174572,0.500000,0.021997385,0.021992553
3179,3179,right,0.438136853,-0.199912655,0.983464169,0.000000,0.000000,0.000000,0.000000,0.500000,0.021892937,0.022119835
3180,3180,left,0.430190449,-0.105875512,0.910089075,-0.000736,0.226005,0.225977,0.226006,0.500000,0.021997450,0.021992480
3180,3180,right,0.438136853,-0.199912655,0.983464169,0.000000,0.000000,0.000000,0.000000,0.500000,0.021892937,0.022119835
3181,3181,left,0.430189780,-0.105593264,0.910371121,-0.000669,0.282248,0.282046,0.282249,0.500000,0.021997534,0.021992389
3181,3181,right,0.438136853,-0.199912655,0.983464169,0.000000,0.000000,0.000000,0.000000,0.500000,0.021892937,0.022119835
3182,3182,left,0.430188955,-0.105250857,0.910713751,-0.000825,0.342406,0.342629,0.342407,0.500000,0.021997632,0.021992279
3182,3182,right,0.438136853,-0.199912655,0.983464169,0.000000,0.000000,0.000000,0.000000,0.500000,0.021892937,0.022119835
3183,3183,left,0.430187717,-0.104844782,0.911120026,-0.001238,0.406076,0.406275,0.406078,0.500000,0.021997752,0.021992147
3183,3183,right,0.438136853,-0.199912655,0.983464169,0.000000,0.000000,0.000000,0.000000,0.500000,0.021892937,0.022119835
3184,3184,left,0.430186580,-0.104372306,0.911592239,-0.001137,0.472475,0.472213,0.472477,0.500000,0.021997891,0.021991994
3184,3184,right,0.438136853,-0.199912655,0.983464169,0.000000,0.000000,0.000000,0.000000,0.500000,0.021892937,0.022119835
3185,3185,left,0.430185395,-0.103831125,0.912133750,-0.001185,0.541181,0.541511,0.541182,0.500000,0.021998050,0.021991819
3185,3185,right,0.438136853,-0.199912655,0.983464169,0.000000,0.000000,0.000000,0.000000,0.500000,0.021892937,0.022119835
3186,3186,left,0.430184032,-0.103219506,0.912745353,-0.001363,0.611620,0.611604,0.611621,0.500000,0.021998230,0.021991622
3186,3186,right,0.438136853,-0.199912655,0.983464169,0.000000,0.000000,0.000000,0.000000,0.500000,0.021892937,0.022119835
3187,3187,left,0.430182521,-0.102536387,0.913428880,-0.001511,0.683118,0.683526,0.683120,0.500000,0.021998432,0.021991400
3187,3187,right,0.438136853,-0.199912655,0.983464169,0.000000,0.000000,0.000000,0.000000,0.500000,0.021892937,0.022119835
3188,3188,left,0.430180776,-0.101780971,0.914184383,-0.001745,0.755417,0.755504,0.755419,0.500000,0.021998655,0.021991154
3188,3188,right,0.438136853,-0.199912655,0.983464169,0.000000,0.000000,0.000000,0.000000,0.500000,0.021892937,0.022119835
3189,3189,left,0.430179117,-0.100953017,0.915012895,-0.001660,0.827954,0.828512,0.827955,0.500000,0.021998901,0.021990884
3189,3189,right,0.438136853,-0.199912655,0.983464169,0.000000,0.000000,0.000000,0.000000,0.500000,0.021892937,0.022119835
3190,3190,left,0.430177189,-0.100052951,0.915912918,-0.001927,0.900066,0.900023,0.900068,0.500000,0.021999167,0.021990590
3190,3190,right,0.438136853,-0.199912655,0.983464169,0.000000,0.000000,0.000000,0.000000,0.500000,0.021892937,0.022119835
3191,3191,left,0.430175062,-0.099081495,0.916885122,-0.002127,0.971457,0.972204,0.971459,0.500000,0.021999458,0.021990273
3191,3191,right,0.438136853,-0.199912655,0.983464169,0.000000,0.000000,0.000000,0.000000,0.500000,0.021892937,0.022119835
3192,3192,left,0.430172870,-0.098039501,0.917927371,-0.002192,1.041994,1.042249,1.041996,0.500000,0.021999769,0.021989930
3192,3192,right,0.438136853,-0.199912655,0.983464169,0.000000,0.000000,0.000000,0.000000,0.500000,0.021892937,0.022119835
3193,3193,left,0.430186593,-0.096863947,0.919109060,0.013724,1.175554,1.181689,1.175634,0.500000,0.022000121,0.021989543
3193,3193,right,0.438136853,-0.199912655,0.983464169,0.000000,0.000000,0.000000,0.000000,0.500000,0.021892937,0.022119835
3194,3194,left,0.430186328,-0.095681959,0.920292216,-0.000266,1.181989,1.183156,1.181989,0.500000,0.022000477,0.021989154
3194,3194,right,0.438136853,-0.199912655,0.983464169,0.000000,0.000000,0.000000,0.000000,0.500000,0.021892937,0.022119835
3195,3195,left,0.430185940,-0.094435550,0.921539677,-0.000388,1.246408,1.247461,1.246409,0.500000,0.022000853,0.021988740
3195,3195,right,0.438136853,-0.199912655,0.983464169,0.000000,0.000000,0.000000,0.000000,0.500000,0.021892937,0.022119835
3196,3196,left,0.430185213,-0.093127421,0.922849421,-0.000726,1.308129,1.309743,1.308129,0.500000,0.022001250,0.021988306
3196,3196,right,0.438136853,-0.199912655,0.983464169,0.000000,0.000000,0.000000,0.000000,0.500000,0.021892937,0.022119835
3197,3197,left,0.430184583,-0.091760230,0.924218075,-0.000630,1.367192,1.368655,1.367192,0.500000,0.022001667,0.021987850
3197,3197,right,0.438136853,-0.199912655,0.983464169,0.000000,0.000000,0.000000,0.000000,0.500000,0.021892937,0.022119835
3198,3198,left,0.430183682,-0.090337188,0.925642369,-0.000901,1.423042,1.424294,1.423042,0.500000,0.022002103,0.021987373
3198,3198,right,0.438136853,-0.199912655,0.983464169,0.000000,0.000000,0.000000,0.000000,0.500000,0.021892937,0.022119835
3199,3199,left,0.430183152,-0.088861779,0.927119280,-0.000530,1.475409,1.476911,1.475409,0.500000,0.022002557,0.021986878
3199,3199,right,0.438136853,-0.199912655,0.983464169,0.000000,0.000000,0.000000,0.000000,0.500000,0.021892937,0.022119835
3200,3200,left,0.430182438,-0.087337783,0.928645192,-0.000714,1.523995,1.525912,1.523995,0.500000,0.022003029,0.021986362
3200,3200,right,0.438136853,-0.199912655,0.983464169,0.000000,0.000000,0.000000,0.000000,0.500000,0.021892937,0.022119835
3201,3201,left,0.430181549,-0.085769051,0.930215153,-0.000888,1.568733,1.569961,1.568733,0.500000,0.022003517,0.021985831
3201,3201,right,0.438136853,-0.199912655,0.983464169,0.000000,0.000000,0.000000,0.000000,0.500000,0.021892937,0.022119835
3202,3202,left,0.430180723,-0.084160035,0.931825942,-0.000826,1.609015,1.610789,1.609015,0.500000,0.022004019,0.021985281
3202,3202,right,0.438136853,-0.199912655,0.983464169,0.000000,0.000000,0.000000,0.000000,0.500000,0.021892937,0.022119835
3203,3203,left,0.430180209,-0.082514870,0.933473455,-0.000515,1.645166,1.647513,1.645166,0.500000,0.022004537,0.021984719
3203,3203,right,0.438136853,-0.199912655,0.983464169,0.000000,0.000000,0.000000,0.000000,0.500000,0.021892937,0.022119835
3204,3204,left,0.430179434,-0.080837909,0.935152019,-0.000775,1.676960,1.678564,1.676960,0.500000,0.022005068,0.021984141
3204,3204,right,0.438136853,-0.199912655,0.983464169,0.000000,0.000000,0.000000,0.000000,0.500000,0.021892937,0.022119835
3205,3205,left,0.430178550,-0.079133942,0.936858114,-0.000885,1.703967,1.706095,1.703967,0.500000,0.022005610,0.021983553
3205,3205,right,0.438136853,-0.199912655,0.983464169,0.000000,0.000000,0.000000,0.000000,0.500000,0.021892937,0.022119835
3206,3206,left,0.430177823,-0.077407752,0.938586006,-0.000726,1.726191,1.727892,1.726191,0.500000,0.022006163,0.021982951
3206,3206,right,0.438136853,-0.199912655,0.983464169,0.000000,0.000000,0.000000,0.000000,0.500000,0.021892937,0.022119835
3207,3207,left,0.430177213,-0.075664109,0.940331851,-0.000610,1.743643,1.745844,1.743643,0.500000,0.022006724,0.021982342
3207,3207,right,0.438136853,-0.199912655,0.983464169,0.000000,0.000000,0.000000,0.000000,0.500000,0.021892937,0.022119835
3208,3208,left,0.430176534,-0.073907988,0.942090224,-0.000679,1.756121,1.758373,1.756121,0.500000,0.022007294,0.021981725
3208,3208,right,0.438136853,-0.199912655,0.983464169,0.000000,0.000000,0.000000,0.000000,0.500000,0.021892937,0.022119835
3209,3209,left,0.430175954,-0.072144315,0.943855853,-0.000580,1.763672,1.765629,1.763673,0.500000,0.022007871,0.021981101
3209,3209,right,0.438136853,-0.199912655,0.983464169,0.000000,0.000000,0.000000,0.000000,0.500000,0.021892937,0.022119835
3210,3210,left,0.430175448,-0.070378108,0.945624139,-0.000506,1.766207,1.768286,1.766207,0.500000,0.022008453,0.021980474
3210,3210,right,0.438136853,-0.199912655,0.983464169,0.000000,0.000000,0.000000,0.000000,0.500000,0.021892937,0.022119835
3211,3211,left,0.430174863,-0.068614415,0.947390138,-0.000585,1.763693,1.765999,1.763693,0.500000,0.022009036,0.021979842
3211,3211,right,0.438136853,-0.199912655,0.983464169,0.000000,0.000000,0.000000,0.000000,0.500000,0.021892937,0.022119835
3212,3212,left,0.430174524,-0.066858340,0.949148816,-0.000340,1.756075,1.758677,1.756076,0.500000,0.022009622,0.021979211
3212,3212,right,0.438136853,-0.199912655,0.983464169,0.000000,0.000000,0.000000,0.000000,0.500000,0.021892937,0.022119835
3213,3213,left,0.430174081,-0.065114575,0.950894579,-0.000442,1.743764,1.745764,1.743764,0.500000,0.022010207,0.021978579
3213,3213,right,0.438136853,-0.199912655,0.983464169,0.000000,0.000000,0.000000,0.000000,0.500000,0.021892937,0.022119835
3214,3214,left,0.430173749,-0.063388485,0.952623098,-0.000332,1.726091,1.728518,1.726091,0.500000,0.022010790,0.021977950
3214,3214,right,0.438136853,-0.199912655,0.983464169,0.000000,0.000000,0.000000,0.000000,0.500000,0.021892937,0.022119835
3215,3215,left,0.430173452,-0.061684554,0.954329288,-0.000297,1.703931,1.706191,1.703931,0.500000,0.022011371,0.021977326
3215,3215,right,0.438136853,-0.199912655,0.983464169,0.000000,0.000000,0.000000,0.000000,0.500000,0.021892937,0.022119835
3216,3216,left,0.430173096,-0.060007703,0.956008651,-0.000356,1.676851,1.679363,1.676851,0.500000,0.022011947,0.021976708
3216,3216,right,0.438136853,-0.199912655,0.983464169,0.000000,0.000000,0.000000,0.000000,0.500000,0.021892937,0.022119835
3217,3217,left,0.430172900,-0.058362475,0.957656243,-0.000196,1.645228,1.647592,1.645228,0.500000,0.022012515,0.021976098
3217,3217,right,0.438136853,-0.199912655,0.983464169,0.000000,0.000000,0.000000,0.000000,0.500000,0.021892937,0.022119835
3218,3218,left,0.430172659,-0.056753328,0.959267269,-0.000242,1.609147,1.611026,1.609147,0.500000,0.022013074,0.021975499
3218,3218,right,0.438136853,-0.199912655,0.983464169,0.000000,0.000000,0.000000,0.000000,0.500000,0.021892937,0.022119835
3219,3219,left,0.430172644,-0.055184553,0.960838298,-0.000014,1.568775,1.571029,1.568775,0.500000,0.022013621,0.021974910
3219,3219,right,0.438136853,-0.199912655,0.983464169,0.000000,0.000000,0.000000,0.000000,0.500000,0.021892937,0.022119835
3220,3220,left,0.430172591,-0.053660710,0.962364495,-0.000053,1.523843,1.526197,1.523843,0.500000,0.022014158,0.021974336
3220,3220,right,0.438136853,-0.199912655,0.983464169,0.000000,0.000000,0.000000,0.000000,0.500000,0.021892937,0.022119835
3221,3221,left,0.430172577,-0.052185125,0.963842034,-0.000014,1.475585,1.477539,1.475585,0.500000,0.022014681,0.021973776
3221,3221,right,0.438136853,-0.199912655,0.983464169,0.000000,0.000000,0.000000,0.000000,0.500000,0.021892937,0.022119835
3222,3222,left,0.430172714,-0.050762055,0.965267391,0.000137,1.423070,1.425356,1.423070,0.500000,0.022015188,0.021973234
3222,3222,right,0.438136853,-0.199912655,0.983464169,0.000000,0.000000,0.000000,0.000000,0.500000,0.021892937,0.022119835
3223,3223,left,0.430172723,-0.049394794,0.966636932,0.000009,1.367260,1.369541,1.367260,0.500000,0.022015680,0.021972710
3223,3223,right,0.438136853,-0.199912655,0.983464169,0.000000,0.000000,0.000000,0.000000,0.500000,0.021892937,0.022119835
3224,3224,left,0.430173030,-0.048086393,0.967947064,0.000307,1.308402,1.310132,1.308402,0.500000,0.022016151,0.021972205
3224,3224,right,0.438136853,-0.199912655,0.983464169,0.000000,0.000000,0.000000,0.000000,0.500000,0.021892937,0.022119835
3225,3225,left,0.430173079,-0.046839957,0.969195183,0.000049,1.246436,1.248119,1.246436,0.500000,0.022016603,0.021971725
3225,3225,right,0.438136853,-0.199912655,0.983464169,0.000000,0.000000,0.000000,0.000000,0.500000,0.021892937,0.022119835
3226,3226,left,0.430173212,-0.045658077,0.970378801,0.000133,1.181879,1.183619,1.181879,0.500000,0.022017034,0.021971265
3226,3226,right,0.438136853,-0.199912655,0.983464169,0.000000,0.000000,0.000000,0.000000,0.500000,0.021892937,0.022119835
3227,3227,left,0.430173686,-0.044543031,0.971496208,0.000475,1.115046,1.117407,1.115046,0.500000,0.022017442,0.021970829
3227,3227,right,0.438136853,-0.199912655,0.983464169,0.000000,0.000000,0.000000,0.000000,0.500000,0.021892937,0.022119835
3228,3228,left,0.430173879,-0.043496604,0.972544122,0.000192,1.046427,1.047914,1.046427,0.500000,0.022017827,0.021970419
3228,3228,right,0.438136853,-0.199912655,0.983464169,0.000000,0.000000,0.000000,0.000000,0.500000,0.021892937,0.022119835
3229,3229,left,0.430174281,-0.042520485,0.973521318,0.000402,0.976120,0.977196,0.976120,0.500000,0.022018187,0.021970036
3229,3229,right,0.438136853,-0.199912655,0.983464169,0.000000,0.000000,0.000000,0.000000,0.500000,0.021892937,0.022119835
3230,3230,left,0.430174448,-0.041615840,0.974427591,0.000167,0.904644,0.906273,0.904644,0.500000,0.022018524,0.021969678
3230,3230,right,0.438136853,-0.199912655,0.983464169,0.000000,0.000000,0.000000,0.000000,0.500000,0.021892937,0.022119835
3231,3231,left,0.430151557,-0.040841956,0.975205327,-0.022891,0.773885,0.777736,0.774223,0.500000,0.022018811,0.021969374
3231,3231,right,0.438136853,-0.199912655,0.983464169,0.000000,0.000000,0.000000,0.000000,0.500000,0.021892937,0.022119835
3232,3232,left,0.430149434,-0.040081722,0.975966057,-0.002122,0.760234,0.760731,0.760236,0.500000,0.022019094,0.021969073
3232,3232,right,0.438136853,-0.199912655,0.983464169,0.000000,0.000000,0.000000,0.000000,0.500000,0.021892937,0.022119835
3233,3233,left,0.430151628,-0.039389123,0.976659587,0.002194,0.692600,0.693529,0.692603,0.500000,0.022019355,0.021968797
3233,3233,right,0.438136853,-0.199912655,0.983464169,0.000000,0.000000,0.000000,0.000000,0.500000,0.021892937,0.022119835
3234,3234,left,0.430154518,-0.038767657,0.977281911,0.002890,0.621465,0.622324,0.621472,0.500000,0.022019587,0.021968547
3234,3234,right,0.438136853,-0.199912655,0.983464169,0.000000,0.000000,0.000000,0.000000,0.500000,0.021892937,0.022119835
3235,3235,left,0.430157308,-0.038216708,0.977833600,0.002789,0.550949,0.551689,0.550956,0.500000,0.022019796,0.021968327
3235,3235,right,0.438136853,-0.199912655,0.983464169,0.000000,0.000000,0.000000,0.000000,0.500000,0.021892937,0.022119835
3236,3236,left,0.430160159,-0.037734704,0.978316444,0.002851,0.482004,0.482845,0.482012,0.500000,0.022019977,0.021968134
3236,3236,right,0.438136853,-0.199912655,0.983464169,0.000000,0.000000,0.000000,0.000000,0.500000,0.021892937,0.022119835
3237,3237,left,0.430162953,-0.037319355,0.978732391,0.002794,0.415350,0.415946,0.415359,0.500000,0.022020135,0.021967968
3237,3237,right,0.438136853,-0.199912655,0.983464169,0.000000,0.000000,0.000000,0.000000,0.500000,0.021892937,0.022119835
3238,3238,left,0.430165596,-0.036967987,0.979084138,0.002643,0.351367,0.351748,0.351377,0.500000,0.022020267,0.021967826
3238,3238,right,0.438136853,-0.199912655,0.983464169,0.000000,0.000000,0.000000,0.000000,0.500000,0.021892937,0.022119835
3239,3239,left,0.430168084,-0.036677435,0.979375270,0.002488,0.290552,0.291131,0.290563,0.500000,0.022020379,0.021967709
3239,3239,right,0.438136853,-0.199912655,0.983464169,0.000000,0.000000,0.000000,0.000000,0.500000,0.021892937,0.022119835
3240,3240,left,0.430170481,-0.036443456,0.979609472,0.002397,0.233979,0.234202,0.233992,0.500000,0.022020467,0.021967614
3240,3240,right,0.438136853,-0.199912655,0.983464169,0.000000,0.000000,0.000000,0.000000,0.500000,0.021892937,0.022119835
3241,3241,left,0.430172602,-0.036261631,0.979791215,0.002122,0.181824,0.181742,0.181837,0.500000,0.022020536,0.021967541
3241,3241,right,0.438136853,-0.199912655,0.983464169,0.000000,0.000000,0.000000,0.000000,0.500000,0.021892937,0.022119835
3242,3242,left,0.430174426,-0.036127055,0.979925887,0.001824,0.134577,0.134673,0.134589,0.500000,0.022020588,0.021967487
3242,3242,right,0.438136853,-0.199912655,0.983464169,0.000000,0.000000,0.000000,0.000000,0.500000,0.021892937,0.022119835
3243,3243,left,0.430176126,-0.036033258,0.980019504,0.001700,0.093797,0.093616,0.093812,0.500000,0.022020623,0.021967448
3243,3243,right,0.438136853,-0.199912655,0.983464169,0.000000,0.000000,0.000000,0.000000,0.500000,0.021892937,0.022119835
3244,3244,left,0.430176126,-0.036033258,0.980019504,0.000000,0.000000,0.000000,0.000000,0.500000,0.022020623,0.021967448
3244,3244,right,0.438136853,-0.199912655,0.983464169,0.000000,0.000000,0.000000,0.000000,0.500000,0.021892937,0.022119835
3245,3245,left,0.430176592,-0.035946589,0.980106437,0.000466,0.086668,0.086933,0.086670,0.500000,0.022020657,0.021967413
3245,3245,right,0.438136853,-0.199912655,0.983464169,0.000000,0.000000,0.000000,0.000000,0.500000,0.021892937,0.022119835
3246,3246,left,0.430176592,-0.035946589,0.980106437,0.000000,0.000000,0.000000,0.000000,0.500000,0.022020657,0.021967413
3246,3246,right,0.438136853,-0.199912655,0.983464169,0.000000,0.000000,0.000000,0.000000,0.500000,0.021892937,0.022119835
3247,3247,left,0.430176592,-0.035946589,0.980106437,0.000000,0.000000,0.000000,0.000000,0.500000,0.022020657,0.021967413
3247,3247,right,0.438136853,-0.199912655,0.983464169,0.000000,0.000000,0.000000,0.000000,0.500000,0.021892937,0.022119835
3248,3248,left,0.430176592,-0.035946589,0.980106437,0.000000,0.000000,0.000000,0.000000,0.500000,0.022020657,0.021967413
3248,3248,right,0.438136853,-0.199912655,0.983464169,0.000000,0.000000,0.000000,0.000000,0.500000,0.021892937,0.022119835
3249,3249,left,0.430176592,-0.035946589,0.980106437,0.000000,0.000000,0.000000,0.000000,0.500000,0.022020657,0.021967413
3249,3249,right,0.438136853,-0.199912655,0.983464169,0.000000,0.000000,0.000000,0.000000,0.500000,0.021892937,0.022119835
3250,3250,left,0.430176592,-0.035946589,0.980106437,0.000000,0.000000,0.000000,0.000000,0.500000,0.022020657,0.021967413
3250,3250,right,0.438136853,-0.199912655,0.983464169,0.000000,0.000000,0.000000,0.000000,0.500000,0.021892937,0.022119835
3251,3251,left,0.430176592,-0.035946589,0.980106437,0.000000,0.000000,0.000000,0.000000,0.500000,0.022020657,0.021967413
3251,3251,right,0.438136853,-0.199912655,0.983464169,0.000000,0.000000,0.000000,0.000000,0.500000,0.021892937,0.022119835
3252,3252,left,0.430176592,-0.035946589,0.980106437,0.000000,0.000000,0.000000,0.000000,0.500000,0.022020657,0.021967413
3252,3252,right,0.438136853,-0.199912655,0.983464169,0.000000,0.000000,0.000000,0.000000,0.500000,0.021892937,0.022119835
3253,3253,left,0.430176592,-0.035946589,0.980106437,0.000000,0.000000,0.000000,0.000000,0.500000,0.022020657,0.021967413
3253,3253,right,0.438136853,-0.199912655,0.983464169,0.000000,0.000000,0.000000,0.000000,0.500000,0.021892937,0.022119835
3254,3254,left,0.430176592,-0.035946589,0.980106437,0.000000,0.000000,0.000000,0.000000,0.500000,0.022020657,0.021967413
3254,3254,right,0.438136853,-0.199912655,0.983464169,0.000000,0.000000,0.000000,0.000000,0.500000,0.021892937,0.022119835
3255,3255,left,0.430176592,-0.035946589,0.980106437,0.000000,0.000000,0.000000,0.000000,0.500000,0.022020657,0.021967413
3255,3255,right,0.438136853,-0.199912655,0.983464169,0.000000,0.000000,0.000000,0.000000,0.500000,0.021892937,0.022119835
3256,3256,left,0.430176592,-0.035946589,0.980106437,0.000000,0.000000,0.000000,0.000000,0.500000,0.022020657,0.021967413
3256,3256,right,0.438136853,-0.199912655,0.983464169,0.000000,0.000000,0.000000,0.000000,0.500000,0.021892937,0.022119835
3257,3257,left,0.430176592,-0.035946589,0.980106437,0.000000,0.000000,0.000000,0.000000,0.500000,0.022020657,0.021967413
3257,3257,right,0.438136853,-0.199912655,0.983464169,0.000000,0.000000,0.000000,0.000000,0.500000,0.021892937,0.022119835
3258,3258,left,0.430176592,-0.035946589,0.980106437,0.000000,0.000000,0.000000,0.000000,0.500000,0.022020657,0.021967413
3258,3258,right,0.438136853,-0.199912655,0.983464169,0.000000,0.000000,0.000000,0.000000,0.500000,0.021892937,0.022119835
3259,3259,left,0.430176592,-0.035946589,0.980106437,0.000000,0.000000,0.000000,0.000000,0.500000,0.022020657,0.021967413
3259,3259,right,0.438136853,-0.199912655,0.983464169,0.000000,0.000000,0.000000,0.000000,0.500000,0.021892937,0.022119835
3260,3260,left,0.430176592,-0.035946589,0.980106437,0.000000,0.000000,0.000000,0.000000,0.500000,0.022020657,0.021967413
3260,3260,right,0.438136853,-0.199912655,0.983464169,0.000000,0.000000,0.000000,0.000000,0.500000,0.021892937,0.022119835
3261,3261,left,0.430176592,-0.035946589,0.980106437,0.000000,0.000000,0.000000,0.000000,0.500000,0.022020657,0.021967413
3261,3261,right,0.438136853,-0.199912655,0.983464169,0.000000,0.000000,0.000000,0.000000,0.500000,0.021892937,0.022119835
3262,3262,left,0.430176592,-0.035946589,0.980106437,0.000000,0.000000,0.000000,0.000000,0.500000,0.022020657,0.021967413
3262,3262,right,0.438136853,-0.199912655,0.983464169,0.000000,0.000000,0.000000,0.000000,0.500000,0.021892937,0.022119835
3263,3263,left,0.430176592,-0.035946589,0.980106437,0.000000,0.000000,0.000000,0.000000,0.500000,0.022020657,0.021967413
3263,3263,right,0.438136853,-0.199912655,0.983464169,0.000000,0.000000,0.000000,0.000000,0.500000,0.021892937,0.022119835
3264,3264,left,0.430176592,-0.035946589,0.980106437,0.000000,0.000000,0.000000,0.000000,0.500000,0.022020657,0.021967413
3264,3264,right,0.438136853,-0.199912655,0.983464169,0.000000,0.000000,0.000000,0.000000,0.500000,0.021892937,0.022119835
3265,3265,left,0.430176592,-0.035946589,0.980106437,0.000000,0.000000,0.000000,0.000000,0.500000,0.022020657,0.021967413
3265,3265,right,0.438136853,-0.199912655,0.983464169,0.000000,0.000000,0.000000,0.000000,0.500000,0.021892937,0.022119835
3266,3266,left,0.430176592,-0.035946589,0.980106437,0.000000,0.000000,0.000000,0.000000,0.500000,0.022020657,0.021967413
3266,3266,right,0.438136853,-0.199912655,0.983464169,0.000000,0.000000,0.000000,0.000000,0.500000,0.021892937,0.022119835
3267,3267,left,0.430176592,-0.035946589,0.980106437,0.000000,0.000000,0.000000,0.000000,0.500000,0.022020657,0.021967413
3267,3267,right,0.438136853,-0.199912655,0.983464169,0.000000,0.000000,0.000000,0.000000,0.500000,0.021892937,0.022119835
3268,3268,left,0.430176592,-0.035946589,0.980106437,0.000000,0.000000,0.000000,0.000000,0.500000,0.022020657,0.021967413
3268,3268,right,0.438136853,-0.199912655,0.983464169,0.000000,0.000000,0.000000,0.000000,0.500000,0.021892937,0.022119835
3269,3269,left,0.430176592,-0.035946589,0.980106437,0.000000,0.000000,0.000000,0.000000,0.500000,0.022020657,0.021967413
3269,3269,right,0.438136853,-0.199912655,0.983464169,0.000000,0.000000,0.000000,0.000000,0.500000,0.021892937,0.022119835
3270,3270,left,0.430176592,-0.035946589,0.980106437,0.000000,0.000000,0.000000,0.000000,0.500000,0.022020657,0.021967413
3270,3270,right,0.438136853,-0.199912655,0.983464169,0.000000,0.000000,0.000000,0.000000,0.500000,0.021892937,0.022119835
3271,3271,left,0.430176592,-0.035946589,0.980106437,0.000000,0.000000,0.000000,0.000000,0.500000,0.022020657,0.021967413
3271,3271,right,0.438136853,-0.199912655,0.983464169,0.000000,0.000000,0.000000,0.000000,0.500000,0.021892937,0.022119835
3272,3272,left,0.430176592,-0.035946589,0.980106437,0.000000,0.000000,0.000000,0.000000,0.500000,0.022020657,0.021967413
3272,3272,right,0.438136853,-0.199912655,0.983464169,0.000000,0.000000,0.000000,0.000000,0.500000,0.021892937,0.022119835
3273,3273,left,0.430176592,-0.035946589,0.980106437,0.000000,0.000000,0.000000,0.000000,0.500000,0.022020657,0.021967413
3273,3273,right,0.438136853,-0.199912655,0.983464169,0.000000,0.000000,0.000000,0.000000,0.500000,0.021892937,0.022119835
3274,3274,left,0.430176592,-0.035946589,0.980106437,0.000000,0.000000,0.000000,0.000000,0.500000,0.022020657,0.021967413
3274,3274,right,0.438136853,-0.199912655,0.983464169,0.000000,0.000000,0.000000,0.000000,0.500000,0.021892937,0.022119835
3275,3275,left,0.430176592,-0.035946589,0.980106437,0.000000,0.000000,0.000000,0.000000,0.500000,0.022020657,0.021967413
3275,3275,right,0.438136853,-0.199912655,0.983464169,0.000000,0.000000,0.000000,0.000000,0.500000,0.021892937,0.022119835
3276,3276,left,0.430176592,-0.035946589,0.980106437,0.000000,0.000000,0.000000,0.000000,0.500000,0.022020657,0.021967413
3276,3276,right,0.438136853,-0.199912655,0.983464169,0.000000,0.000000,0.000000,0.000000,0.500000,0.021892937,0.022119835
3277,3277,left,0.430176592,-0.035946589,0.980106437,0.000000,0.000000,0.000000,0.000000,0.500000,0.022020657,0.021967413
3277,3277,right,0.438136853,-0.199912655,0.983464169,0.000000,0.000000,0.000000,0.000000,0.500000,0.021892937,0.022119835
3278,3278,left,0.430176592,-0.035946589,0.980106437,0.000000,0.000000,0.000000,0.000000,0.500000,0.022020657,0.021967413
3278,3278,right,0.438136853,-0.199912655,0.983464169,0.000000,0.000000,0.000000,0.000000,0.500000,0.021892937,0.022119835
3279,3279,left,0.430176592,-0.035946589,0.980106437,0.000000,0.000000,0.000000,0.000000,0.500000,0.022020657,0.021967413
3279,3279,right,0.438136853,-0.199912655,0.983464169,0.000000,0.000000,0.000000,0.000000,0.500000,0.021892937,0.022119835
3280,3280,left,0.430176592,-0.035946589,0.980106437,0.000000,0.000000,0.000000,0.000000,0.500000,0.022020657,0.021967413
3280,3280,right,0.438136853,-0.199912655,0.983464169,0.000000,0.000000,0.000000,0.000000,0.500000,0.021892937,0.022119835
3281,3281,left,0.430176592,-0.035946589,0.980106437,0.000000,0.000000,0.000000,0.000000,0.500000,0.022020657,0.021967413
3281,3281,right,0.438136853,-0.199912655,0.983464169,0.000000,0.000000,0.000000,0.000000,0.500000,0.021892937,0.022119835
3282,3282,left,0.430176592,-0.035946589,0.980106437,0.000000,0.000000,0.000000,0.000000,0.500000,0.022020657,0.021967413
3282,3282,right,0.438136853,-0.199912655,0.983464169,0.000000,0.000000,0.000000,0.000000,0.500000,0.021892937,0.022119835
3283,3283,left,0.430176592,-0.035946589,0.980106437,0.000000,0.000000,0.000000,0.000000,0.500000,0.022020657,0.021967413
3283,3283,right,0.438136853,-0.199912655,0.983464169,0.000000,0.000000,0.000000,0.000000,0.500000,0.021892937,0.022119835
3284,3284,left,0.430176592,-0.035946589,0.980106437,0.000000,0.000000,0.000000,0.000000,0.500000,0.022020657,0.021967413
3284,3284,right,0.438136853,-0.199912655,0.983464169,0.000000,0.000000,0.000000,0.000000,0.500000,0.021892937,0.022119835
3285,3285,left,0.430176592,-0.035946589,0.980106437,0.000000,0.000000,0.000000,0.000000,0.500000,0.022020657,0.021967413
3285,3285,right,0.438136853,-0.199912655,0.983464169,0.000000,0.000000,0.000000,0.000000,0.500000,0.021892937,0.022119835
3286,3286,left,0.430176592,-0.035946589,0.980106437,0.000000,0.000000,0.000000,0.000000,0.500000,0.022020657,0.021967413
3286,3286,right,0.438136853,-0.199912655,0.983464169,0.000000,0.000000,0.000000,0.000000,0.500000,0.021892937,0.022119835
3287,3287,left,0.430176592,-0.035946589,0.980106437,0.000000,0.000000,0.000000,0.000000,0.500000,0.022020657,0.021967413
3287,3287,right,0.438136853,-0.199912655,0.983464169,0.000000,0.000000,0.000000,0.000000,0.500000,0.021892937,0.022119835
3288,3288,left,0.430176592,-0.035946589,0.980106437,0.000000,0.000000,0.000000,0.000000,0.500000,0.022020657,0.021967413
3288,3288,right,0.438136853,-0.199912655,0.983464169,0.000000,0.000000,0.000000,0.000000,0.500000,0.021892937,0.022119835
3289,3289,left,0.430176592,-0.035946589,0.980106437,0.000000,0.000000,0.000000,0.000000,0.500000,0.022020657,0.021967413
3289,3289,right,0.438136853,-0.199912655,0.983464169,0.000000,0.000000,0.000000,0.000000,0.500000,0.021892937,0.022119835
3290,3290,left,0.430176592,-0.035946589,0.980106437,0.000000,0.000000,0.000000,0.000000,0.500000,0.022020657,0.021967413
3290,3290,right,0.438136853,-0.199912655,0.983464169,0.000000,0.000000,0.000000,0.000000,0.500000,0.021892937,0.022119835
3291,3291,left,0.430176592,-0.035946589,0.980106437,0.000000,0.000000,0.000000,0.000000,0.500000,0.022020657,0.021967413
3291,3291,right,0.438136853,-0.199912655,0.983464169,0.000000,0.000000,0.000000,0.000000,0.500000,0.021892937,0.022119835
3292,3292,left,0.430176592,-0.035946589,0.980106437,0.000000,0.000000,0.000000,0.000000,0.500000,0.022020657,0.021967413
3292,3292,right,0.438136853,-0.199912655,0.983464169,0.000000,0.000000,0.000000,0.000000,0.500000,0.021892937,0.022119835
