source_frame,trajectory_index,hand,tcp_x_m,tcp_y_m,tcp_z_m,step_dx_mm,step_dy_mm,step_dz_mm,step_dxy_mm,openness,finger_q0_m,finger_q1_m
3592,3592,left,0.466412244,-0.115281033,0.864407981,nan,nan,nan,nan,0.000000,-0.000048846,0.000048932
3592,3592,right,0.438136853,-0.199912655,0.983464169,nan,nan,nan,nan,0.500000,0.021892937,0.022119835
3593,3593,left,0.466412244,-0.115281033,0.864407981,0.000000,0.000000,0.000000,0.000000,0.000000,-0.000048846,0.000048932
3593,3593,right,0.438136853,-0.199912655,0.983464169,0.000000,0.000000,0.000000,0.000000,0.500000,0.021892937,0.022119835
3594,3594,left,0.466412244,-0.115281033,0.864407981,0.000000,0.000000,0.000000,0.000000,0.000000,-0.000048846,0.000048932
3594,3594,right,0.438136853,-0.199912655,0.983464169,0.000000,0.000000,0.000000,0.000000,0.500000,0.021892937,0.022119835
3595,3595,left,0.466412244,-0.115281033,0.864407981,0.000000,0.000000,0.000000,0.000000,0.000000,-0.000048846,0.000048932
3595,3595,right,0.438136853,-0.199912655,0.983464169,0.000000,0.000000,0.000000,0.000000,0.500000,0.021892937,0.022119835
3596,3596,left,0.466415922,-0.115285664,0.864291622,0.003678,-0.004631,-0.116360,0.005914,0.000000,-0.000048879,0.000048965
3596,3596,right,0.438136853,-0.199912655,0.983464169,0.000000,0.000000,0.000000,0.000000,0.500000,0.021892937,0.022119835
3597,3597,left,0.466416716,-0.115286542,0.864183386,0.000794,-0.000879,-0.108235,0.001184,0.000000,-0.000048911,0.000048998
3597,3597,right,0.438136853,-0.199912655,0.983464169,0.000000,0.000000,0.000000,0.000000,0.500000,0.021892937,0.022119835
3598,3598,left,0.466418315,-0.115288532,0.864028748,0.001599,-0.001990,-0.154638,0.002553,0.000000,-0.000048957,0.000049043
3598,3598,right,0.438136853,-0.199912655,0.983464169,0.000000,0.000000,0.000000,0.000000,0.500000,0.021892937,0.022119835
3599,3599,left,0.466420386,-0.115291142,0.863820720,0.002071,-0.002610,-0.208028,0.003332,0.000000,-0.000049018,0.000049104
3599,3599,right,0.438136853,-0.199912655,0.983464169,0.000000,0.000000,0.000000,0.000000,0.500000,0.021892937,0.022119835
3600,3600,left,0.466422669,-0.115293927,0.863553681,0.002283,-0.002785,-0.267039,0.003601,0.000000,-0.000049096,0.000049183
3600,3600,right,0.438136853,-0.199912655,0.983464169,0.000000,0.000000,0.000000,0.000000,0.500000,0.021892937,0.022119835
3601,3601,left,0.466425265,-0.115297182,0.863223589,0.002596,-0.003255,-0.330092,0.004163,0.000000,-0.000049194,0.000049280
3601,3601,right,0.438136853,-0.199912655,0.983464169,0.000000,0.000000,0.000000,0.000000,0.500000,0.021892937,0.022119835
3602,3602,left,0.466427845,-0.115300312,0.862826506,0.002580,-0.003130,-0.397083,0.004056,0.000000,-0.000049311,0.000049397
3602,3602,right,0.438136853,-0.199912655,0.983464169,0.000000,0.000000,0.000000,0.000000,0.500000,0.021892937,0.022119835
3603,3603,left,0.466430448,-0.115303628,0.862360034,0.002603,-0.003317,-0.466472,0.004217,0.000000,-0.000049448,0.000049534
3603,3603,right,0.438136853,-0.199912655,0.983464169,0.000000,0.000000,0.000000,0.000000,0.500000,0.021892937,0.022119835
3604,3604,left,0.466433143,-0.115306940,0.861822858,0.002694,-0.003311,-0.537176,0.004269,0.000000,-0.000049606,0.000049691
3604,3604,right,0.438136853,-0.199912655,0.983464169,0.000000,0.000000,0.000000,0.000000,0.500000,0.021892937,0.022119835
3605,3605,left,0.466435771,-0.115310149,0.861213827,0.002629,-0.003209,-0.609031,0.004148,0.000000,-0.000049785,0.000049870
3605,3605,right,0.438136853,-0.199912655,0.983464169,0.000000,0.000000,0.000000,0.000000,0.500000,0.021892937,0.022119835
3606,3606,left,0.466438465,-0.115313149,0.860532169,0.002694,-0.003000,-0.681658,0.004032,0.000000,-0.000049985,0.000050069
3606,3606,right,0.438136853,-0.199912655,0.983464169,0.000000,0.000000,0.000000,0.000000,0.500000,0.021892937,0.022119835
3607,3607,left,0.466440911,-0.115316214,0.859779374,0.002446,-0.003065,-0.752796,0.003921,0.000000,-0.000050205,0.000050289
3607,3607,right,0.438136853,-0.199912655,0.983464169,0.000000,0.000000,0.000000,0.000000,0.500000,0.021892937,0.022119835
3608,3608,left,0.466443142,-0.115318928,0.858956355,0.002231,-0.002714,-0.823019,0.003513,0.000000,-0.000050445,0.000050528
3608,3608,right,0.438136853,-0.199912655,0.983464169,0.000000,0.000000,0.000000,0.000000,0.500000,0.021892937,0.022119835
3609,3609,left,0.466445229,-0.115321517,0.858064775,0.002087,-0.002589,-0.891580,0.003326,0.000000,-0.000050704,0.000050787
3609,3609,right,0.438136853,-0.199912655,0.983464169,0.000000,0.000000,0.000000,0.000000,0.500000,0.021892937,0.022119835
3610,3610,left,0.466447133,-0.115323786,0.857106931,0.001904,-0.002269,-0.957845,0.002962,0.000000,-0.000050982,0.000051064
3610,3610,right,0.438136853,-0.199912655,0.983464169,0.000000,0.000000,0.000000,0.000000,0.500000,0.021892937,0.022119835
3611,3611,left,0.466448682,-0.115325751,0.856085797,0.001548,-0.001965,-1.021134,0.002502,0.000000,-0.000051277,0.000051358
3611,3611,right,0.438136853,-0.199912655,0.983464169,0.000000,0.000000,0.000000,0.000000,0.500000,0.021892937,0.022119835
3612,3612,left,0.466450119,-0.115327494,0.855005548,0.001437,-0.001742,-1.080249,0.002259,0.000000,-0.000051588,0.000051669
3612,3612,right,0.438136853,-0.199912655,0.983464169,0.000000,0.000000,0.000000,0.000000,0.500000,0.021892937,0.022119835
3613,3613,left,0.466451360,-0.115328759,0.853869237,0.001241,-0.001266,-1.136310,0.001773,0.000000,-0.000051913,0.000051993
3613,3613,right,0.438136853,-0.199912655,0.983464169,0.000000,0.000000,0.000000,0.000000,0.500000,0.021892937,0.022119835
3614,3614,left,0.466451918,-0.115329794,0.852681572,0.000558,-0.001035,-1.187665,0.001175,0.000000,-0.000052252,0.000052331
3614,3614,right,0.438136853,-0.199912655,0.983464169,0.000000,0.000000,0.000000,0.000000,0.500000,0.021892937,0.022119835
3615,3615,left,0.466452786,-0.115330439,0.851447651,0.000868,-0.000645,-1.233922,0.001081,0.000000,-0.000052602,0.000052681
3615,3615,right,0.438136853,-0.199912655,0.983464169,0.000000,0.000000,0.000000,0.000000,0.500000,0.021892937,0.022119835
3616,3616,left,0.466452950,-0.115330711,0.850171642,0.000164,-0.000272,-1.276008,0.000318,0.000000,-0.000052962,0.000053040
3616,3616,right,0.438136853,-0.199912655,0.983464169,0.000000,0.000000,0.000000,0.000000,0.500000,0.021892937,0.022119835
3617,3617,left,0.466453094,-0.115330915,0.848859870,0.000144,-0.000204,-1.311772,0.000249,0.000000,-0.000053331,0.000053408
3617,3617,right,0.438136853,-0.199912655,0.983464169,0.000000,0.000000,0.000000,0.000000,0.500000,0.021892937,0.022119835
3618,3618,left,0.466452717,-0.115330407,0.847516881,-0.000377,0.000508,-1.342989,0.000632,0.000000,-0.000053706,0.000053783
3618,3618,right,0.438136853,-0.199912655,0.983464169,0.000000,0.000000,0.000000,0.000000,0.500000,0.021892937,0.022119835
3619,3619,left,0.466452349,-0.115329907,0.846149917,-0.000367,0.000500,-1.366964,0.000621,0.000000,-0.000054086,0.000054162
3619,3619,right,0.438136853,-0.199912655,0.983464169,0.000000,0.000000,0.000000,0.000000,0.500000,0.021892937,0.022119835
3620,3620,left,0.466451631,-0.115328984,0.844763829,-0.000718,0.000923,-1.386088,0.001170,0.000000,-0.000054469,0.000054544
3620,3620,right,0.438136853,-0.199912655,0.983464169,0.000000,0.000000,0.000000,0.000000,0.500000,0.021892937,0.022119835
3621,3621,left,0.466450562,-0.115327688,0.843364624,-0.001069,0.001295,-1.399205,0.001679,0.000000,-0.000054854,0.000054928
3621,3621,right,0.438136853,-0.199912655,0.983464169,0.000000,0.000000,0.000000,0.000000,0.500000,0.021892937,0.022119835
3622,3622,left,0.466449472,-0.115326350,0.841959589,-0.001091,0.001338,-1.405035,0.001726,0.000000,-0.000055238,0.000055312
3622,3622,right,0.438136853,-0.199912655,0.983464169,0.000000,0.000000,0.000000,0.000000,0.500000,0.021892937,0.022119835
3623,3623,left,0.466448162,-0.115324625,0.840554113,-0.001310,0.001726,-1.405476,0.002166,0.000000,-0.000055620,0.000055693
3623,3623,right,0.438136853,-0.199912655,0.983464169,0.000000,0.000000,0.000000,0.000000,0.500000,0.021892937,0.022119835
3624,3624,left,0.466446773,-0.115322735,0.839154742,-0.001389,0.001890,-1.399371,0.002345,0.000000,-0.000055999,0.000056070
3624,3624,right,0.438136853,-0.199912655,0.983464169,0.000000,0.000000,0.000000,0.000000,0.500000,0.021892937,0.022119835
3625,3625,left,0.466445138,-0.115320618,0.837767607,-0.001635,0.002116,-1.387135,0.002675,0.000000,-0.000056372,0.000056443
3625,3625,right,0.438136853,-0.199912655,0.983464169,0.000000,0.000000,0.000000,0.000000,0.500000,0.021892937,0.022119835
3626,3626,left,0.466443227,-0.115318403,0.836398743,-0.001910,0.002216,-1.368864,0.002926,0.000000,-0.000056738,0.000056808
3626,3626,right,0.438136853,-0.199912655,0.983464169,0.000000,0.000000,0.000000,0.000000,0.500000,0.021892937,0.022119835
3627,3627,left,0.466441309,-0.115315995,0.835054083,-0.001918,0.002407,-1.344660,0.003078,0.000000,-0.000057095,0.000057165
3627,3627,right,0.438136853,-0.199912655,0.983464169,0.000000,0.000000,0.000000,0.000000,0.500000,0.021892937,0.022119835
3628,3628,left,0.466439319,-0.115313440,0.833740117,-0.001990,0.002555,-1.313967,0.003239,0.000000,-0.000057443,0.000057511
3628,3628,right,0.438136853,-0.199912655,0.983464169,0.000000,0.000000,0.000000,0.000000,0.500000,0.021892937,0.022119835
3629,3629,left,0.466437274,-0.115310871,0.832461695,-0.002045,0.002569,-1.278422,0.003284,0.000000,-0.000057779,0.000057847
3629,3629,right,0.438136853,-0.199912655,0.983464169,0.000000,0.000000,0.000000,0.000000,0.500000,0.021892937,0.022119835
3630,3630,left,0.466435108,-0.115308214,0.831224734,-0.002166,0.002658,-1.236961,0.003428,0.000000,-0.000058103,0.000058170
3630,3630,right,0.438136853,-0.199912655,0.983464169,0.000000,0.000000,0.000000,0.000000,0.500000,0.021892937,0.022119835
3631,3631,left,0.466432858,-0.115305491,0.830033811,-0.002250,0.002723,-1.190924,0.003532,0.000000,-0.000058413,0.000058480
3631,3631,right,0.438136853,-0.199912655,0.983464169,0.000000,0.000000,0.000000,0.000000,0.500000,0.021892937,0.022119835
3632,3632,left,0.466430724,-0.115302550,0.828894017,-0.002134,0.002941,-1.139794,0.003633,0.000000,-0.000058709,0.000058775
3632,3632,right,0.438136853,-0.199912655,0.983464169,0.000000,0.000000,0.000000,0.000000,0.500000,0.021892937,0.022119835
3633,3633,left,0.466428292,-0.115299761,0.827809536,-0.002432,0.002789,-1.084481,0.003700,0.000000,-0.000058989,0.000059054
3633,3633,right,0.438136853,-0.199912655,0.983464169,0.000000,0.000000,0.000000,0.000000,0.500000,0.021892937,0.022119835
3634,3634,left,0.466426018,-0.115296984,0.826784702,-0.002274,0.002778,-1.024834,0.003590,0.000000,-0.000059252,0.000059317
3634,3634,right,0.438136853,-0.199912655,0.983464169,0.000000,0.000000,0.000000,0.000000,0.500000,0.021892937,0.022119835
3635,3635,left,0.466423760,-0.115294092,0.825822367,-0.002258,0.002892,-0.962334,0.003669,0.000000,-0.000059499,0.000059563
3635,3635,right,0.438136853,-0.199912655,0.983464169,0.000000,0.000000,0.000000,0.000000,0.500000,0.021892937,0.022119835
3636,3636,left,0.466421563,-0.115291420,0.824926060,-0.002197,0.002672,-0.896307,0.003459,0.000000,-0.000059728,0.000059791
3636,3636,right,0.438136853,-0.199912655,0.983464169,0.000000,0.000000,0.000000,0.000000,0.500000,0.021892937,0.022119835
3637,3637,left,0.466419349,-0.115288691,0.824098040,-0.002215,0.002729,-0.828019,0.003515,0.000000,-0.000059938,0.000060002
3637,3637,right,0.438136853,-0.199912655,0.983464169,0.000000,0.000000,0.000000,0.000000,0.500000,0.021892937,0.022119835
3638,3638,left,0.466417133,-0.115285914,0.823340368,-0.002216,0.002777,-0.757672,0.003553,0.000000,-0.000060130,0.000060193
3638,3638,right,0.438136853,-0.199912655,0.983464169,0.000000,0.000000,0.000000,0.000000,0.500000,0.021892937,0.022119835
3639,3639,left,0.466415158,-0.115283188,0.822654232,-0.001975,0.002726,-0.686136,0.003367,0.000000,-0.000060304,0.000060366
3639,3639,right,0.438136853,-0.199912655,0.983464169,0.000000,0.000000,0.000000,0.000000,0.500000,0.021892937,0.022119835
3640,3640,left,0.466412980,-0.115280554,0.822039786,-0.002178,0.002634,-0.614446,0.003418,0.000000,-0.000060459,0.000060521
3640,3640,right,0.438136853,-0.199912655,0.983464169,0.000000,0.000000,0.000000,0.000000,0.500000,0.021892937,0.022119835
3641,3641,left,0.466410999,-0.115278195,0.821498004,-0.001981,0.002359,-0.541781,0.003081,0.000000,-0.000060595,0.000060657
3641,3641,right,0.438136853,-0.199912655,0.983464169,0.000000,0.000000,0.000000,0.000000,0.500000,0.021892937,0.022119835
3642,3642,left,0.466408835,-0.115275711,0.821026600,-0.002164,0.002483,-0.471404,0.003294,0.000000,-0.000060714,0.000060775
3642,3642,right,0.438136853,-0.199912655,0.983464169,0.000000,0.000000,0.000000,0.000000,0.500000,0.021892937,0.022119835
3643,3643,left,0.466407138,-0.115273406,0.820625046,-0.001697,0.002305,-0.401554,0.002863,0.000000,-0.000060815,0.000060876
3643,3643,right,0.438136853,-0.199912655,0.983464169,0.000000,0.000000,0.000000,0.000000,0.500000,0.021892937,0.022119835
3644,3644,left,0.466405260,-0.115271215,0.820290336,-0.001878,0.002190,-0.334709,0.002885,0.000000,-0.000060899,0.000060960
3644,3644,right,0.438136853,-0.199912655,0.983464169,0.000000,0.000000,0.000000,0.000000,0.500000,0.021892937,0.022119835
3645,3645,left,0.466403611,-0.115269166,0.820019126,-0.001649,0.002049,-0.271210,0.002630,0.000000,-0.000060967,0.000061028
3645,3645,right,0.438136853,-0.199912655,0.983464169,0.000000,0.000000,0.000000,0.000000,0.500000,0.021892937,0.022119835
3646,3646,left,0.466402297,-0.115267302,0.819807012,-0.001315,0.001864,-0.212114,0.002281,0.000000,-0.000061020,0.000061081
3646,3646,right,0.438136853,-0.199912655,0.983464169,0.000000,0.000000,0.000000,0.000000,0.500000,0.021892937,0.022119835
3647,3647,left,0.466400762,-0.115265620,0.819649379,-0.001535,0.001681,-0.157633,0.002277,0.000000,-0.000061059,0.000061120
3647,3647,right,0.438136853,-0.199912655,0.983464169,0.000000,0.000000,0.000000,0.000000,0.500000,0.021892937,0.022119835
3648,3648,left,0.466399526,-0.115264083,0.819539224,-0.001236,0.001537,-0.110155,0.001973,0.000000,-0.000061087,0.000061148
3648,3648,right,0.438136853,-0.199912655,0.983464169,0.000000,0.000000,0.000000,0.000000,0.500000,0.021892937,0.022119835
3649,3649,left,0.466399526,-0.115264083,0.819539224,0.000000,0.000000,0.000000,0.000000,0.000000,-0.000061087,0.000061148
3649,3649,right,0.438136853,-0.199912655,0.983464169,0.000000,0.000000,0.000000,0.000000,0.500000,0.021892937,0.022119835
3650,3650,left,0.466399197,-0.115263502,0.819434572,-0.000329,0.000581,-0.104653,0.000667,0.000000,-0.000061113,0.000061174
3650,3650,right,0.438136853,-0.199912655,0.983464169,0.000000,0.000000,0.000000,0.000000,0.500000,0.021892937,0.022119835
3651,3651,left,0.466399197,-0.115263502,0.819434572,0.000000,0.000000,0.000000,0.000000,0.000000,-0.000061113,0.000061174
3651,3651,right,0.438136853,-0.199912655,0.983464169,0.000000,0.000000,0.000000,0.000000,0.500000,0.021892937,0.022119835
3652,3652,left,0.466399197,-0.115263502,0.819434572,0.000000,0.000000,0.000000,0.000000,0.000000,-0.000061113,0.000061174
3652,3652,right,0.438136853,-0.199912655,0.983464169,0.000000,0.000000,0.000000,0.000000,0.500000,0.021892937,0.022119835
3653,3653,left,0.466399197,-0.115263502,0.819434572,0.000000,0.000000,0.000000,0.000000,0.000000,-0.000061113,0.000061174
3653,3653,right,0.438136853,-0.199912655,0.983464169,0.000000,0.000000,0.000000,0.000000,0.500000,0.021892937,0.022119835
3654,3654,left,0.466399197,-0.115263502,0.819434572,0.000000,0.000000,0.000000,0.000000,0.000000,-0.000061113,0.000061174
3654,3654,right,0.438136853,-0.199912655,0.983464169,0.000000,0.000000,0.000000,0.000000,0.500000,0.021892937,0.022119835
3655,3655,left,0.466399197,-0.115263502,0.819434572,0.000000,0.000000,0.000000,0.000000,0.000000,-0.000061113,0.000061174
3655,3655,right,0.438136853,-0.199912655,0.983464169,0.000000,0.000000,0.000000,0.000000,0.500000,0.021892937,0.022119835
3656,3656,left,0.466399197,-0.115263502,0.819434572,0.000000,0.000000,0.000000,0.000000,0.000000,-0.000061113,0.000061174
3656,3656,right,0.438136853,-0.199912655,0.983464169,0.000000,0.000000,0.000000,0.000000,0.500000,0.021892937,0.022119835
3657,3657,left,0.466454027,-0.115151755,0.819418167,0.054830,0.111747,-0.016405,0.124474,0.000000,-0.000061115,0.000061176
3657,3657,right,0.438136853,-0.199912655,0.983464169,0.000000,0.000000,0.000000,0.000000,0.500000,0.021892937,0.022119835
3658,3658,left,0.466489043,-0.115063558,0.819417380,0.035016,0.088197,-0.000787,0.094894,0.000000,-0.000061115,0.000061175
3658,3658,right,0.438136853,-0.199912655,0.983464169,0.000000,0.000000,0.000000,0.000000,0.500000,0.021892937,0.022119835
3659,3659,left,0.466539490,-0.114947382,0.819417844,0.050447,0.116175,0.000464,0.126655,0.000000,-0.000061113,0.000061174
3659,3659,right,0.438136853,-0.199912655,0.983464169,0.000000,0.000000,0.000000,0.000000,0.500000,0.021892937,0.022119835
3660,3660,left,0.466606268,-0.114795648,0.819418561,0.066778,0.151734,0.000716,0.165779,0.000000,-0.000061111,0.000061172
3660,3660,right,0.438136853,-0.199912655,0.983464169,0.000000,0.000000,0.000000,0.000000,0.500000,0.021892937,0.022119835
3661,3661,left,0.466690586,-0.114602989,0.819419301,0.084318,0.192659,0.000740,0.210302,0.000000,-0.000061109,0.000061169
3661,3661,right,0.438136853,-0.199912655,0.983464169,0.000000,0.000000,0.000000,0.000000,0.500000,0.021892937,0.022119835
3662,3662,left,0.466794234,-0.114365387,0.819420418,0.103648,0.237602,0.001117,0.259225,0.000000,-0.000061106,0.000061166
3662,3662,right,0.438136853,-0.199912655,0.983464169,0.000000,0.000000,0.000000,0.000000,0.500000,0.021892937,0.022119835
3663,3663,left,0.466918522,-0.114078383,0.819421109,0.124288,0.287004,0.000690,0.312760,0.000000,-0.000061102,0.000061162
3663,3663,right,0.438136853,-0.199912655,0.983464169,0.000000,0.000000,0.000000,0.000000,0.500000,0.021892937,0.022119835
3664,3664,left,0.467064932,-0.113738582,0.819422271,0.146410,0.339801,0.001162,0.370001,0.000000,-0.000061097,0.000061158
3664,3664,right,0.438136853,-0.199912655,0.983464169,0.000000,0.000000,0.000000,0.000000,0.500000,0.021892937,0.022119835
3665,3665,left,0.467235523,-0.113342448,0.819423562,0.170591,0.396134,0.001292,0.431304,0.000000,-0.000061092,0.000061152
3665,3665,right,0.438136853,-0.199912655,0.983464169,0.000000,0.000000,0.000000,0.000000,0.500000,0.021892937,0.022119835
3666,3666,left,0.467430808,-0.112886265,0.819424725,0.195285,0.456183,0.001162,0.496225,0.000000,-0.000061086,0.000061146
3666,3666,right,0.438136853,-0.199912655,0.983464169,0.000000,0.000000,0.000000,0.000000,0.500000,0.021892937,0.022119835
3667,3667,left,0.467652594,-0.112367108,0.819425894,0.221786,0.519157,0.001170,0.564547,0.000000,-0.000061079,0.000061139
3667,3667,right,0.438136853,-0.199912655,0.983464169,0.000000,0.000000,0.000000,0.000000,0.500000,0.021892937,0.022119835
3668,3668,left,0.467901685,-0.111781984,0.819427275,0.249091,0.585124,0.001381,0.635937,0.000000,-0.000061071,0.000061131
3668,3668,right,0.438136853,-0.199912655,0.983464169,0.000000,0.000000,0.000000,0.000000,0.500000,0.021892937,0.022119835
3669,3669,left,0.468179559,-0.111128002,0.819428789,0.277874,0.653982,0.001514,0.710568,0.000000,-0.000061061,0.000061121
3669,3669,right,0.438136853,-0.199912655,0.983464169,0.000000,0.000000,0.000000,0.000000,0.500000,0.021892937,0.022119835
3670,3670,left,0.468486922,-0.110402673,0.819430010,0.307363,0.725329,0.001221,0.787765,0.000000,-0.000061050,0.000061110
3670,3670,right,0.438136853,-0.199912655,0.983464169,0.000000,0.000000,0.000000,0.000000,0.500000,0.021892937,0.022119835
3671,3671,left,0.468788335,-0.109531654,0.819420909,0.301413,0.871020,-0.009101,0.921697,0.000000,-0.000061052,0.000061111
3671,3671,right,0.438136853,-0.199912655,0.983464169,0.000000,0.000000,0.000000,0.000000,0.500000,0.021892937,0.022119835
3672,3672,left,0.469183814,-0.108714919,0.819430118,0.395479,0.816734,0.009209,0.907446,0.000000,-0.000061027,0.000061086
3672,3672,right,0.438136853,-0.199912655,0.983464169,0.000000,0.000000,0.000000,0.000000,0.500000,0.021892937,0.022119835
3673,3673,left,0.469552661,-0.107690392,0.819421687,0.368847,1.024528,-0.008431,1.088901,0.000000,-0.000061023,0.000061082
3673,3673,right,0.438136853,-0.199912655,0.983464169,0.000000,0.000000,0.000000,0.000000,0.500000,0.021892937,0.022119835
3674,3674,left,0.469981971,-0.106648897,0.819422077,0.429309,1.041495,0.000390,1.126507,0.000000,-0.000061006,0.000061064
3674,3674,right,0.438136853,-0.199912655,0.983464169,0.000000,0.000000,0.000000,0.000000,0.500000,0.021892937,0.022119835
3675,3675,left,0.470446748,-0.105528139,0.819422507,0.464777,1.120757,0.000431,1.213307,0.000000,-0.000060985,0.000061043
3675,3675,right,0.438136853,-0.199912655,0.983464169,0.000000,0.000000,0.000000,0.000000,0.500000,0.021892937,0.022119835
3676,3676,left,0.470945969,-0.104324843,0.819423001,0.499221,1.203296,0.000494,1.302744,0.000000,-0.000060961,0.000061019
3676,3676,right,0.438136853,-0.199912655,0.983464169,0.000000,0.000000,0.000000,0.000000,0.500000,0.021892937,0.022119835
3677,3677,left,0.471480123,-0.103037424,0.819423837,0.534154,1.287420,0.000836,1.393833,0.000000,-0.000060933,0.000060991
3677,3677,right,0.438136853,-0.199912655,0.983464169,0.000000,0.000000,0.000000,0.000000,0.500000,0.021892937,0.022119835
3678,3678,left,0.472049153,-0.101664671,0.819424384,0.569030,1.372752,0.000547,1.486016,0.000000,-0.000060902,0.000060958
3678,3678,right,0.438136853,-0.199912655,0.983464169,0.000000,0.000000,0.000000,0.000000,0.500000,0.021892937,0.022119835
3679,3679,left,0.472653862,-0.100205950,0.819425116,0.604709,1.458721,0.000732,1.579095,0.000000,-0.000060865,0.000060922
3679,3679,right,0.438136853,-0.199912655,0.983464169,0.000000,0.000000,0.000000,0.000000,0.500000,0.021892937,0.022119835
3680,3680,left,0.473294600,-0.098660250,0.819425824,0.640738,1.545700,0.000708,1.673241,0.000000,-0.000060824,0.000060880
3680,3680,right,0.438136853,-0.199912655,0.983464169,0.000000,0.000000,0.000000,0.000000,0.500000,0.021892937,0.022119835
3681,3681,left,0.473971406,-0.097026873,0.819426422,0.676806,1.633376,0.000598,1.768045,0.000000,-0.000060778,0.000060833
3681,3681,right,0.438136853,-0.199912655,0.983464169,0.000000,0.000000,0.000000,0.000000,0.500000,0.021892937,0.022119835
3682,3682,left,0.474684492,-0.095305443,0.819427073,0.713086,1.721430,0.000650,1.863280,0.000000,-0.000060725,0.000060780
3682,3682,right,0.438136853,-0.199912655,0.983464169,0.000000,0.000000,0.000000,0.000000,0.500000,0.021892937,0.022119835
3683,3683,left,0.475434315,-0.093495719,0.819428230,0.749823,1.809724,0.001157,1.958912,0.000000,-0.000060666,0.000060721
3683,3683,right,0.438136853,-0.199912655,0.983464169,0.000000,0.000000,0.000000,0.000000,0.500000,0.021892937,0.022119835
3684,3684,left,0.476220394,-0.091597398,0.819428696,0.786079,1.898321,0.000466,2.054639,0.000000,-0.000060600,0.000060654
3684,3684,right,0.438136853,-0.199912655,0.983464169,0.000000,0.000000,0.000000,0.000000,0.500000,0.021892937,0.022119835
3685,3685,left,0.477042998,-0.089610483,0.819429127,0.822604,1.986915,0.000431,2.150467,0.000000,-0.000060526,0.000060579
3685,3685,right,0.438136853,-0.199912655,0.983464169,0.000000,0.000000,0.000000,0.000000,0.500000,0.021892937,0.022119835
3686,3686,left,0.477902508,-0.087535089,0.819430082,0.859510,2.075394,0.000955,2.246334,0.000000,-0.000060444,0.000060496
3686,3686,right,0.438136853,-0.199912655,0.983464169,0.000000,0.000000,0.000000,0.000000,0.500000,0.021892937,0.022119835
3687,3687,left,0.478798129,-0.085371449,0.819430357,0.895621,2.163640,0.000275,2.341682,0.000000,-0.000060352,0.000060404
3687,3687,right,0.438136853,-0.199912655,0.983464169,0.000000,0.000000,0.000000,0.000000,0.500000,0.021892937,0.022119835
3688,3688,left,0.479730071,-0.083120137,0.819431364,0.931942,2.251312,0.001008,2.436580,0.000000,-0.000060251,0.000060303
3688,3688,right,0.438136853,-0.199912655,0.983464169,0.000000,0.000000,0.000000,0.000000,0.500000,0.021892937,0.022119835
3689,3689,left,0.480698166,-0.080781752,0.819432165,0.968095,2.338385,0.000801,2.530860,0.000000,-0.000060140,0.000060191
3689,3689,right,0.438136853,-0.199912655,0.983464169,0.000000,0.000000,0.000000,0.000000,0.500000,0.021892937,0.022119835
3690,3690,left,0.481701971,-0.078356479,0.819432926,1.003805,2.425273,0.000761,2.624800,0.000000,-0.000060017,0.000060067
3690,3690,right,0.438136853,-0.199912655,0.983464169,0.000000,0.000000,0.000000,0.000000,0.500000,0.021892937,0.022119835
3691,3691,left,0.482741125,-0.075845551,0.819433851,1.039153,2.510928,0.000925,2.717462,0.000000,-0.000059883,0.000059932
3691,3691,right,0.438136853,-0.199912655,0.983464169,0.000000,0.000000,0.000000,0.000000,0.500000,0.021892937,0.022119835
3692,3692,left,0.483815397,-0.073249496,0.819434446,1.074273,2.596056,0.000595,2.809549,0.000000,-0.000059735,0.000059784
3692,3692,right,0.438136853,-0.199912655,0.983464169,0.000000,0.000000,0.000000,0.000000,0.500000,0.021892937,0.022119835
3693,3693,left,0.484924071,-0.070569492,0.819435311,1.108673,2.680004,0.000865,2.900272,0.000000,-0.000059575,0.000059623
3693,3693,right,0.438136853,-0.199912655,0.983464169,0.000000,0.000000,0.000000,0.000000,0.500000,0.021892937,0.022119835
3694,3694,left,0.486067573,-0.067806580,0.819436096,1.143502,2.762912,0.000785,2.990197,0.000000,-0.000059400,0.000059447
3694,3694,right,0.438136853,-0.199912655,0.983464169,0.000000,0.000000,0.000000,0.000000,0.500000,0.021892937,0.022119835
3695,3695,left,0.487244807,-0.064962233,0.819437074,1.177234,2.844347,0.000978,3.078342,0.000000,-0.000059211,0.000059257
3695,3695,right,0.438136853,-0.199912655,0.983464169,0.000000,0.000000,0.000000,0.000000,0.500000,0.021892937,0.022119835
3696,3696,left,0.488454946,-0.062037519,0.819437825,1.210139,2.924714,0.000751,3.165184,0.000000,-0.000059006,0.000059051
3696,3696,right,0.438136853,-0.199912655,0.983464169,0.000000,0.000000,0.000000,0.000000,0.500000,0.021892937,0.022119835
3697,3697,left,0.489697477,-0.059033921,0.819438428,1.242531,3.003598,0.000603,3.250459,0.000000,-0.000058784,0.000058829
3697,3697,right,0.438136853,-0.199912655,0.983464169,0.000000,0.000000,0.000000,0.000000,0.500000,0.021892937,0.022119835
3698,3698,left,0.490972184,-0.055953180,0.819439440,1.274707,3.080742,0.001012,3.334044,0.000000,-0.000058546,0.000058590
3698,3698,right,0.438136853,-0.199912655,0.983464169,0.000000,0.000000,0.000000,0.000000,0.500000,0.021892937,0.022119835
3699,3699,left,0.492277779,-0.052796819,0.819439933,1.305595,3.156360,0.000493,3.415727,0.000000,-0.000058290,0.000058333
3699,3699,right,0.438136853,-0.199912655,0.983464169,0.000000,0.000000,0.000000,0.000000,0.500000,0.021892937,0.022119835
3700,3700,left,0.493614106,-0.049566554,0.819440874,1.336327,3.230265,0.000941,3.495766,0.000000,-0.000058015,0.000058057
3700,3700,right,0.438136853,-0.199912655,0.983464169,0.000000,0.000000,0.000000,0.000000,0.500000,0.021892937,0.022119835
3701,3701,left,0.494980640,-0.046264299,0.819441548,1.366533,3.302255,0.000674,3.573836,0.000000,-0.000057721,0.000057762
3701,3701,right,0.438136853,-0.199912655,0.983464169,0.000000,0.000000,0.000000,0.000000,0.500000,0.021892937,0.022119835
3702,3702,left,0.496375905,-0.042892009,0.819442434,1.395266,3.372291,0.000886,3.649536,0.000000,-0.000057407,0.000057448
3702,3702,right,0.438136853,-0.199912655,0.983464169,0.000000,0.000000,0.000000,0.000000,0.500000,0.021892937,0.022119835
3703,3703,left,0.497799366,-0.039451408,0.819443116,1.423461,3.440600,0.000682,3.723435,0.000000,-0.000057073,0.000057113
3703,3703,right,0.438136853,-0.199912655,0.983464169,0.000000,0.000000,0.000000,0.000000,0.500000,0.021892937,0.022119835
3704,3704,left,0.499249960,-0.035945014,0.819443814,1.450594,3.506394,0.000698,3.794605,0.000000,-0.000056718,0.000056757
3704,3704,right,0.438136853,-0.199912655,0.983464169,0.000000,0.000000,0.000000,0.000000,0.500000,0.021892937,0.022119835
3705,3705,left,0.500727005,-0.032374841,0.819444723,1.477045,3.570173,0.000909,3.863650,0.000000,-0.000056342,0.000056380
3705,3705,right,0.438136853,-0.199912655,0.983464169,0.000000,0.000000,0.000000,0.000000,0.500000,0.021892937,0.022119835
3706,3706,left,0.502229608,-0.028742984,0.819445248,1.502603,3.631857,0.000525,3.930420,0.000000,-0.000055943,0.000055980
3706,3706,right,0.438136853,-0.199912655,0.983464169,0.000000,0.000000,0.000000,0.000000,0.500000,0.021892937,0.022119835
3707,3707,left,0.503757106,-0.025051771,0.819446311,1.527498,3.691213,0.001063,3.994785,0.000000,-0.000055523,0.000055559
3707,3707,right,0.438136853,-0.199912655,0.983464169,0.000000,0.000000,0.000000,0.000000,0.500000,0.021892937,0.022119835
3708,3708,left,0.505307758,-0.021303677,0.819447142,1.550652,3.748094,0.000831,4.056196,0.000000,-0.000055079,0.000055114
3708,3708,right,0.438136853,-0.199912655,0.983464169,0.000000,0.000000,0.000000,0.000000,0.500000,0.021892937,0.022119835
3709,3709,left,0.506880996,-0.017501098,0.819447416,1.573238,3.802579,0.000274,4.115178,0.000000,-0.000054612,0.000054647
3709,3709,right,0.438136853,-0.199912655,0.983464169,0.000000,0.000000,0.000000,0.000000,0.500000,0.021892937,0.022119835
3710,3710,left,0.508475696,-0.013646575,0.819448114,1.594700,3.854522,0.000698,4.171380,0.000000,-0.000054122,0.000054156
3710,3710,right,0.438136853,-0.199912655,0.983464169,0.000000,0.000000,0.000000,0.000000,0.500000,0.021892937,0.022119835
3711,3711,left,0.510090867,-0.009742797,0.819448874,1.615171,3.903778,0.000759,4.224721,0.000000,-0.000053609,0.000053642
3711,3711,right,0.438136853,-0.199912655,0.983464169,0.000000,0.000000,0.000000,0.000000,0.500000,0.021892937,0.022119835
3712,3712,left,0.511725607,-0.005792204,0.819449580,1.634740,3.950593,0.000706,4.275460,0.000000,-0.000053072,0.000053104
3712,3712,right,0.438136853,-0.199912655,0.983464169,0.000000,0.000000,0.000000,0.000000,0.500000,0.021892937,0.022119835
3713,3713,left,0.513378590,-0.001797514,0.819450118,1.652982,3.994690,0.000538,4.323182,0.000000,-0.000052511,0.000052542
3713,3713,right,0.438136853,-0.199912655,0.983464169,0.000000,0.000000,0.000000,0.000000,0.500000,0.021892937,0.022119835
3714,3714,left,0.515048893,0.002238604,0.819450746,1.670303,4.036118,0.000628,4.368084,0.000000,-0.000051927,0.000051957
3714,3714,right,0.438136853,-0.199912655,0.983464169,0.000000,0.000000,0.000000,0.000000,0.500000,0.021892937,0.022119835
3715,3715,left,0.516734986,0.006313229,0.819451090,1.686093,4.074625,0.000345,4.409703,0.000000,-0.000051319,0.000051349
3715,3715,right,0.438136853,-0.199912655,0.983464169,0.000000,0.000000,0.000000,0.000000,0.500000,0.021892937,0.022119835
3716,3716,left,0.518435887,0.010423539,0.819451927,1.700901,4.110310,0.000837,4.448338,0.000000,-0.000050688,0.000050717
3716,3716,right,0.438136853,-0.199912655,0.983464169,0.000000,0.000000,0.000000,0.000000,0.500000,0.021892937,0.022119835
3717,3717,left,0.520150401,0.014566954,0.819452246,1.714514,4.143415,0.000319,4.484133,0.000000,-0.000050035,0.000050063
3717,3717,right,0.438136853,-0.199912655,0.983464169,0.000000,0.000000,0.000000,0.000000,0.500000,0.021892937,0.022119835
3718,3718,left,0.521877932,0.018740169,0.819453018,1.727531,4.173215,0.000772,4.516646,0.000000,-0.000049358,0.000049386
3718,3718,right,0.438136853,-0.199912655,0.983464169,0.000000,0.000000,0.000000,0.000000,0.500000,0.021892937,0.022119835
3719,3719,left,0.523616265,0.022940781,0.819453364,1.738333,4.200612,0.000346,4.546091,0.000000,-0.000048660,0.000048687
3719,3719,right,0.438136853,-0.199912655,0.983464169,0.000000,0.000000,0.000000,0.000000,0.500000,0.021892937,0.022119835
3720,3720,left,0.525364763,0.027165401,0.819453660,1.748498,4.224620,0.000297,4.572161,0.000000,-0.000047940,0.000047966
3720,3720,right,0.438136853,-0.199912655,0.983464169,0.000000,0.000000,0.000000,0.000000,0.500000,0.021892937,0.022119835
3721,3721,left,0.527122072,0.031411097,0.819454118,1.757308,4.245696,0.000458,4.595005,0.000000,-0.000047200,0.000047225
3721,3721,right,0.438136853,-0.199912655,0.983464169,0.000000,0.000000,0.000000,0.000000,0.500000,0.021892937,0.022119835
3722,3722,left,0.528887201,0.035675303,0.819454161,1.765129,4.264206,0.000044,4.615098,0.000000,-0.000046439,0.000046464
3722,3722,right,0.438136853,-0.199912655,0.983464169,0.000000,0.000000,0.000000,0.000000,0.500000,0.021892937,0.022119835
3723,3723,left,0.530658712,0.039954640,0.819454579,1.771511,4.279337,0.000417,4.631520,0.000000,-0.000045659,0.000045684
3723,3723,right,0.438136853,-0.199912655,0.983464169,0.000000,0.000000,0.000000,0.000000,0.500000,0.021892937,0.022119835
3724,3724,left,0.532435007,0.044245878,0.819454808,1.776295,4.291239,0.000229,4.644346,0.000000,-0.000044861,0.000044885
3724,3724,right,0.438136853,-0.199912655,0.983464169,0.000000,0.000000,0.000000,0.000000,0.500000,0.021892937,0.022119835
3725,3725,left,0.534215149,0.048546394,0.819455094,1.780142,4.300515,0.000286,4.654389,0.000000,-0.000044046,0.000044069
3725,3725,right,0.438136853,-0.199912655,0.983464169,0.000000,0.000000,0.000000,0.000000,0.500000,0.021892937,0.022119835
3726,3726,left,0.535997986,0.052852931,0.819455392,1.782837,4.306538,0.000298,4.660984,0.000000,-0.000043214,0.000043236
3726,3726,right,0.438136853,-0.199912655,0.983464169,0.000000,0.000000,0.000000,0.000000,0.500000,0.021892937,0.022119835
3727,3727,left,0.537782286,0.057162605,0.819455150,1.784300,4.309674,-0.000242,4.664442,0.000000,-0.000042367,0.000042389
3727,3727,right,0.438136853,-0.199912655,0.983464169,0.000000,0.000000,0.000000,0.000000,0.500000,0.021892937,0.022119835
3728,3728,left,0.539566486,0.061472146,0.819455630,1.784200,4.309541,0.000481,4.664281,0.000000,-0.000041505,0.000041527
3728,3728,right,0.438136853,-0.199912655,0.983464169,0.000000,0.000000,0.000000,0.000000,0.500000,0.021892937,0.022119835
3729,3729,left,0.541349381,0.065778577,0.819455272,1.782896,4.306430,-0.000358,4.660908,0.000000,-0.000040631,0.000040653
3729,3729,right,0.438136853,-0.199912655,0.983464169,0.000000,0.000000,0.000000,0.000000,0.500000,0.021892937,0.022119835
3730,3730,left,0.543130031,0.070078812,0.819455575,1.780649,4.300235,0.000303,4.654324,0.000000,-0.000039746,0.000039767
3730,3730,right,0.438136853,-0.199912655,0.983464169,0.000000,0.000000,0.000000,0.000000,0.500000,0.021892937,0.022119835
3731,3731,left,0.544906799,0.074369716,0.819455406,1.776769,4.290904,-0.000169,4.644219,0.000000,-0.000038850,0.000038872
3731,3731,right,0.438136853,-0.199912655,0.983464169,0.000000,0.000000,0.000000,0.000000,0.500000,0.021892937,0.022119835
3732,3732,left,0.546678554,0.078648482,0.819455467,1.771755,4.278766,0.000061,4.631085,0.000000,-0.000037946,0.000037967
3732,3732,right,0.438136853,-0.199912655,0.983464169,0.000000,0.000000,0.000000,0.000000,0.500000,0.021892937,0.022119835
3733,3733,left,0.548444097,0.082911991,0.819455186,1.765543,4.263509,-0.000282,4.614613,0.000000,-0.000037034,0.000037055
3733,3733,right,0.438136853,-0.199912655,0.983464169,0.000000,0.000000,0.000000,0.000000,0.500000,0.021892937,0.022119835
3734,3734,left,0.550202153,0.087156996,0.819454974,1.758056,4.245005,-0.000212,4.594652,0.000000,-0.000036116,0.000036137
3734,3734,right,0.438136853,-0.199912655,0.983464169,0.000000,0.000000,0.000000,0.000000,0.500000,0.021892937,0.022119835
3735,3735,left,0.551951539,0.091380953,0.819455070,1.749386,4.223956,0.000097,4.571888,0.000000,-0.000035194,0.000035214
3735,3735,right,0.438136853,-0.199912655,0.983464169,0.000000,0.000000,0.000000,0.000000,0.500000,0.021892937,0.022119835
3736,3736,left,0.553690547,0.095580450,0.819454580,1.739008,4.199498,-0.000491,4.545319,0.000000,-0.000034268,0.000034289
3736,3736,right,0.438136853,-0.199912655,0.983464169,0.000000,0.000000,0.000000,0.000000,0.500000,0.021892937,0.022119835
3737,3737,left,0.555418939,0.099752680,0.819454672,1.728392,4.172230,0.000092,4.516065,0.000000,-0.000033341,0.000033361
3737,3737,right,0.438136853,-0.199912655,0.983464169,0.000000,0.000000,0.000000,0.000000,0.500000,0.021892937,0.022119835
3738,3738,left,0.557134676,0.103894988,0.819454163,1.715737,4.142308,-0.000509,4.483577,0.000000,-0.000032414,0.000032434
3738,3738,right,0.438136853,-0.199912655,0.983464169,0.000000,0.000000,0.000000,0.000000,0.500000,0.021892937,0.022119835
3739,3739,left,0.558836721,0.108004050,0.819453792,1.702045,4.109063,-0.000371,4.447623,0.000000,-0.000031488,0.000031508
3739,3739,right,0.438136853,-0.199912655,0.983464169,0.000000,0.000000,0.000000,0.000000,0.500000,0.021892937,0.022119835
3740,3740,left,0.560524099,0.112077305,0.819453413,1.687378,4.073255,-0.000378,4.408929,0.000000,-0.000030565,0.000030585
3740,3740,right,0.438136853,-0.199912655,0.983464169,0.000000,0.000000,0.000000,0.000000,0.500000,0.021892937,0.022119835
3741,3741,left,0.562195193,0.116112068,0.819453070,1.671094,4.034763,-0.000344,4.367135,0.000000,-0.000029645,0.000029665
3741,3741,right,0.438136853,-0.199912655,0.983464169,0.000000,0.000000,0.000000,0.000000,0.500000,0.021892937,0.022119835
3742,3742,left,0.563849533,0.120105204,0.819452522,1.654341,3.993136,-0.000548,4.322265,0.000000,-0.000028731,0.000028751
3742,3742,right,0.438136853,-0.199912655,0.983464169,0.000000,0.000000,0.000000,0.000000,0.500000,0.021892937,0.022119835
3743,3743,left,0.565485840,0.124054115,0.819451930,1.636306,3.948912,-0.000592,4.274506,0.000000,-0.000027824,0.000027844
3743,3743,right,0.438136853,-0.199912655,0.983464169,0.000000,0.000000,0.000000,0.000000,0.500000,0.021892937,0.022119835
3744,3744,left,0.567102605,0.127956360,0.819451546,1.616766,3.902244,-0.000384,4.223913,0.000000,-0.000026925,0.000026945
3744,3744,right,0.438136853,-0.199912655,0.983464169,0.000000,0.000000,0.000000,0.000000,0.500000,0.021892937,0.022119835
3745,3745,left,0.568698951,0.131809269,0.819450939,1.596345,3.852909,-0.000607,4.170519,0.000000,-0.000026035,0.000026055
3745,3745,right,0.438136853,-0.199912655,0.983464169,0.000000,0.000000,0.000000,0.000000,0.500000,0.021892937,0.022119835
3746,3746,left,0.570273790,0.135610036,0.819450537,1.574839,3.800767,-0.000402,4.114116,0.000000,-0.000025156,0.000025176
3746,3746,right,0.438136853,-0.199912655,0.983464169,0.000000,0.000000,0.000000,0.000000,0.500000,0.021892937,0.022119835
3747,3747,left,0.571826278,0.139356339,0.819450121,1.552488,3.746303,-0.000416,4.055244,0.000000,-0.000024288,0.000024308
3747,3747,right,0.438136853,-0.199912655,0.983464169,0.000000,0.000000,0.000000,0.000000,0.500000,0.021892937,0.022119835
3748,3748,left,0.573355103,0.143045529,0.819449646,1.528825,3.689189,-0.000475,3.993423,0.000000,-0.000023433,0.000023453
3748,3748,right,0.438136853,-0.199912655,0.983464169,0.000000,0.000000,0.000000,0.000000,0.500000,0.021892937,0.022119835
3749,3749,left,0.574859234,0.146675709,0.819448735,1.504131,3.630181,-0.000911,3.929456,0.000000,-0.000022592,0.000022612
3749,3749,right,0.438136853,-0.199912655,0.983464169,0.000000,0.000000,0.000000,0.000000,0.500000,0.021892937,0.022119835
3750,3750,left,0.576338206,0.150244268,0.819448466,1.478972,3.568559,-0.000269,3.862897,0.000000,-0.000021765,0.000021785
3750,3750,right,0.438136853,-0.199912655,0.983464169,0.000000,0.000000,0.000000,0.000000,0.500000,0.021892937,0.022119835
3751,3751,left,0.577790551,0.153748916,0.819447759,1.452345,3.504647,-0.000707,3.793660,0.000000,-0.000020954,0.000020974
3751,3751,right,0.438136853,-0.199912655,0.983464169,0.000000,0.000000,0.000000,0.000000,0.500000,0.021892937,0.022119835
3752,3752,left,0.579215803,0.157187488,0.819446863,1.425252,3.438572,-0.000897,3.722247,0.000000,-0.000020159,0.000020179
3752,3752,right,0.438136853,-0.199912655,0.983464169,0.000000,0.000000,0.000000,0.000000,0.500000,0.021892937,0.022119835
3753,3753,left,0.580612761,0.160557879,0.819446405,1.396958,3.370392,-0.000458,3.648429,0.000000,-0.000019381,0.000019402
3753,3753,right,0.438136853,-0.199912655,0.983464169,0.000000,0.000000,0.000000,0.000000,0.500000,0.021892937,0.022119835
3754,3754,left,0.581980671,0.163858284,0.819445714,1.367910,3.300405,-0.000691,3.572653,0.000000,-0.000018621,0.000018642
3754,3754,right,0.438136853,-0.199912655,0.983464169,0.000000,0.000000,0.000000,0.000000,0.500000,0.021892937,0.022119835
3755,3755,left,0.583319057,0.167086589,0.819445263,1.338386,3.228305,-0.000451,3.494743,0.000000,-0.000017880,0.000017900
3755,3755,right,0.438136853,-0.199912655,0.983464169,0.000000,0.000000,0.000000,0.000000,0.500000,0.021892937,0.022119835
3756,3756,left,0.584626694,0.170241135,0.819444617,1.307637,3.154546,-0.000646,3.414831,0.000000,-0.000017157,0.000017178
3756,3756,right,0.438136853,-0.199912655,0.983464169,0.000000,0.000000,0.000000,0.000000,0.500000,0.021892937,0.022119835
3757,3757,left,0.585902945,0.173320190,0.819443926,1.276251,3.079055,-0.000691,3.333076,0.000000,-0.000016454,0.000016475
3757,3757,right,0.438136853,-0.199912655,0.983464169,0.000000,0.000000,0.000000,0.000000,0.500000,0.021892937,0.022119835
3758,3758,left,0.587147624,0.176321777,0.819443137,1.244679,3.001587,-0.000789,3.249423,0.000000,-0.000015771,0.000015792
3758,3758,right,0.438136853,-0.199912655,0.983464169,0.000000,0.000000,0.000000,0.000000,0.500000,0.021892937,0.022119835
3759,3759,left,0.588359391,0.179244710,0.819442311,1.211767,2.922933,-0.000826,3.164161,0.000000,-0.000015109,0.000015130
3759,3759,right,0.438136853,-0.199912655,0.983464169,0.000000,0.000000,0.000000,0.000000,0.500000,0.021892937,0.022119835
3760,3760,left,0.589538138,0.182087504,0.819441886,1.178748,2.842794,-0.000425,3.077487,0.000000,-0.000014467,0.000014488
3760,3760,right,0.438136853,-0.199912655,0.983464169,0.000000,0.000000,0.000000,0.000000,0.500000,0.021892937,0.022119835
3761,3761,left,0.590683073,0.184848758,0.819441321,1.144934,2.761253,-0.000565,2.989213,0.000000,-0.000013846,0.000013867
3761,3761,right,0.438136853,-0.199912655,0.983464169,0.000000,0.000000,0.000000,0.000000,0.500000,0.021892937,0.022119835
3762,3762,left,0.591793662,0.187527173,0.819440575,1.110589,2.678415,-0.000746,2.899537,0.000000,-0.000013246,0.000013267
3762,3762,right,0.438136853,-0.199912655,0.983464169,0.000000,0.000000,0.000000,0.000000,0.500000,0.021892937,0.022119835
3763,3763,left,0.592869522,0.190121749,0.819439947,1.075860,2.594576,-0.000628,2.808790,0.000000,-0.000012667,0.000012689
3763,3763,right,0.438136853,-0.199912655,0.983464169,0.000000,0.000000,0.000000,0.000000,0.500000,0.021892937,0.022119835
3764,3764,left,0.593910517,0.192631654,0.819439217,1.040995,2.509905,-0.000730,2.717222,0.000000,-0.000012110,0.000012131
3764,3764,right,0.438136853,-0.199912655,0.983464169,0.000000,0.000000,0.000000,0.000000,0.500000,0.021892937,0.022119835
3765,3765,left,0.594915696,0.195055770,0.819438795,1.005179,2.424116,-0.000423,2.624257,0.000000,-0.000011574,0.000011596
3765,3765,right,0.438136853,-0.199912655,0.983464169,0.000000,0.000000,0.000000,0.000000,0.500000,0.021892937,0.022119835
3766,3766,left,0.595885122,0.197393121,0.819438222,0.969426,2.337351,-0.000573,2.530414,0.000000,-0.000011060,0.000011082
3766,3766,right,0.438136853,-0.199912655,0.983464169,0.000000,0.000000,0.000000,0.000000,0.500000,0.021892937,0.022119835
3767,3767,left,0.596818445,0.199643264,0.819437624,0.933323,2.250144,-0.000598,2.436029,0.000000,-0.000010567,0.000010589
3767,3767,right,0.438136853,-0.199912655,0.983464169,0.000000,0.000000,0.000000,0.000000,0.500000,0.021892937,0.022119835
3768,3768,left,0.597715778,0.201805703,0.819437442,0.897333,2.162439,-0.000182,2.341228,0.000000,-0.000010096,0.000010117
3768,3768,right,0.438136853,-0.199912655,0.983464169,0.000000,0.000000,0.000000,0.000000,0.500000,0.021892937,0.022119835
3769,3769,left,0.598576273,0.203880091,0.819436933,0.860495,2.074388,-0.000508,2.245782,0.000000,-0.000009646,0.000009667
3769,3769,right,0.438136853,-0.199912655,0.983464169,0.000000,0.000000,0.000000,0.000000,0.500000,0.021892937,0.022119835
3770,3770,left,0.599400281,0.205866284,0.819436264,0.824008,1.986193,-0.000669,2.150338,0.000000,-0.000009217,0.000009238
3770,3770,right,0.438136853,-0.199912655,0.983464169,0.000000,0.000000,0.000000,0.000000,0.500000,0.021892937,0.022119835
3771,3771,left,0.600187652,0.207763881,0.819436079,0.787370,1.897597,-0.000185,2.054465,0.000000,-0.000008809,0.000008830
3771,3771,right,0.438136853,-0.199912655,0.983464169,0.000000,0.000000,0.000000,0.000000,0.500000,0.021892937,0.022119835
3772,3772,left,0.600862813,0.209535978,0.819426528,0.675161,1.772097,-0.009551,1.896357,0.000000,-0.000008434,0.000008455
3772,3772,right,0.438136853,-0.199912655,0.983464169,0.000000,0.000000,0.000000,0.000000,0.500000,0.021892937,0.022119835
3773,3773,left,0.601650931,0.211294476,0.819434936,0.788118,1.758498,0.008408,1.927031,0.000000,-0.000008055,0.000008076
3773,3773,right,0.438136853,-0.199912655,0.983464169,0.000000,0.000000,0.000000,0.000000,0.500000,0.021892937,0.022119835
3774,3774,left,0.602260354,0.212893500,0.819426615,0.609423,1.599024,-0.008321,1.711220,0.000000,-0.000007719,0.000007741
3774,3774,right,0.438136853,-0.199912655,0.983464169,0.000000,0.000000,0.000000,0.000000,0.500000,0.021892937,0.022119835
3775,3775,left,0.602894529,0.214441035,0.819424742,0.634175,1.547536,-0.001873,1.672437,0.000000,-0.000007392,0.000007414
3775,3775,right,0.438136853,-0.199912655,0.983464169,0.000000,0.000000,0.000000,0.000000,0.500000,0.021892937,0.022119835
3776,3776,left,0.603502200,0.215901645,0.819424852,0.607671,1.460610,0.000111,1.581975,0.000000,-0.000007084,0.000007106
3776,3776,right,0.438136853,-0.199912655,0.983464169,0.000000,0.000000,0.000000,0.000000,0.500000,0.021892937,0.022119835
3777,3777,left,0.604075328,0.217276087,0.819424766,0.573129,1.374442,-0.000087,1.489150,0.000000,-0.000006795,0.000006817
3777,3777,right,0.438136853,-0.199912655,0.983464169,0.000000,0.000000,0.000000,0.000000,0.500000,0.021892937,0.022119835
3778,3778,left,0.604613529,0.218565374,0.819424680,0.538201,1.289287,-0.000086,1.397112,0.000000,-0.000006526,0.000006547
3778,3778,right,0.438136853,-0.199912655,0.983464169,0.000000,0.000000,0.000000,0.000000,0.500000,0.021892937,0.022119835
3779,3779,left,0.605117161,0.219770684,0.819424880,0.503631,1.205310,0.000200,1.306299,0.000000,-0.000006274,0.000006296
3779,3779,right,0.438136853,-0.199912655,0.983464169,0.000000,0.000000,0.000000,0.000000,0.500000,0.021892937,0.022119835
3780,3780,left,0.605586588,0.220893285,0.819425236,0.469427,1.122601,0.000356,1.216797,0.000000,-0.000006041,0.000006063
3780,3780,right,0.438136853,-0.199912655,0.983464169,0.000000,0.000000,0.000000,0.000000,0.500000,0.021892937,0.022119835
3781,3781,left,0.606022203,0.221934472,0.819425501,0.435615,1.041187,0.000265,1.128641,0.000000,-0.000005825,0.000005847
3781,3781,right,0.438136853,-0.199912655,0.983464169,0.000000,0.000000,0.000000,0.000000,0.500000,0.021892937,0.022119835
3782,3782,left,0.606424999,0.222896131,0.819425914,0.402796,0.961659,0.000413,1.042608,0.000000,-0.000005626,0.000005648
3782,3782,right,0.438136853,-0.199912655,0.983464169,0.000000,0.000000,0.000000,0.000000,0.500000,0.021892937,0.022119835
3783,3783,left,0.606795379,0.223779680,0.819426190,0.370380,0.883549,0.000276,0.958040,0.000000,-0.000005444,0.000005466
3783,3783,right,0.438136853,-0.199912655,0.983464169,0.000000,0.000000,0.000000,0.000000,0.500000,0.021892937,0.022119835
3784,3784,left,0.607134203,0.224587498,0.819426630,0.338824,0.807818,0.000440,0.875997,0.000000,-0.000005278,0.000005300
3784,3784,right,0.438136853,-0.199912655,0.983464169,0.000000,0.000000,0.000000,0.000000,0.500000,0.021892937,0.022119835
3785,3785,left,0.607442218,0.225321385,0.819426840,0.308014,0.733887,0.000210,0.795904,0.000000,-0.000005128,0.000005149
3785,3785,right,0.438136853,-0.199912655,0.983464169,0.000000,0.000000,0.000000,0.000000,0.500000,0.021892937,0.022119835
3786,3786,left,0.607720720,0.225983907,0.819427234,0.278503,0.662522,0.000394,0.718679,0.000000,-0.000004992,0.000005014
3786,3786,right,0.438136853,-0.199912655,0.983464169,0.000000,0.000000,0.000000,0.000000,0.500000,0.021892937,0.022119835
3787,3787,left,0.607970657,0.226577390,0.819427890,0.249936,0.593483,0.000656,0.643964,0.000000,-0.000004871,0.000004892
3787,3787,right,0.438136853,-0.199912655,0.983464169,0.000000,0.000000,0.000000,0.000000,0.500000,0.021892937,0.022119835
3788,3788,left,0.608192800,0.227104695,0.819427990,0.222144,0.527305,0.000100,0.572188,0.000000,-0.000004763,0.000004785
3788,3788,right,0.438136853,-0.199912655,0.983464169,0.000000,0.000000,0.000000,0.000000,0.500000,0.021892937,0.022119835
3789,3789,left,0.608388797,0.227568699,0.819428382,0.195997,0.464004,0.000392,0.503701,0.000000,-0.000004669,0.000004690
3789,3789,right,0.438136853,-0.199912655,0.983464169,0.000000,0.000000,0.000000,0.000000,0.500000,0.021892937,0.022119835
3790,3790,left,0.608559705,0.227972600,0.819428902,0.170908,0.403901,0.000520,0.438572,0.000000,-0.000004587,0.000004608
3790,3790,right,0.438136853,-0.199912655,0.983464169,0.000000,0.000000,0.000000,0.000000,0.500000,0.021892937,0.022119835
3791,3791,left,0.608706892,0.228319493,0.819429302,0.147186,0.346893,0.000401,0.376827,0.000000,-0.000004516,0.000004538
3791,3791,right,0.438136853,-0.199912655,0.983464169,0.000000,0.000000,0.000000,0.000000,0.500000,0.021892937,0.022119835
3792,3792,left,0.608831651,0.228613016,0.819429726,0.124759,0.293523,0.000423,0.318936,0.000000,-0.000004457,0.000004478
3792,3792,right,0.438136853,-0.199912655,0.983464169,0.000000,0.000000,0.000000,0.000000,0.500000,0.021892937,0.022119835
3793,3793,left,0.608935394,0.228856901,0.819430170,0.103743,0.243885,0.000444,0.265034,0.000000,-0.000004407,0.000004429
3793,3793,right,0.438136853,-0.199912655,0.983464169,0.000000,0.000000,0.000000,0.000000,0.500000,0.021892937,0.022119835
3794,3794,left,0.609020259,0.229055103,0.819430467,0.084865,0.198202,0.000298,0.215607,0.000000,-0.000004367,0.000004388
3794,3794,right,0.438136853,-0.199912655,0.983464169,0.000000,0.000000,0.000000,0.000000,0.500000,0.021892937,0.022119835
3795,3795,left,0.609087569,0.229211764,0.819430741,0.067310,0.156660,0.000274,0.170508,0.000000,-0.000004335,0.000004357
3795,3795,right,0.438136853,-0.199912655,0.983464169,0.000000,0.000000,0.000000,0.000000,0.500000,0.021892937,0.022119835
3796,3796,left,0.609139294,0.229331402,0.819431160,0.051724,0.119638,0.000418,0.130341,0.000000,-0.000004311,0.000004332
3796,3796,right,0.438136853,-0.199912655,0.983464169,0.000000,0.000000,0.000000,0.000000,0.500000,0.021892937,0.022119835
3797,3797,left,0.609139294,0.229331402,0.819431160,0.000000,0.000000,0.000000,0.000000,0.000000,-0.000004311,0.000004332
3797,3797,right,0.438136853,-0.199912655,0.983464169,0.000000,0.000000,0.000000,0.000000,0.500000,0.021892937,0.022119835
3798,3798,left,0.609198176,0.229475562,0.819431223,0.058882,0.144160,0.000064,0.155721,0.000000,-0.000004282,0.000004303
3798,3798,right,0.438136853,-0.199912655,0.983464169,0.000000,0.000000,0.000000,0.000000,0.500000,0.021892937,0.022119835
3799,3799,left,0.609198176,0.229475562,0.819431223,0.000000,0.000000,0.000000,0.000000,0.000000,-0.000004282,0.000004303
3799,3799,right,0.438136853,-0.199912655,0.983464169,0.000000,0.000000,0.000000,0.000000,0.500000,0.021892937,0.022119835
3800,3800,left,0.609198176,0.229475562,0.819431223,0.000000,0.000000,0.000000,0.000000,0.000000,-0.000004282,0.000004303
3800,3800,right,0.438136853,-0.199912655,0.983464169,0.000000,0.000000,0.000000,0.000000,0.500000,0.021892937,0.022119835
3801,3801,left,0.609198176,0.229475562,0.819431223,0.000000,0.000000,0.000000,0.000000,0.000000,-0.000004282,0.000004303
3801,3801,right,0.438136853,-0.199912655,0.983464169,0.000000,0.000000,0.000000,0.000000,0.500000,0.021892937,0.022119835
3802,3802,left,0.609198176,0.229475562,0.819431223,0.000000,0.000000,0.000000,0.000000,0.000000,-0.000004282,0.000004303
3802,3802,right,0.438136853,-0.199912655,0.983464169,0.000000,0.000000,0.000000,0.000000,0.500000,0.021892937,0.022119835
3803,3803,left,0.609198176,0.229475562,0.819431223,0.000000,0.000000,0.000000,0.000000,0.000000,-0.000004282,0.000004303
3803,3803,right,0.438136853,-0.199912655,0.983464169,0.000000,0.000000,0.000000,0.000000,0.500000,0.021892937,0.022119835
3804,3804,left,0.609198176,0.229475562,0.819431223,0.000000,0.000000,0.000000,0.000000,0.000000,-0.000004282,0.000004303
3804,3804,right,0.438136853,-0.199912655,0.983464169,0.000000,0.000000,0.000000,0.000000,0.500000,0.021892937,0.022119835
3805,3805,left,0.609198176,0.229475562,0.819431223,0.000000,0.000000,0.000000,0.000000,0.000000,-0.000004282,0.000004303
3805,3805,right,0.438136853,-0.199912655,0.983464169,0.000000,0.000000,0.000000,0.000000,0.500000,0.021892937,0.022119835
3806,3806,left,0.609227364,0.229540212,0.819495052,0.029189,0.064650,0.063829,0.070934,0.000000,-0.000004268,0.000004289
3806,3806,right,0.438136853,-0.199912655,0.983464169,0.000000,0.000000,0.000000,0.000000,0.500000,0.021892937,0.022119835
3807,3807,left,0.609227364,0.229540212,0.819495052,0.000000,0.000000,0.000000,0.000000,0.000000,-0.000004268,0.000004289
3807,3807,right,0.438136853,-0.199912655,0.983464169,0.000000,0.000000,0.000000,0.000000,0.500000,0.021892937,0.022119835
3808,3808,left,0.609229544,0.229541854,0.819641438,0.002179,0.001643,0.146386,0.002729,0.000000,-0.000004265,0.000004287
3808,3808,right,0.438136853,-0.199912655,0.983464169,0.000000,0.000000,0.000000,0.000000,0.500000,0.021892937,0.022119835
3809,3809,left,0.609230349,0.229541819,0.819762046,0.000805,-0.000035,0.120608,0.000806,0.000000,-0.000004263,0.000004285
3809,3809,right,0.438136853,-0.199912655,0.983464169,0.000000,0.000000,0.000000,0.000000,0.500000,0.021892937,0.022119835
3810,3810,left,0.609229865,0.229541832,0.819917022,-0.000484,0.000013,0.154977,0.000484,0.000000,-0.000004261,0.000004282
3810,3810,right,0.438136853,-0.199912655,0.983464169,0.000000,0.000000,0.000000,0.000000,0.500000,0.021892937,0.022119835
3811,3811,left,0.609229081,0.229541947,0.820110935,-0.000783,0.000116,0.193912,0.000792,0.000000,-0.000004258,0.000004280
3811,3811,right,0.438136853,-0.199912655,0.983464169,0.000000,0.000000,0.000000,0.000000,0.500000,0.021892937,0.022119835
3812,3812,left,0.609228043,0.229542007,0.820347311,-0.001038,0.000060,0.236377,0.001040,0.000000,-0.000004255,0.000004276
3812,3812,right,0.438136853,-0.199912655,0.983464169,0.000000,0.000000,0.000000,0.000000,0.500000,0.021892937,0.022119835
3813,3813,left,0.609226911,0.229542051,0.820629122,-0.001132,0.000044,0.281811,0.001133,0.000000,-0.000004251,0.000004272
3813,3813,right,0.438136853,-0.199912655,0.983464169,0.000000,0.000000,0.000000,0.000000,0.500000,0.021892937,0.022119835
3814,3814,left,0.609226035,0.229542107,0.820958981,-0.000875,0.000056,0.329859,0.000877,0.000000,-0.000004246,0.000004267
3814,3814,right,0.438136853,-0.199912655,0.983464169,0.000000,0.000000,0.000000,0.000000,0.500000,0.021892937,0.022119835
3815,3815,left,0.609224541,0.229542118,0.821338467,-0.001494,0.000011,0.379486,0.001494,0.000000,-0.000004240,0.000004262
3815,3815,right,0.438136853,-0.199912655,0.983464169,0.000000,0.000000,0.000000,0.000000,0.500000,0.021892937,0.022119835
3816,3816,left,0.609223334,0.229542245,0.821770670,-0.001207,0.000128,0.432203,0.001213,0.000000,-0.000004234,0.000004255
3816,3816,right,0.438136853,-0.199912655,0.983464169,0.000000,0.000000,0.000000,0.000000,0.500000,0.021892937,0.022119835
3817,3817,left,0.609221936,0.229542321,0.822256042,-0.001398,0.000076,0.485371,0.001400,0.000000,-0.000004227,0.000004248
3817,3817,right,0.438136853,-0.199912655,0.983464169,0.000000,0.000000,0.000000,0.000000,0.500000,0.021892937,0.022119835
3818,3818,left,0.609220408,0.229542405,0.822796105,-0.001528,0.000084,0.540064,0.001530,0.000000,-0.000004219,0.000004240
3818,3818,right,0.438136853,-0.199912655,0.983464169,0.000000,0.000000,0.000000,0.000000,0.500000,0.021892937,0.022119835
3819,3819,left,0.609218994,0.229542411,0.823391831,-0.001415,0.000006,0.595725,0.001415,0.000000,-0.000004210,0.000004231
3819,3819,right,0.438136853,-0.199912655,0.983464169,0.000000,0.000000,0.000000,0.000000,0.500000,0.021892937,0.022119835
3820,3820,left,0.609217681,0.229542544,0.824044277,-0.001312,0.000133,0.652446,0.001319,0.000000,-0.000004200,0.000004222
3820,3820,right,0.438136853,-0.199912655,0.983464169,0.000000,0.000000,0.000000,0.000000,0.500000,0.021892937,0.022119835
3821,3821,left,0.609216233,0.229542622,0.824753373,-0.001448,0.000078,0.709096,0.001450,0.000000,-0.000004189,0.000004211
3821,3821,right,0.438136853,-0.199912655,0.983464169,0.000000,0.000000,0.000000,0.000000,0.500000,0.021892937,0.022119835
3822,3822,left,0.609214579,0.229542717,0.825519939,-0.001654,0.000095,0.766566,0.001657,0.000000,-0.000004178,0.000004200
3822,3822,right,0.438136853,-0.199912655,0.983464169,0.000000,0.000000,0.000000,0.000000,0.500000,0.021892937,0.022119835
3823,3823,left,0.609212984,0.229542782,0.826342772,-0.001595,0.000065,0.822833,0.001596,0.000000,-0.000004166,0.000004187
3823,3823,right,0.438136853,-0.199912655,0.983464169,0.000000,0.000000,0.000000,0.000000,0.500000,0.021892937,0.022119835
3824,3824,left,0.609211429,0.229542866,0.827222235,-0.001555,0.000084,0.879463,0.001557,0.000000,-0.000004152,0.000004174
3824,3824,right,0.438136853,-0.199912655,0.983464169,0.000000,0.000000,0.000000,0.000000,0.500000,0.021892937,0.022119835
3825,3825,left,0.609209722,0.229542965,0.828157776,-0.001707,0.000098,0.935541,0.001709,0.000000,-0.000004138,0.000004160
3825,3825,right,0.438136853,-0.199912655,0.983464169,0.000000,0.000000,0.000000,0.000000,0.500000,0.021892937,0.022119835
3826,3826,left,0.609208083,0.229543065,0.829148267,-0.001640,0.000101,0.990491,0.001643,0.000000,-0.000004123,0.000004145
3826,3826,right,0.438136853,-0.199912655,0.983464169,0.000000,0.000000,0.000000,0.000000,0.500000,0.021892937,0.022119835
3827,3827,left,0.609206272,0.229543137,0.830192862,-0.001810,0.000072,1.044595,0.001811,0.000000,-0.000004107,0.000004129
3827,3827,right,0.438136853,-0.199912655,0.983464169,0.000000,0.000000,0.000000,0.000000,0.500000,0.021892937,0.022119835
3828,3828,left,0.609204624,0.229543236,0.831290421,-0.001648,0.000099,1.097559,0.001651,0.000000,-0.000004090,0.000004112
3828,3828,right,0.438136853,-0.199912655,0.983464169,0.000000,0.000000,0.000000,0.000000,0.500000,0.021892937,0.022119835
3829,3829,left,0.609202735,0.229543343,0.832439032,-0.001890,0.000108,1.148611,0.001893,0.000000,-0.000004072,0.000004094
3829,3829,right,0.438136853,-0.199912655,0.983464169,0.000000,0.000000,0.000000,0.000000,0.500000,0.021892937,0.022119835
3830,3830,left,0.609201249,0.229543415,0.833637647,-0.001486,0.000072,1.198615,0.001488,0.000000,-0.000004054,0.000004076
3830,3830,right,0.438136853,-0.199912655,0.983464169,0.000000,0.000000,0.000000,0.000000,0.500000,0.021892937,0.022119835
3831,3831,left,0.609199487,0.229543501,0.834884226,-0.001761,0.000086,1.246579,0.001763,0.000000,-0.000004034,0.000004056
3831,3831,right,0.438136853,-0.199912655,0.983464169,0.000000,0.000000,0.000000,0.000000,0.500000,0.021892937,0.022119835
3832,3832,left,0.609197772,0.229543590,0.836177118,-0.001716,0.000089,1.292892,0.001718,0.000000,-0.000004014,0.000004036
3832,3832,right,0.438136853,-0.199912655,0.983464169,0.000000,0.000000,0.000000,0.000000,0.500000,0.021892937,0.022119835
3833,3833,left,0.609195940,0.229543699,0.837513557,-0.001831,0.000109,1.336438,0.001834,0.000000,-0.000003993,0.000004015
3833,3833,right,0.438136853,-0.199912655,0.983464169,0.000000,0.000000,0.000000,0.000000,0.500000,0.021892937,0.022119835
3834,3834,left,0.609194520,0.229543773,0.838891710,-0.001420,0.000075,1.378153,0.001422,0.000000,-0.000003971,0.000003993
3834,3834,right,0.438136853,-0.199912655,0.983464169,0.000000,0.000000,0.000000,0.000000,0.500000,0.021892937,0.022119835
3835,3835,left,0.609192785,0.229543867,0.840309122,-0.001736,0.000093,1.417412,0.001738,0.000000,-0.000003948,0.000003971
3835,3835,right,0.438136853,-0.199912655,0.983464169,0.000000,0.000000,0.000000,0.000000,0.500000,0.021892937,0.022119835
3836,3836,left,0.609191245,0.229543926,0.841763628,-0.001539,0.000060,1.454507,0.001541,0.000000,-0.000003925,0.000003947
3836,3836,right,0.438136853,-0.199912655,0.983464169,0.000000,0.000000,0.000000,0.000000,0.500000,0.021892937,0.022119835
3837,3837,left,0.609189660,0.229544037,0.843251935,-0.001586,0.000111,1.488306,0.001589,0.000000,-0.000003901,0.000003923
3837,3837,right,0.438136853,-0.199912655,0.983464169,0.000000,0.000000,0.000000,0.000000,0.500000,0.021892937,0.022119835
3838,3838,left,0.609188293,0.229544093,0.844771819,-0.001367,0.000056,1.519884,0.001368,0.000000,-0.000003876,0.000003898
3838,3838,right,0.438136853,-0.199912655,0.983464169,0.000000,0.000000,0.000000,0.000000,0.500000,0.021892937,0.022119835
3839,3839,left,0.609186577,0.229544181,0.846319778,-0.001716,0.000088,1.547959,0.001719,0.000000,-0.000003850,0.000003873
3839,3839,right,0.438136853,-0.199912655,0.983464169,0.000000,0.000000,0.000000,0.000000,0.500000,0.021892937,0.022119835
3840,3840,left,0.609185317,0.229544260,0.847893785,-0.001260,0.000079,1.574007,0.001263,0.000000,-0.000003824,0.000003847
3840,3840,right,0.438136853,-0.199912655,0.983464169,0.000000,0.000000,0.000000,0.000000,0.500000,0.021892937,0.022119835
3841,3841,left,0.609184168,0.229544307,0.849490088,-0.001148,0.000047,1.596304,0.001149,0.000000,-0.000003797,0.000003820
3841,3841,right,0.438136853,-0.199912655,0.983464169,0.000000,0.000000,0.000000,0.000000,0.500000,0.021892937,0.022119835
3842,3842,left,0.609182968,0.229544201,0.851106176,-0.001200,-0.000106,1.616088,0.001205,0.000000,-0.000003770,0.000003793
3842,3842,right,0.438136853,-0.199912655,0.983464169,0.000000,0.000000,0.000000,0.000000,0.500000,0.021892937,0.022119835
3843,3843,left,0.609181808,0.229544438,0.852738231,-0.001160,0.000237,1.632055,0.001184,0.000000,-0.000003743,0.000003765
3843,3843,right,0.438136853,-0.199912655,0.983464169,0.000000,0.000000,0.000000,0.000000,0.500000,0.021892937,0.022119835
3844,3844,left,0.609180966,0.229544468,0.854383644,-0.000842,0.000029,1.645413,0.000843,0.000000,-0.000003715,0.000003737
3844,3844,right,0.438136853,-0.199912655,0.983464169,0.000000,0.000000,0.000000,0.000000,0.500000,0.021892937,0.022119835
3845,3845,left,0.609179934,0.229544552,0.856038808,-0.001032,0.000084,1.655164,0.001036,0.000000,-0.000003686,0.000003709
3845,3845,right,0.438136853,-0.199912655,0.983464169,0.000000,0.000000,0.000000,0.000000,0.500000,0.021892937,0.022119835
3846,3846,left,0.609179268,0.229544572,0.857701042,-0.000665,0.000021,1.662235,0.000666,0.000000,-0.000003657,0.000003680
3846,3846,right,0.438136853,-0.199912655,0.983464169,0.000000,0.000000,0.000000,0.000000,0.500000,0.021892937,0.022119835
3847,3847,left,0.609178698,0.229544414,0.859366229,-0.000570,-0.000159,1.665187,0.000592,0.000000,-0.000003628,0.000003651
3847,3847,right,0.438136853,-0.199912655,0.983464169,0.000000,0.000000,0.000000,0.000000,0.500000,0.021892937,0.022119835
3848,3848,left,0.609178167,0.229544469,0.861031554,-0.000531,0.000055,1.665325,0.000534,0.000000,-0.000003599,0.000003622
3848,3848,right,0.438136853,-0.199912655,0.983464169,0.000000,0.000000,0.000000,0.000000,0.500000,0.021892937,0.022119835
3849,3849,left,0.609177901,0.229544463,0.862694007,-0.000266,-0.000006,1.662453,0.000266,0.000000,-0.000003569,0.000003593
3849,3849,right,0.438136853,-0.199912655,0.983464169,0.000000,0.000000,0.000000,0.000000,0.500000,0.021892937,0.022119835
3850,3850,left,0.609177617,0.229544470,0.864350016,-0.000284,0.000007,1.656009,0.000284,0.000000,-0.000003540,0.000003563
3850,3850,right,0.438136853,-0.199912655,0.983464169,0.000000,0.000000,0.000000,0.000000,0.500000,0.021892937,0.022119835
3851,3851,left,0.609177505,0.229544493,0.865995764,-0.000112,0.000024,1.645748,0.000114,0.000000,-0.000003510,0.000003534
3851,3851,right,0.438136853,-0.199912655,0.983464169,0.000000,0.000000,0.000000,0.000000,0.500000,0.021892937,0.022119835
3852,3852,left,0.609239714,0.229541132,0.867685977,0.062208,-0.003361,1.690213,0.062299,0.000000,-0.000003479,0.000003502
3852,3852,right,0.438136853,-0.199912655,0.983464169,0.000000,0.000000,0.000000,0.000000,0.500000,0.021892937,0.022119835
3853,3853,left,0.609191286,0.229543764,0.869250764,-0.048427,0.002632,1.564787,0.048499,0.000000,-0.000003451,0.000003474
3853,3853,right,0.438136853,-0.199912655,0.983464169,0.000000,0.000000,0.000000,0.000000,0.500000,0.021892937,0.022119835
3854,3854,left,0.609180975,0.229544315,0.870844235,-0.010312,0.000552,1.593471,0.010326,0.000000,-0.000003422,0.000003445
3854,3854,right,0.438136853,-0.199912655,0.983464169,0.000000,0.000000,0.000000,0.000000,0.500000,0.021892937,0.022119835
3855,3855,left,0.609242227,0.229540995,0.872475460,0.061252,-0.003320,1.631225,0.061342,0.000000,-0.000003391,0.000003414
3855,3855,right,0.438136853,-0.199912655,0.983464169,0.000000,0.000000,0.000000,0.000000,0.500000,0.021892937,0.022119835
3856,3856,left,0.609193913,0.229543625,0.873974197,-0.048314,0.002629,1.498737,0.048386,0.000000,-0.000003363,0.000003387
3856,3856,right,0.438136853,-0.199912655,0.983464169,0.000000,0.000000,0.000000,0.000000,0.500000,0.021892937,0.022119835
3857,3857,left,0.609183847,0.229544143,0.875491726,-0.010065,0.000519,1.517530,0.010079,0.000000,-0.000003335,0.000003359
3857,3857,right,0.438136853,-0.199912655,0.983464169,0.000000,0.000000,0.000000,0.000000,0.500000,0.021892937,0.022119835
3858,3858,left,0.609183175,0.229544195,0.876982053,-0.000672,0.000052,1.490327,0.000674,0.000000,-0.000003307,0.000003331
3858,3858,right,0.438136853,-0.199912655,0.983464169,0.000000,0.000000,0.000000,0.000000,0.500000,0.021892937,0.022119835
3859,3859,left,0.609184316,0.229544125,0.878438616,0.001140,-0.000070,1.456563,0.001143,0.000000,-0.000003279,0.000003303
3859,3859,right,0.438136853,-0.199912655,0.983464169,0.000000,0.000000,0.000000,0.000000,0.500000,0.021892937,0.022119835
3860,3860,left,0.609185982,0.229544033,0.879858732,0.001666,-0.000092,1.420116,0.001668,0.000000,-0.000003252,0.000003276
3860,3860,right,0.438136853,-0.199912655,0.983464169,0.000000,0.000000,0.000000,0.000000,0.500000,0.021892937,0.022119835
3861,3861,left,0.609187751,0.229543935,0.881239728,0.001769,-0.000098,1.380995,0.001771,0.000000,-0.000003225,0.000003249
3861,3861,right,0.438136853,-0.199912655,0.983464169,0.000000,0.000000,0.000000,0.000000,0.500000,0.021892937,0.022119835
3862,3862,left,0.609189901,0.229543846,0.882579731,0.002150,-0.000089,1.340003,0.002152,0.000000,-0.000003200,0.000003223
3862,3862,right,0.438136853,-0.199912655,0.983464169,0.000000,0.000000,0.000000,0.000000,0.500000,0.021892937,0.022119835
3863,3863,left,0.609192088,0.229543717,0.883875717,0.002187,-0.000129,1.295986,0.002191,0.000000,-0.000003174,0.000003198
3863,3863,right,0.438136853,-0.199912655,0.983464169,0.000000,0.000000,0.000000,0.000000,0.500000,0.021892937,0.022119835
3864,3864,left,0.609194604,0.229543586,0.885125222,0.002516,-0.000131,1.249505,0.002520,0.000000,-0.000003150,0.000003174
3864,3864,right,0.438136853,-0.199912655,0.983464169,0.000000,0.000000,0.000000,0.000000,0.500000,0.021892937,0.022119835
3865,3865,left,0.609197191,0.229543459,0.886327664,0.002587,-0.000128,1.202442,0.002590,0.000000,-0.000003126,0.000003150
3865,3865,right,0.438136853,-0.199912655,0.983464169,0.000000,0.000000,0.000000,0.000000,0.500000,0.021892937,0.022119835
3866,3866,left,0.609200018,0.229543242,0.887480250,0.002828,-0.000217,1.152586,0.002836,0.000000,-0.000003103,0.000003127
3866,3866,right,0.438136853,-0.199912655,0.983464169,0.000000,0.000000,0.000000,0.000000,0.500000,0.021892937,0.022119835
3867,3867,left,0.609202951,0.229543062,0.888581234,0.002933,-0.000180,1.100984,0.002938,0.000000,-0.000003081,0.000003105
3867,3867,right,0.438136853,-0.199912655,0.983464169,0.000000,0.000000,0.000000,0.000000,0.500000,0.021892937,0.022119835
3868,3868,left,0.609206023,0.229542906,0.889630117,0.003072,-0.000156,1.048883,0.003076,0.000000,-0.000003060,0.000003084
3868,3868,right,0.438136853,-0.199912655,0.983464169,0.000000,0.000000,0.000000,0.000000,0.500000,0.021892937,0.022119835
3869,3869,left,0.609209328,0.229542747,0.890624989,0.003304,-0.000159,0.994873,0.003308,0.000000,-0.000003040,0.000003064
3869,3869,right,0.438136853,-0.199912655,0.983464169,0.000000,0.000000,0.000000,0.000000,0.500000,0.021892937,0.022119835
3870,3870,left,0.609212756,0.229542635,0.891564452,0.003429,-0.000112,0.939463,0.003430,0.000000,-0.000003021,0.000003045
3870,3870,right,0.438136853,-0.199912655,0.983464169,0.000000,0.000000,0.000000,0.000000,0.500000,0.021892937,0.022119835
3871,3871,left,0.609216135,0.229542380,0.892447854,0.003379,-0.000256,0.883402,0.003388,0.000000,-0.000003003,0.000003028
3871,3871,right,0.438136853,-0.199912655,0.983464169,0.000000,0.000000,0.000000,0.000000,0.500000,0.021892937,0.022119835
3872,3872,left,0.609219906,0.229542263,0.893275508,0.003772,-0.000117,0.827654,0.003773,0.000000,-0.000002987,0.000003011
3872,3872,right,0.438136853,-0.199912655,0.983464169,0.000000,0.000000,0.000000,0.000000,0.500000,0.021892937,0.022119835
3873,3873,left,0.609223527,0.229541983,0.894046167,0.003620,-0.000280,0.770659,0.003631,0.000000,-0.000002971,0.000002995
3873,3873,right,0.438136853,-0.199912655,0.983464169,0.000000,0.000000,0.000000,0.000000,0.500000,0.021892937,0.022119835
3874,3874,left,0.609227339,0.229541855,0.894759611,0.003812,-0.000128,0.713444,0.003814,0.000000,-0.000002956,0.000002980
3874,3874,right,0.438136853,-0.199912655,0.983464169,0.000000,0.000000,0.000000,0.000000,0.500000,0.021892937,0.022119835
3875,3875,left,0.609230941,0.229541608,0.895416525,0.003602,-0.000247,0.656914,0.003611,0.000000,-0.000002943,0.000002967
3875,3875,right,0.438136853,-0.199912655,0.983464169,0.000000,0.000000,0.000000,0.000000,0.500000,0.021892937,0.022119835
3876,3876,left,0.609234473,0.229541411,0.896016207,0.003531,-0.000197,0.599682,0.003537,0.000000,-0.000002930,0.000002955
3876,3876,right,0.438136853,-0.199912655,0.983464169,0.000000,0.000000,0.000000,0.000000,0.500000,0.021892937,0.022119835
3877,3877,left,0.609238032,0.229541249,0.896561336,0.003559,-0.000162,0.545129,0.003563,0.000000,-0.000002919,0.000002943
3877,3877,right,0.438136853,-0.199912655,0.983464169,0.000000,0.000000,0.000000,0.000000,0.500000,0.021892937,0.022119835
3878,3878,left,0.609241969,0.229541024,0.897051027,0.003937,-0.000225,0.489691,0.003943,0.000000,-0.000002909,0.000002933
3878,3878,right,0.438136853,-0.199912655,0.983464169,0.000000,0.000000,0.000000,0.000000,0.500000,0.021892937,0.022119835
3879,3879,left,0.609245385,0.229540848,0.897486694,0.003416,-0.000176,0.435667,0.003421,0.000000,-0.000002900,0.000002924
3879,3879,right,0.438136853,-0.199912655,0.983464169,0.000000,0.000000,0.000000,0.000000,0.500000,0.021892937,0.022119835
3880,3880,left,0.609248943,0.229540642,0.897870784,0.003558,-0.000206,0.384091,0.003564,0.000000,-0.000002892,0.000002916
3880,3880,right,0.438136853,-0.199912655,0.983464169,0.000000,0.000000,0.000000,0.000000,0.500000,0.021892937,0.022119835
3881,3881,left,0.609252371,0.229540474,0.898204539,0.003428,-0.000168,0.333754,0.003432,0.000000,-0.000002885,0.000002909
3881,3881,right,0.438136853,-0.199912655,0.983464169,0.000000,0.000000,0.000000,0.000000,0.500000,0.021892937,0.022119835
3882,3882,left,0.609255522,0.229540299,0.898489774,0.003151,-0.000175,0.285235,0.003155,0.000000,-0.000002879,0.000002903
3882,3882,right,0.438136853,-0.199912655,0.983464169,0.000000,0.000000,0.000000,0.000000,0.500000,0.021892937,0.022119835
3883,3883,left,0.609258797,0.229540145,0.898729951,0.003275,-0.000154,0.240177,0.003279,0.000000,-0.000002874,0.000002898
3883,3883,right,0.438136853,-0.199912655,0.983464169,0.000000,0.000000,0.000000,0.000000,0.500000,0.021892937,0.022119835
3884,3884,left,0.609261651,0.229539991,0.898927253,0.002854,-0.000153,0.197301,0.002859,0.000000,-0.000002870,0.000002894
3884,3884,right,0.438136853,-0.199912655,0.983464169,0.000000,0.000000,0.000000,0.000000,0.500000,0.021892937,0.022119835
3885,3885,left,0.609264304,0.229539853,0.899085054,0.002653,-0.000138,0.157801,0.002657,0.000000,-0.000002866,0.000002891
3885,3885,right,0.438136853,-0.199912655,0.983464169,0.000000,0.000000,0.000000,0.000000,0.500000,0.021892937,0.022119835
3886,3886,left,0.609266863,0.229539714,0.899206631,0.002559,-0.000139,0.121577,0.002563,0.000000,-0.000002864,0.000002888
3886,3886,right,0.438136853,-0.199912655,0.983464169,0.000000,0.000000,0.000000,0.000000,0.500000,0.021892937,0.022119835
3887,3887,left,0.609266863,0.229539714,0.899206631,0.000000,0.000000,0.000000,0.000000,0.000000,-0.000002864,0.000002888
3887,3887,right,0.438136853,-0.199912655,0.983464169,0.000000,0.000000,0.000000,0.000000,0.500000,0.021892937,0.022119835
3888,3888,left,0.609265995,0.229539742,0.899353857,-0.000868,0.000028,0.147226,0.000868,0.000000,-0.000002861,0.000002885
3888,3888,right,0.438136853,-0.199912655,0.983464169,0.000000,0.000000,0.000000,0.000000,0.500000,0.021892937,0.022119835
3889,3889,left,0.609265995,0.229539742,0.899353857,0.000000,0.000000,0.000000,0.000000,0.000000,-0.000002861,0.000002885
3889,3889,right,0.438136853,-0.199912655,0.983464169,0.000000,0.000000,0.000000,0.000000,0.500000,0.021892937,0.022119835
3890,3890,left,0.609265995,0.229539742,0.899353857,0.000000,0.000000,0.000000,0.000000,0.000000,-0.000002861,0.000002885
3890,3890,right,0.438136853,-0.199912655,0.983464169,0.000000,0.000000,0.000000,0.000000,0.500000,0.021892937,0.022119835
3891,3891,left,0.609265995,0.229539742,0.899353857,0.000000,0.000000,0.000000,0.000000,0.000000,-0.000002861,0.000002885
3891,3891,right,0.438136853,-0.199912655,0.983464169,0.000000,0.000000,0.000000,0.000000,0.500000,0.021892937,0.022119835
3892,3892,left,0.609265995,0.229539742,0.899353857,0.000000,0.000000,0.000000,0.000000,0.000000,-0.000002861,0.000002885
3892,3892,right,0.438136853,-0.199912655,0.983464169,0.000000,0.000000,0.000000,0.000000,0.500000,0.021892937,0.022119835
3893,3893,left,0.609265995,0.229539742,0.899353857,0.000000,0.000000,0.000000,0.000000,0.000001,-0.000002829,0.000002917
3893,3893,right,0.438136853,-0.199912655,0.983464169,0.000000,0.000000,0.000000,0.000000,0.500000,0.021892937,0.022119835
3894,3894,left,0.609265995,0.229539742,0.899353857,0.000000,0.000000,0.000000,0.000000,0.000006,-0.000002609,0.000003137
3894,3894,right,0.438136853,-0.199912655,0.983464169,0.000000,0.000000,0.000000,0.000000,0.500000,0.021892937,0.022119835
3895,3895,left,0.609265995,0.229539742,0.899353857,0.000000,0.000000,0.000000,0.000000,0.000019,-0.000002017,0.000003728
3895,3895,right,0.438136853,-0.199912655,0.983464169,0.000000,0.000000,0.000000,0.000000,0.500000,0.021892937,0.022119835
3896,3896,left,0.609265995,0.229539742,0.899353857,0.000000,0.000000,0.000000,0.000000,0.000045,-0.000000874,0.000004871
3896,3896,right,0.438136853,-0.199912655,0.983464169,0.000000,0.000000,0.000000,0.000000,0.500000,0.021892937,0.022119835
3897,3897,left,0.609267054,0.229542484,0.899397941,0.001059,0.002743,0.044084,0.002940,0.000088,0.000000996,0.000006739
3897,3897,right,0.438136853,-0.199912655,0.983464169,0.000000,0.000000,0.000000,0.000000,0.500000,0.021892937,0.022119835
3898,3898,left,0.609267054,0.229542484,0.899397941,0.000000,0.000000,0.000000,0.000000,0.000150,0.000003760,0.000009504
3898,3898,right,0.438136853,-0.199912655,0.983464169,0.000000,0.000000,0.000000,0.000000,0.500000,0.021892937,0.022119835
3899,3899,left,0.609265123,0.229547283,0.899472274,-0.001932,0.004798,0.074333,0.005172,0.000237,0.000007587,0.000013327
3899,3899,right,0.438136853,-0.199912655,0.983464169,0.000000,0.000000,0.000000,0.000000,0.500000,0.021892937,0.022119835
3900,3900,left,0.609259140,0.229551377,0.899528128,-0.005983,0.004095,0.055854,0.007250,0.000352,0.000012636,0.000018373
3900,3900,right,0.438136853,-0.199912655,0.983464169,0.000000,0.000000,0.000000,0.000000,0.500000,0.021892937,0.022119835
3901,3901,left,0.609254303,0.229556144,0.899600023,-0.004837,0.004767,0.071896,0.006791,0.000498,0.000019062,0.000024796
3901,3901,right,0.438136853,-0.199912655,0.983464169,0.000000,0.000000,0.000000,0.000000,0.500000,0.021892937,0.022119835
3902,3902,left,0.609248813,0.229562112,0.899689425,-0.005490,0.005968,0.089402,0.008109,0.000679,0.000027019,0.000032749
3902,3902,right,0.438136853,-0.199912655,0.983464169,0.000000,0.000000,0.000000,0.000000,0.500000,0.021892937,0.022119835
3903,3903,left,0.609241950,0.229569601,0.899797040,-0.006863,0.007489,0.107614,0.010158,0.000898,0.000036654,0.000042379
3903,3903,right,0.438136853,-0.199912655,0.983464169,0.000000,0.000000,0.000000,0.000000,0.500000,0.021892937,0.022119835
3904,3904,left,0.609233317,0.229578128,0.899925190,-0.008633,0.008528,0.128150,0.012135,0.001158,0.000048109,0.000053828
3904,3904,right,0.438136853,-0.199912655,0.983464169,0.000000,0.000000,0.000000,0.000000,0.500000,0.021892937,0.022119835
3905,3905,left,0.609223126,0.229588362,0.900075275,-0.010190,0.010234,0.150085,0.014442,0.001463,0.000061524,0.000067236
3905,3905,right,0.438136853,-0.199912655,0.983464169,0.000000,0.000000,0.000000,0.000000,0.500000,0.021892937,0.022119835
3906,3906,left,0.609210843,0.229600226,0.900248330,-0.012283,0.011864,0.173055,0.017077,0.001815,0.000077033,0.000082737
3906,3906,right,0.438136853,-0.199912655,0.983464169,0.000000,0.000000,0.000000,0.000000,0.500000,0.021892937,0.022119835
3907,3907,left,0.609196324,0.229613803,0.900446326,-0.014519,0.013576,0.197996,0.019878,0.002218,0.000094766,0.000100461
3907,3907,right,0.438136853,-0.199912655,0.983464169,0.000000,0.000000,0.000000,0.000000,0.500000,0.021892937,0.022119835
3908,3908,left,0.609179520,0.229629175,0.900670168,-0.016805,0.015373,0.223842,0.022775,0.002675,0.000114849,0.000120534
3908,3908,right,0.438136853,-0.199912655,0.983464169,0.000000,0.000000,0.000000,0.000000,0.500000,0.021892937,0.022119835
3909,3909,left,0.609160274,0.229646447,0.900921658,-0.019245,0.017272,0.251491,0.025859,0.003187,0.000137404,0.000143077
3909,3909,right,0.438136853,-0.199912655,0.983464169,0.000000,0.000000,0.000000,0.000000,0.500000,0.021892937,0.022119835
3910,3910,left,0.609137961,0.229665736,0.901201637,-0.022314,0.019289,0.279979,0.029495,0.003758,0.000162548,0.000168208
3910,3910,right,0.438136853,-0.199912655,0.983464169,0.000000,0.000000,0.000000,0.000000,0.500000,0.021892937,0.022119835
3911,3911,left,0.609112948,0.229687089,0.901511719,-0.025013,0.021353,0.310082,0.032888,0.004391,0.000190396,0.000196041
3911,3911,right,0.438136853,-0.199912655,0.983464169,0.000000,0.000000,0.000000,0.000000,0.500000,0.021892937,0.022119835
3912,3912,left,0.609084829,0.229710659,0.901852901,-0.028119,0.023569,0.341181,0.036690,0.005088,0.000221056,0.000226686
3912,3912,right,0.438136853,-0.199912655,0.983464169,0.000000,0.000000,0.000000,0.000000,0.500000,0.021892937,0.022119835
3913,3913,left,0.609053169,0.229736533,0.902226140,-0.031660,0.025874,0.373239,0.040888,0.005851,0.000254633,0.000260246
3913,3913,right,0.438136853,-0.199912655,0.983464169,0.000000,0.000000,0.000000,0.000000,0.500000,0.021892937,0.022119835
3914,3914,left,0.609017738,0.229764785,0.902632799,-0.035431,0.028253,0.406659,0.045317,0.006682,0.000291231,0.000296825
3914,3914,right,0.438136853,-0.199912655,0.983464169,0.000000,0.000000,0.000000,0.000000,0.500000,0.021892937,0.022119835
3915,3915,left,0.608978465,0.229795522,0.903073055,-0.039274,0.030736,0.440256,0.049871,0.007585,0.000330945,0.000336519
3915,3915,right,0.438136853,-0.199912655,0.983464169,0.000000,0.000000,0.000000,0.000000,0.500000,0.021892937,0.022119835
3916,3916,left,0.608934747,0.229828654,0.903549121,-0.043717,0.033132,0.476066,0.054854,0.008560,0.000373870,0.000379423
3916,3916,right,0.438136853,-0.199912655,0.983464169,0.000000,0.000000,0.000000,0.000000,0.500000,0.021892937,0.022119835
3917,3917,left,0.608886745,0.229864474,0.904061048,-0.048002,0.035820,0.511927,0.059894,0.009610,0.000420095,0.000425625
3917,3917,right,0.438136853,-0.199912655,0.983464169,0.000000,0.000000,0.000000,0.000000,0.500000,0.021892937,0.022119835
3918,3918,left,0.608833602,0.229903198,0.904610215,-0.053143,0.038724,0.549167,0.065755,0.010737,0.000469707,0.000475212
3918,3918,right,0.438136853,-0.199912655,0.983464169,0.000000,0.000000,0.000000,0.000000,0.500000,0.021892937,0.022119835
3919,3919,left,0.608775057,0.229944382,0.905196778,-0.058546,0.041184,0.586563,0.071580,0.011943,0.000522787,0.000528265
3919,3919,right,0.438136853,-0.199912655,0.983464169,0.000000,0.000000,0.000000,0.000000,0.500000,0.021892937,0.022119835
3920,3920,left,0.608711286,0.229988556,0.905822233,-0.063771,0.044174,0.625455,0.077576,0.013230,0.000579415,0.000584865
3920,3920,right,0.438136853,-0.199912655,0.983464169,0.000000,0.000000,0.000000,0.000000,0.500000,0.021892937,0.022119835
3921,3921,left,0.608641437,0.230035631,0.906486440,-0.069849,0.047075,0.664208,0.084232,0.014599,0.000639663,0.000645084
3921,3921,right,0.438136853,-0.199912655,0.983464169,0.000000,0.000000,0.000000,0.000000,0.500000,0.021892937,0.022119835
3922,3922,left,0.608565249,0.230085661,0.907190744,-0.076188,0.050030,0.704303,0.091146,0.016052,0.000703605,0.000708994
3922,3922,right,0.438136853,-0.199912655,0.983464169,0.000000,0.000000,0.000000,0.000000,0.500000,0.021892937,0.022119835
3923,3923,left,0.608402497,0.230143916,0.907915383,-0.162751,0.058255,0.724639,0.172863,0.017590,0.000771306,0.000776665
3923,3923,right,0.438136853,-0.199912655,0.983464169,0.000000,0.000000,0.000000,0.000000,0.500000,0.021892937,0.022119835
3924,3924,left,0.608377623,0.230195688,0.908715728,-0.024874,0.051772,0.800345,0.057437,0.019215,0.000842833,0.000848155
3924,3924,right,0.438136853,-0.199912655,0.983464169,0.000000,0.000000,0.000000,0.000000,0.500000,0.021892937,0.022119835
3925,3925,left,0.608204926,0.230260225,0.909525022,-0.172697,0.064537,0.809295,0.184362,0.020929,0.000918242,0.000923530
3925,3925,right,0.438136853,-0.199912655,0.983464169,0.000000,0.000000,0.000000,0.000000,0.500000,0.021892937,0.022119835
3926,3926,left,0.608091878,0.230323206,0.910391692,-0.113049,0.062981,0.866669,0.129409,0.022732,0.000997594,0.001002844
3926,3926,right,0.438136853,-0.199912655,0.983464169,0.000000,0.000000,0.000000,0.000000,0.500000,0.021892937,0.022119835
3927,3927,left,0.607972537,0.230389421,0.911300831,-0.119341,0.066214,0.909139,0.136479,0.024626,0.001080940,0.001086151
3927,3927,right,0.438136853,-0.199912655,0.983464169,0.000000,0.000000,0.000000,0.000000,0.500000,0.021892937,0.022119835
3928,3928,left,0.607843817,0.230458855,0.912252648,-0.128720,0.069435,0.951817,0.146253,0.026611,0.001168331,0.001173501
3928,3928,right,0.438136853,-0.199912655,0.983464169,0.000000,0.000000,0.000000,0.000000,0.500000,0.021892937,0.022119835
3929,3929,left,0.607705389,0.230531800,0.913246977,-0.138428,0.072945,0.994328,0.156471,0.028690,0.001259813,0.001264940
3929,3929,right,0.438136853,-0.199912655,0.983464169,0.000000,0.000000,0.000000,0.000000,0.500000,0.021892937,0.022119835
3930,3930,left,0.607556582,0.230608220,0.914284306,-0.148806,0.076420,1.037329,0.167282,0.030863,0.001355430,0.001360512
3930,3930,right,0.438136853,-0.199912655,0.983464169,0.000000,0.000000,0.000000,0.000000,0.500000,0.021892937,0.022119835
3931,3931,left,0.607396796,0.230688200,0.915364501,-0.159786,0.079980,1.080195,0.178685,0.033130,0.001455220,0.001460256
3931,3931,right,0.438136853,-0.199912655,0.983464169,0.000000,0.000000,0.000000,0.000000,0.500000,0.021892937,0.022119835
3932,3932,left,0.607225345,0.230771748,0.916487572,-0.171452,0.083548,1.123071,0.190725,0.035493,0.001559222,0.001564210
3932,3932,right,0.438136853,-0.199912655,0.983464169,0.000000,0.000000,0.000000,0.000000,0.500000,0.021892937,0.022119835
3933,3933,left,0.607042084,0.230858683,0.917654299,-0.183260,0.086935,1.166727,0.202835,0.037953,0.001667467,0.001672407
3933,3933,right,0.438136853,-0.199912655,0.983464169,0.000000,0.000000,0.000000,0.000000,0.500000,0.021892937,0.022119835
3934,3934,left,0.606845854,0.230949616,0.918863681,-0.196230,0.090933,1.209382,0.216275,0.040509,0.001779987,0.001784876
3934,3934,right,0.438136853,-0.199912655,0.983464169,0.000000,0.000000,0.000000,0.000000,0.500000,0.021892937,0.022119835
3935,3935,left,0.606636207,0.231043888,0.920116024,-0.209647,0.094272,1.252343,0.229867,0.043164,0.001896809,0.001901645
3935,3935,right,0.438136853,-0.199912655,0.983464169,0.000000,0.000000,0.000000,0.000000,0.500000,0.021892937,0.022119835
3936,3936,left,0.606412190,0.231142152,0.921411622,-0.224017,0.098264,1.295598,0.244621,0.045917,0.002017956,0.002022739
3936,3936,right,0.438136853,-0.199912655,0.983464169,0.000000,0.000000,0.000000,0.000000,0.500000,0.021892937,0.022119835
3937,3937,left,0.606173257,0.231244053,0.922749549,-0.238934,0.101902,1.337926,0.259756,0.048768,0.002143450,0.002148178
3937,3937,right,0.438136853,-0.199912655,0.983464169,0.000000,0.000000,0.000000,0.000000,0.500000,0.021892937,0.022119835
3938,3938,left,0.605919037,0.231349689,0.924129552,-0.254219,0.105635,1.380003,0.275293,0.051719,0.002273308,0.002277980
3938,3938,right,0.438136853,-0.199912655,0.983464169,0.000000,0.000000,0.000000,0.000000,0.500000,0.021892937,0.022119835
3939,3939,left,0.605648069,0.231459049,0.925551414,-0.270968,0.109360,1.421863,0.292204,0.054769,0.002407546,0.002412159
3939,3939,right,0.438136853,-0.199912655,0.983464169,0.000000,0.000000,0.000000,0.000000,0.500000,0.021892937,0.022119835
3940,3940,left,0.605360231,0.231572631,0.927015457,-0.287838,0.113582,1.464042,0.309438,0.057919,0.002546174,0.002550729
3940,3940,right,0.438136853,-0.199912655,0.983464169,0.000000,0.000000,0.000000,0.000000,0.500000,0.021892937,0.022119835
3941,3941,left,0.605054465,0.231689804,0.928520640,-0.305766,0.117173,1.505183,0.327448,0.061169,0.002689203,0.002693698
3941,3941,right,0.438136853,-0.199912655,0.983464169,0.000000,0.000000,0.000000,0.000000,0.500000,0.021892937,0.022119835
3942,3942,left,0.604730347,0.231811019,0.930066773,-0.324118,0.121215,1.546133,0.346042,0.064519,0.002836639,0.002841072
3942,3942,right,0.438136853,-0.199912655,0.983464169,0.000000,0.000000,0.000000,0.000000,0.500000,0.021892937,0.022119835
3943,3943,left,0.604386642,0.231936212,0.931652864,-0.343706,0.125194,1.586091,0.365796,0.067969,0.002988484,0.002992855
3943,3943,right,0.438136853,-0.199912655,0.983464169,0.000000,0.000000,0.000000,0.000000,0.500000,0.021892937,0.022119835
3944,3944,left,0.604022650,0.232065409,0.933278318,-0.363991,0.129196,1.625454,0.386240,0.071520,0.003144740,0.003149047
3944,3944,right,0.438136853,-0.199912655,0.983464169,0.000000,0.000000,0.000000,0.000000,0.500000,0.021892937,0.022119835
3945,3945,left,0.603637818,0.232198534,0.934942953,-0.384832,0.133125,1.664634,0.407207,0.075171,0.003305404,0.003309647
3945,3945,right,0.438136853,-0.199912655,0.983464169,0.000000,0.000000,0.000000,0.000000,0.500000,0.021892937,0.022119835
3946,3946,left,0.603230939,0.232335581,0.936645689,-0.406880,0.137047,1.702736,0.429340,0.078921,0.003470471,0.003474649
3946,3946,right,0.438136853,-0.199912655,0.983464169,0.000000,0.000000,0.000000,0.000000,0.500000,0.021892937,0.022119835
3947,3947,left,0.602801498,0.232476569,0.938385704,-0.429441,0.140989,1.740016,0.451993,0.082772,0.003639934,0.003644046
3947,3947,right,0.438136853,-0.199912655,0.983464169,0.000000,0.000000,0.000000,0.000000,0.500000,0.021892937,0.022119835
3948,3948,left,0.602348686,0.232621647,0.940162962,-0.452812,0.145078,1.777257,0.475485,0.086722,0.003813783,0.003817828
3948,3948,right,0.438136853,-0.199912655,0.983464169,0.000000,0.000000,0.000000,0.000000,0.500000,0.021892937,0.022119835
3949,3949,left,0.601871765,0.232770644,0.941975482,-0.476921,0.148997,1.812521,0.499653,0.090772,0.003992005,0.003995982
3949,3949,right,0.438136853,-0.199912655,0.983464169,0.000000,0.000000,0.000000,0.000000,0.500000,0.021892937,0.022119835
3950,3950,left,0.601370031,0.232923529,0.943822876,-0.501735,0.152884,1.847393,0.524510,0.094921,0.004174584,0.004178493
3950,3950,right,0.438136853,-0.199912655,0.983464169,0.000000,0.000000,0.000000,0.000000,0.500000,0.021892937,0.022119835
3951,3951,left,0.600842190,0.233080444,0.945704394,-0.527841,0.156916,1.881518,0.550671,0.099168,0.004361503,0.004365343
3951,3951,right,0.438136853,-0.199912655,0.983464169,0.000000,0.000000,0.000000,0.000000,0.500000,0.021892937,0.022119835
3952,3952,left,0.600287882,0.233241387,0.947618383,-0.554308,0.160943,1.913990,0.577200,0.103514,0.004552742,0.004556512
3952,3952,right,0.438136853,-0.199912655,0.983464169,0.000000,0.000000,0.000000,0.000000,0.500000,0.021892937,0.022119835
3953,3953,left,0.599706221,0.233406247,0.949564506,-0.581660,0.164860,1.946123,0.604572,0.107957,0.004748278,0.004751978
3953,3953,right,0.438136853,-0.199912655,0.983464169,0.000000,0.000000,0.000000,0.000000,0.500000,0.021892937,0.022119835
3954,3954,left,0.599096359,0.233575093,0.951540933,-0.609862,0.168846,1.976427,0.632804,0.112497,0.004948086,0.004951715
3954,3954,right,0.438136853,-0.199912655,0.983464169,0.000000,0.000000,0.000000,0.000000,0.500000,0.021892937,0.022119835
3955,3955,left,0.598457611,0.233747724,0.953546741,-0.638748,0.172630,2.005808,0.661665,0.117134,0.005152137,0.005155697
3955,3955,right,0.438136853,-0.199912655,0.983464169,0.000000,0.000000,0.000000,0.000000,0.500000,0.021892937,0.022119835
3956,3956,left,0.597789394,0.233924239,0.955581001,-0.668217,0.176515,2.034261,0.691138,0.121866,0.005360403,0.005363892
3956,3956,right,0.438136853,-0.199912655,0.983464169,0.000000,0.000000,0.000000,0.000000,0.500000,0.021892937,0.022119835
3957,3957,left,0.597090949,0.234104605,0.957641743,-0.698445,0.180366,2.060742,0.721358,0.126694,0.005572852,0.005576269
3957,3957,right,0.438136853,-0.199912655,0.983464169,0.000000,0.000000,0.000000,0.000000,0.500000,0.021892937,0.022119835
3958,3958,left,0.596361385,0.234288758,0.959728035,-0.729564,0.184153,2.086292,0.752447,0.131616,0.005789449,0.005792795
3958,3958,right,0.438136853,-0.199912655,0.983464169,0.000000,0.000000,0.000000,0.000000,0.500000,0.021892937,0.022119835
3959,3959,left,0.595600059,0.234476777,0.961838765,-0.761326,0.188019,2.110729,0.784200,0.136631,0.006010158,0.006013433
3959,3959,right,0.438136853,-0.199912655,0.983464169,0.000000,0.000000,0.000000,0.000000,0.500000,0.021892937,0.022119835
3960,3960,left,0.594806392,0.234668360,0.963972090,-0.793666,0.191582,2.133326,0.816462,0.141739,0.006234941,0.006238144
3960,3960,right,0.438136853,-0.199912655,0.983464169,0.000000,0.000000,0.000000,0.000000,0.500000,0.021892937,0.022119835
3961,3961,left,0.593980060,0.234863654,0.966126570,-0.826333,0.195294,2.154480,0.849097,0.146939,0.006463755,0.006466887
3961,3961,right,0.438136853,-0.199912655,0.983464169,0.000000,0.000000,0.000000,0.000000,0.500000,0.021892937,0.022119835
3962,3962,left,0.593120460,0.235062401,0.968301246,-0.859600,0.198747,2.174675,0.882277,0.152229,0.006696560,0.006699621
3962,3962,right,0.438136853,-0.199912655,0.983464169,0.000000,0.000000,0.000000,0.000000,0.500000,0.021892937,0.022119835
3963,3963,left,0.592226554,0.235264800,0.970494001,-0.893906,0.202399,2.192756,0.916533,0.157609,0.006933311,0.006936300
3963,3963,right,0.438136853,-0.199912655,0.983464169,0.000000,0.000000,0.000000,0.000000,0.500000,0.021892937,0.022119835
3964,3964,left,0.591298121,0.235470580,0.972703579,-0.928432,0.205780,2.209578,0.950964,0.163077,0.007173959,0.007176878
3964,3964,right,0.438136853,-0.199912655,0.983464169,0.000000,0.000000,0.000000,0.000000,0.500000,0.021892937,0.022119835
3965,3965,left,0.590334758,0.235679998,0.974927660,-0.963364,0.209418,2.224081,0.985863,0.168633,0.007418457,0.007421305
3965,3965,right,0.438136853,-0.199912655,0.983464169,0.000000,0.000000,0.000000,0.000000,0.500000,0.021892937,0.022119835
3966,3966,left,0.589335752,0.235892452,0.977165720,-0.999005,0.212454,2.238060,1.021346,0.174275,0.007666754,0.007669532
3966,3966,right,0.438136853,-0.199912655,0.983464169,0.000000,0.000000,0.000000,0.000000,0.500000,0.021892937,0.022119835
3967,3967,left,0.588301385,0.236108237,0.979415673,-1.034367,0.215786,2.249953,1.056636,0.180003,0.007918797,0.007921507
3967,3967,right,0.438136853,-0.199912655,0.983464169,0.000000,0.000000,0.000000,0.000000,0.500000,0.021892937,0.022119835
3968,3968,left,0.587230628,0.236327276,0.981675342,-1.070757,0.219039,2.259669,1.092931,0.185814,0.008174532,0.008177172
3968,3968,right,0.438136853,-0.199912655,0.983464169,0.000000,0.000000,0.000000,0.000000,0.500000,0.021892937,0.022119835
3969,3969,left,0.586123634,0.236549359,0.983943287,-1.106994,0.222083,2.267945,1.129052,0.191708,0.008433904,0.008436475
3969,3969,right,0.438136853,-0.199912655,0.983464169,0.000000,0.000000,0.000000,0.000000,0.500000,0.021892937,0.022119835
3970,3970,left,0.584979900,0.236774290,0.986218079,-1.143734,0.224931,2.274792,1.165643,0.197684,0.008696855,0.008699358
3970,3970,right,0.438136853,-0.199912655,0.983464169,0.000000,0.000000,0.000000,0.000000,0.500000,0.021892937,0.022119835
3971,3971,left,0.583799405,0.237002213,0.988497890,-1.180494,0.227922,2.279811,1.202296,0.203739,0.008963322,0.008965759
3971,3971,right,0.438136853,-0.199912655,0.983464169,0.000000,0.000000,0.000000,0.000000,0.500000,0.021892937,0.022119835
3972,3972,left,0.582581691,0.237232927,0.990780288,-1.217715,0.230714,2.282398,1.239378,0.209873,0.009233249,0.009235618
3972,3972,right,0.438136853,-0.199912655,0.983464169,0.000000,0.000000,0.000000,0.000000,0.500000,0.021892937,0.022119835
3973,3973,left,0.581326850,0.237466208,0.993064243,-1.254841,0.233281,2.283955,1.276341,0.216084,0.009506568,0.009508871
3973,3973,right,0.438136853,-0.199912655,0.983464169,0.000000,0.000000,0.000000,0.000000,0.500000,0.021892937,0.022119835
3974,3974,left,0.580035275,0.237702069,0.995347770,-1.291575,0.235860,2.283527,1.312935,0.222371,0.009783220,0.009785458
3974,3974,right,0.438136853,-0.199912655,0.983464169,0.000000,0.000000,0.000000,0.000000,0.500000,0.021892937,0.022119835
3975,3975,left,0.578706521,0.237940425,0.997628553,-1.328753,0.238356,2.280783,1.349962,0.228732,0.010063134,0.010065308
3975,3975,right,0.438136853,-0.199912655,0.983464169,0.000000,0.000000,0.000000,0.000000,0.500000,0.021892937,0.022119835
3976,3976,left,0.577340741,0.238181029,0.999905163,-1.365781,0.240605,2.276610,1.386812,0.235165,0.010346244,0.010348354
3976,3976,right,0.438136853,-0.199912655,0.983464169,0.000000,0.000000,0.000000,0.000000,0.500000,0.021892937,0.022119835
3977,3977,left,0.575937986,0.238423978,1.002175834,-1.402755,0.242949,2.270671,1.423638,0.241670,0.010632482,0.010634530
3977,3977,right,0.438136853,-0.199912655,0.983464169,0.000000,0.000000,0.000000,0.000000,0.500000,0.021892937,0.022119835
3978,3978,left,0.574498623,0.238668878,1.004439084,-1.439363,0.244900,2.263250,1.460049,0.248244,0.010921779,0.010923766
3978,3978,right,0.438136853,-0.199912655,0.983464169,0.000000,0.000000,0.000000,0.000000,0.500000,0.021892937,0.022119835
3979,3979,left,0.573022780,0.238915641,1.006692223,-1.475843,0.246763,2.253139,1.496330,0.254886,0.011214059,0.011215986
3979,3979,right,0.438136853,-0.199912655,0.983464169,0.000000,0.000000,0.000000,0.000000,0.500000,0.021892937,0.022119835
3980,3980,left,0.571510836,0.239164379,1.008933337,-1.511944,0.248738,2.241114,1.532268,0.261594,0.011509252,0.011511118
3980,3980,right,0.438136853,-0.199912655,0.983464169,0.000000,0.000000,0.000000,0.000000,0.500000,0.021892937,0.022119835
3981,3981,left,0.569963381,0.239414677,1.011161858,-1.547454,0.250298,2.228521,1.567566,0.268367,0.011807282,0.011809090
3981,3981,right,0.438136853,-0.199912655,0.983464169,0.000000,0.000000,0.000000,0.000000,0.500000,0.021892937,0.022119835
3982,3982,left,0.568380707,0.239666496,1.013375131,-1.582675,0.251819,2.213272,1.602583,0.275203,0.012108074,0.012109825
3982,3982,right,0.438136853,-0.199912655,0.983464169,0.000000,0.000000,0.000000,0.000000,0.500000,0.021892937,0.022119835
3983,3983,left,0.566763236,0.239919925,1.015571651,-1.617471,0.253429,2.196520,1.637204,0.282099,0.012411551,0.012413247
3983,3983,right,0.438136853,-0.199912655,0.983464169,0.000000,0.000000,0.000000,0.000000,0.500000,0.021892937,0.022119835
3984,3984,left,0.565111531,0.240174492,1.017749216,-1.651705,0.254567,2.177566,1.671208,0.289055,0.012717634,0.012719275
3984,3984,right,0.438136853,-0.199912655,0.983464169,0.000000,0.000000,0.000000,0.000000,0.500000,0.021892937,0.022119835
3985,3985,left,0.563426283,0.240430247,1.019906495,-1.685248,0.255756,2.157279,1.704544,0.296068,0.013026245,0.013027832
3985,3985,right,0.438136853,-0.199912655,0.983464169,0.000000,0.000000,0.000000,0.000000,0.500000,0.021892937,0.022119835
3986,3986,left,0.561708063,0.240686936,1.022041442,-1.718220,0.256689,2.134947,1.737288,0.303137,0.013337302,0.013338838
3986,3986,right,0.438136853,-0.199912655,0.983464169,0.000000,0.000000,0.000000,0.000000,0.500000,0.021892937,0.022119835
3987,3987,left,0.559957791,0.240944542,1.024152838,-1.750272,0.257606,2.111396,1.769128,0.310260,0.013650726,0.013652210
3987,3987,right,0.438136853,-0.199912655,0.983464169,0.000000,0.000000,0.000000,0.000000,0.500000,0.021892937,0.022119835
3988,3988,left,0.558176374,0.241202866,1.026239083,-1.781416,0.258324,2.086245,1.800049,0.317434,0.013966430,0.013967866
3988,3988,right,0.438136853,-0.199912655,0.983464169,0.000000,0.000000,0.000000,0.000000,0.500000,0.021892937,0.022119835
3989,3989,left,0.556364436,0.241461693,1.028297905,-1.811939,0.258827,2.058822,1.830331,0.324659,0.014284335,0.014285722
3989,3989,right,0.438136853,-0.199912655,0.983464169,0.000000,0.000000,0.000000,0.000000,0.500000,0.021892937,0.022119835
3990,3990,left,0.554522895,0.241720825,1.030327878,-1.841540,0.259132,2.029973,1.859683,0.331932,0.014604354,0.014605695
3990,3990,right,0.438136853,-0.199912655,0.983464169,0.000000,0.000000,0.000000,0.000000,0.500000,0.021892937,0.022119835
3991,3991,left,0.552652816,0.241980472,1.032328252,-1.870079,0.259647,2.000375,1.888018,0.339250,0.014926404,0.014927699
3991,3991,right,0.438136853,-0.199912655,0.983464169,0.000000,0.000000,0.000000,0.000000,0.500000,0.021892937,0.022119835
3992,3992,left,0.550755263,0.242240074,1.034296392,-1.897553,0.259602,1.968140,1.915229,0.346613,0.015250394,0.015251647
3992,3992,right,0.438136853,-0.199912655,0.983464169,0.000000,0.000000,0.000000,0.000000,0.500000,0.021892937,0.022119835
3993,3993,left,0.548831455,0.242499583,1.036231556,-1.923808,0.259510,1.935164,1.941232,0.354018,0.015576242,0.015577451
3993,3993,right,0.438136853,-0.199912655,0.983464169,0.000000,0.000000,0.000000,0.000000,0.500000,0.021892937,0.022119835
3994,3994,left,0.546882078,0.242759124,1.038132215,-1.949377,0.259541,1.900659,1.966579,0.361464,0.015903858,0.015905026
3994,3994,right,0.438136853,-0.199912655,0.983464169,0.000000,0.000000,0.000000,0.000000,0.500000,0.021892937,0.022119835
3995,3995,left,0.544908706,0.243018187,1.039996872,-1.973372,0.259063,1.864656,1.990304,0.368947,0.016233152,0.016234282
3995,3995,right,0.438136853,-0.199912655,0.983464169,0.000000,0.000000,0.000000,0.000000,0.500000,0.021892937,0.022119835
3996,3996,left,0.542912484,0.243276743,1.041824545,-1.996223,0.258556,1.827674,2.012897,0.376467,0.016564036,0.016565127
3996,3996,right,0.438136853,-0.199912655,0.983464169,0.000000,0.000000,0.000000,0.000000,0.500000,0.021892937,0.022119835
3997,3997,left,0.540894605,0.243534824,1.043613733,-2.017878,0.258081,1.789187,2.034315,0.384021,0.016896419,0.016897475
3997,3997,right,0.438136853,-0.199912655,0.983464169,0.000000,0.000000,0.000000,0.000000,0.500000,0.021892937,0.022119835
3998,3998,left,0.538856368,0.243792252,1.045362865,-2.038238,0.257428,1.749132,2.054430,0.391607,0.017230213,0.017231233
3998,3998,right,0.438136853,-0.199912655,0.983464169,0.000000,0.000000,0.000000,0.000000,0.500000,0.021892937,0.022119835
3999,3999,left,0.536799299,0.244048663,1.047071907,-2.057069,0.256411,1.709042,2.072988,0.399222,0.017565325,0.017566314
3999,3999,right,0.438136853,-0.199912655,0.983464169,0.000000,0.000000,0.000000,0.000000,0.500000,0.021892937,0.022119835
4000,4000,left,0.534724824,0.244304138,1.048738765,-2.074475,0.255476,1.666858,2.090147,0.406866,0.017901661,0.017902618
4000,4000,right,0.438136853,-0.199912655,0.983464169,0.000000,0.000000,0.000000,0.000000,0.500000,0.021892937,0.022119835
4001,4001,left,0.532634177,0.244558531,1.050363203,-2.090647,0.254392,1.624438,2.106068,0.414535,0.018239129,0.018240059
4001,4001,right,0.438136853,-0.199912655,0.983464169,0.000000,0.000000,0.000000,0.000000,0.500000,0.021892937,0.022119835
4002,4002,left,0.530528622,0.244811651,1.051943862,-2.105555,0.253120,1.580659,2.120714,0.422228,0.018577641,0.018578541
4002,4002,right,0.438136853,-0.199912655,0.983464169,0.000000,0.000000,0.000000,0.000000,0.500000,0.021892937,0.022119835
4003,4003,left,0.528410057,0.245063423,1.053479465,-2.118565,0.251773,1.535603,2.133473,0.429943,0.018917099,0.018917972
4003,4003,right,0.438136853,-0.199912655,0.983464169,0.000000,0.000000,0.000000,0.000000,0.500000,0.021892937,0.022119835
4004,4004,left,0.526279966,0.245313558,1.054970055,-2.130091,0.250134,1.490590,2.144727,0.437677,0.019257411,0.019258261
4004,4004,right,0.438136853,-0.199912655,0.983464169,0.000000,0.000000,0.000000,0.000000,0.500000,0.021892937,0.022119835
4005,4005,left,0.524139655,0.245562193,1.056414675,-2.140311,0.248635,1.444620,2.154705,0.445429,0.019598482,0.019599309
4005,4005,right,0.438136853,-0.199912655,0.983464169,0.000000,0.000000,0.000000,0.000000,0.500000,0.021892937,0.022119835
4006,4006,left,0.521990762,0.245809216,1.057812109,-2.148892,0.247023,1.397434,2.163044,0.453195,0.019940220,0.019941024
4006,4006,right,0.438136853,-0.199912655,0.983464169,0.000000,0.000000,0.000000,0.000000,0.500000,0.021892937,0.022119835
4007,4007,left,0.519834806,0.246054212,1.059162817,-2.155956,0.244997,1.350708,2.169832,0.460975,0.020282526,0.020283312
4007,4007,right,0.438136853,-0.199912655,0.983464169,0.000000,0.000000,0.000000,0.000000,0.500000,0.021892937,0.022119835
4008,4008,left,0.517673535,0.246297313,1.060465772,-2.161271,0.243101,1.302955,2.174900,0.468765,0.020625310,0.020626077
4008,4008,right,0.438136853,-0.199912655,0.983464169,0.000000,0.000000,0.000000,0.000000,0.500000,0.021892937,0.022119835
4009,4009,left,0.515508439,0.246538370,1.061720097,-2.165095,0.241057,1.254325,2.178474,0.476564,0.020968473,0.020969225
4009,4009,right,0.438136853,-0.199912655,0.983464169,0.000000,0.000000,0.000000,0.000000,0.500000,0.021892937,0.022119835
4010,4010,left,0.513341050,0.246777452,1.062926165,-2.167389,0.239082,1.206068,2.180536,0.484369,0.021311922,0.021312660
4010,4010,right,0.438136853,-0.199912655,0.983464169,0.000000,0.000000,0.000000,0.000000,0.500000,0.021892937,0.022119835
4011,4011,left,0.511173166,0.247014221,1.064083434,-2.167884,0.236769,1.157269,2.180775,0.492179,0.021655560,0.021656286
4011,4011,right,0.438136853,-0.199912655,0.983464169,0.000000,0.000000,0.000000,0.000000,0.500000,0.021892937,0.022119835
4012,4012,left,0.509006034,0.247248592,1.065191490,-2.167132,0.234371,1.108056,2.179769,0.499991,0.021999294,0.022000009
4012,4012,right,0.438136853,-0.199912655,0.983464169,0.000000,0.000000,0.000000,0.000000,0.500000,0.021892937,0.022119835
4013,4013,left,0.506841437,0.247480619,1.066250646,-2.164597,0.232026,1.059156,2.176998,0.507803,0.022343025,0.022343731
4013,4013,right,0.438136853,-0.199912655,0.983464169,0.000000,0.000000,0.000000,0.000000,0.500000,0.021892937,0.022119835
4014,4014,left,0.504681093,0.247710323,1.067260225,-2.160344,0.229704,1.009578,2.172521,0.515613,0.022686662,0.022687359
4014,4014,right,0.438136853,-0.199912655,0.983464169,0.000000,0.000000,0.000000,0.000000,0.500000,0.021892937,0.022119835
4015,4015,left,0.502526421,0.247937375,1.068221129,-2.154672,0.227052,0.960904,2.166602,0.523418,0.023030106,0.023030799
4015,4015,right,0.438136853,-0.199912655,0.983464169,0.000000,0.000000,0.000000,0.000000,0.500000,0.021892937,0.022119835
4016,4016,left,0.500379118,0.248161781,1.069132468,-2.147302,0.224406,0.911339,2.158996,0.531217,0.023373263,0.023373952
4016,4016,right,0.438136853,-0.199912655,0.983464169,0.000000,0.000000,0.000000,0.000000,0.500000,0.021892937,0.022119835
4017,4017,left,0.498240325,0.248383575,1.069994705,-2.138793,0.221794,0.862237,2.150263,0.539008,0.023716040,0.023716725
4017,4017,right,0.438136853,-0.199912655,0.983464169,0.000000,0.000000,0.000000,0.000000,0.500000,0.021892937,0.022119835
4018,4018,left,0.496112149,0.248602716,1.070808660,-2.128176,0.219141,0.813956,2.139429,0.546787,0.024058336,0.024059022
4018,4018,right,0.438136853,-0.199912655,0.983464169,0.000000,0.000000,0.000000,0.000000,0.500000,0.021892937,0.022119835
4019,4019,left,0.493995532,0.248819012,1.071574140,-2.116616,0.216297,0.765480,2.127639,0.554554,0.024400063,0.024400748
4019,4019,right,0.438136853,-0.199912655,0.983464169,0.000000,0.000000,0.000000,0.000000,0.500000,0.021892937,0.022119835
4020,4020,left,0.491892191,0.249032516,1.072291171,-2.103342,0.213504,0.717031,2.114150,0.562305,0.024741121,0.024741808
4020,4020,right,0.438136853,-0.199912655,0.983464169,0.000000,0.000000,0.000000,0.000000,0.500000,0.021892937,0.022119835
4021,4021,left,0.489803771,0.249243198,1.072960890,-2.088420,0.210681,0.669719,2.099020,0.570039,0.025081418,0.025082111
4021,4021,right,0.438136853,-0.199912655,0.983464169,0.000000,0.000000,0.000000,0.000000,0.500000,0.021892937,0.022119835
4022,4022,left,0.487731458,0.249450969,1.073583602,-2.072313,0.207771,0.622711,2.082703,0.577754,0.025420859,0.025421558
4022,4022,right,0.438136853,-0.199912655,0.983464169,0.000000,0.000000,0.000000,0.000000,0.500000,0.021892937,0.022119835
4023,4023,left,0.485676498,0.249655753,1.074159275,-2.054959,0.204785,0.575674,2.065138,0.585447,0.025759352,0.025760058
4023,4023,right,0.438136853,-0.199912655,0.983464169,0.000000,0.000000,0.000000,0.000000,0.500000,0.021892937,0.022119835
4024,4024,left,0.483640280,0.249857695,1.074688870,-2.036219,0.201942,0.529595,2.046208,0.593116,0.026096804,0.026097517
4024,4024,right,0.438136853,-0.199912655,0.983464169,0.000000,0.000000,0.000000,0.000000,0.500000,0.021892937,0.022119835
4025,4025,left,0.481624295,0.250056592,1.075173782,-2.015985,0.198897,0.484912,2.025773,0.600760,0.026433118,0.026433842
4025,4025,right,0.438136853,-0.199912655,0.983464169,0.000000,0.000000,0.000000,0.000000,0.500000,0.021892937,0.022119835
4026,4026,left,0.479629595,0.250252595,1.075613583,-1.994699,0.196003,0.439802,2.004306,0.608376,0.026768208,0.026768943
4026,4026,right,0.438136853,-0.199912655,0.983464169,0.000000,0.000000,0.000000,0.000000,0.500000,0.021892937,0.022119835
4027,4027,left,0.477657539,0.250445432,1.076009746,-1.972056,0.192837,0.396163,1.981462,0.615962,0.027101975,0.027102724
4027,4027,right,0.438136853,-0.199912655,0.983464169,0.000000,0.000000,0.000000,0.000000,0.500000,0.021892937,0.022119835
4028,4028,left,0.475709150,0.250635336,1.076362799,-1.948389,0.189904,0.353053,1.957622,0.623515,0.027434334,0.027435098
4028,4028,right,0.438136853,-0.199912655,0.983464169,0.000000,0.000000,0.000000,0.000000,0.500000,0.021892937,0.022119835
4029,4029,left,0.473785497,0.250822199,1.076673784,-1.923653,0.186863,0.310985,1.932708,0.631035,0.027765192,0.027765973
4029,4029,right,0.438136853,-0.199912655,0.983464169,0.000000,0.000000,0.000000,0.000000,0.500000,0.021892937,0.022119835
4030,4030,left,0.471887719,0.251005915,1.076943232,-1.897778,0.183717,0.269449,1.906649,0.638519,0.028094457,0.028095255
4030,4030,right,0.438136853,-0.199912655,0.983464169,0.000000,0.000000,0.000000,0.000000,0.500000,0.021892937,0.022119835
4031,4031,left,0.470016825,0.251186728,1.077172973,-1.870894,0.180812,0.229740,1.879611,0.645964,0.028422043,0.028422859
4031,4031,right,0.438136853,-0.199912655,0.983464169,0.000000,0.000000,0.000000,0.000000,0.500000,0.021892937,0.022119835
4032,4032,left,0.468174053,0.251364717,1.077363318,-1.842772,0.177989,0.190346,1.851348,0.653369,0.028747857,0.028748695
4032,4032,right,0.438136853,-0.199912655,0.983464169,0.000000,0.000000,0.000000,0.000000,0.500000,0.021892937,0.022119835
4033,4033,left,0.466359849,0.251539442,1.077514972,-1.814204,0.174726,0.151654,1.822598,0.660732,0.029071815,0.029072676
4033,4033,right,0.438136853,-0.199912655,0.983464169,0.000000,0.000000,0.000000,0.000000,0.500000,0.021892937,0.022119835
4034,4034,left,0.464575159,0.251711187,1.077630090,-1.784690,0.171745,0.115117,1.792935,0.668051,0.029393829,0.029394712
4034,4034,right,0.438136853,-0.199912655,0.983464169,0.000000,0.000000,0.000000,0.000000,0.500000,0.021892937,0.022119835
4035,4035,left,0.462821011,0.251880026,1.077708748,-1.754148,0.168839,0.078658,1.762254,0.675323,0.029713813,0.029714718
4035,4035,right,0.438136853,-0.199912655,0.983464169,0.000000,0.000000,0.000000,0.000000,0.500000,0.021892937,0.022119835
4036,4036,left,0.461097886,0.252045831,1.077752474,-1.723125,0.165806,0.043726,1.731084,0.682548,0.030031681,0.030032612
4036,4036,right,0.438136853,-0.199912655,0.983464169,0.000000,0.000000,0.000000,0.000000,0.500000,0.021892937,0.022119835
4037,4037,left,0.459406380,0.252208712,1.077762183,-1.691506,0.162881,0.009709,1.699330,0.689723,0.030347347,0.030348307
4037,4037,right,0.438136853,-0.199912655,0.983464169,0.000000,0.000000,0.000000,0.000000,0.500000,0.021892937,0.022119835
4038,4038,left,0.457747481,0.252368642,1.077739834,-1.658900,0.159930,-0.022349,1.666591,0.696845,0.030660732,0.030661719
4038,4038,right,0.438136853,-0.199912655,0.983464169,0.000000,0.000000,0.000000,0.000000,0.500000,0.021892937,0.022119835
4039,4039,left,0.456121547,0.252525729,1.077685927,-1.625933,0.157087,-0.053907,1.633504,0.703914,0.030971747,0.030972762
4039,4039,right,0.438136853,-0.199912655,0.983464169,0.000000,0.000000,0.000000,0.000000,0.500000,0.021892937,0.022119835
4040,4040,left,0.454528874,0.252679990,1.077601435,-1.592673,0.154261,-0.084491,1.600126,0.710927,0.031280313,0.031281359
4040,4040,right,0.438136853,-0.199912655,0.983464169,0.000000,0.000000,0.000000,0.000000,0.500000,0.021892937,0.022119835
4041,4041,left,0.452970365,0.252831207,1.077488200,-1.558509,0.151216,-0.113235,1.565827,0.717883,0.031586356,0.031587433
4041,4041,right,0.438136853,-0.199912655,0.983464169,0.000000,0.000000,0.000000,0.000000,0.500000,0.021892937,0.022119835
4042,4042,left,0.451445968,0.252979794,1.077347150,-1.524398,0.148587,-0.141050,1.531622,0.724780,0.031889789,0.031890899
4042,4042,right,0.438136853,-0.199912655,0.983464169,0.000000,0.000000,0.000000,0.000000,0.500000,0.021892937,0.022119835
4043,4043,left,0.449956343,0.253125499,1.077179865,-1.489625,0.145705,-0.167285,1.496734,0.731615,0.032190531,0.032191675
4043,4043,right,0.438136853,-0.199912655,0.983464169,0.000000,0.000000,0.000000,0.000000,0.500000,0.021892937,0.022119835
4044,4044,left,0.448501618,0.253268448,1.076986673,-1.454725,0.142949,-0.193192,1.461731,0.738388,0.032488517,0.032489695
4044,4044,right,0.438136853,-0.199912655,0.983464169,0.000000,0.000000,0.000000,0.000000,0.500000,0.021892937,0.022119835
4045,4045,left,0.447081867,0.253408683,1.076769527,-1.419751,0.140235,-0.217145,1.426660,0.745096,0.032783661,0.032784872
4045,4045,right,0.438136853,-0.199912655,0.983464169,0.000000,0.000000,0.000000,0.000000,0.500000,0.021892937,0.022119835
4046,4046,left,0.445697489,0.253546171,1.076529727,-1.384378,0.137488,-0.239800,1.391188,0.751738,0.033075895,0.033077143
4046,4046,right,0.438136853,-0.199912655,0.983464169,0.000000,0.000000,0.000000,0.000000,0.500000,0.021892937,0.022119835
4047,4047,left,0.444348341,0.253681059,1.076268707,-1.349148,0.134888,-0.261020,1.355874,0.758312,0.033365138,0.033366423
4047,4047,right,0.438136853,-0.199912655,0.983464169,0.000000,0.000000,0.000000,0.000000,0.500000,0.021892937,0.022119835
4048,4048,left,0.443034799,0.253813107,1.075986912,-1.313542,0.132048,-0.281795,1.320163,0.764817,0.033651326,0.033652648
4048,4048,right,0.438136853,-0.199912655,0.983464169,0.000000,0.000000,0.000000,0.000000,0.500000,0.021892937,0.022119835
4049,4049,left,0.441756559,0.253942778,1.075685929,-1.278240,0.129671,-0.300983,1.284800,0.771251,0.033934388,0.033935748
4049,4049,right,0.438136853,-0.199912655,0.983464169,0.000000,0.000000,0.000000,0.000000,0.500000,0.021892937,0.022119835
4050,4050,left,0.440513824,0.254069898,1.075367127,-1.242735,0.127120,-0.318802,1.249219,0.777612,0.034214251,0.034215648
4050,4050,right,0.438136853,-0.199912655,0.983464169,0.000000,0.000000,0.000000,0.000000,0.500000,0.021892937,0.022119835
4051,4051,left,0.439306310,0.254194474,1.075031918,-1.207514,0.124577,-0.335210,1.213923,0.783898,0.034490846,0.034492288
4051,4051,right,0.438136853,-0.199912655,0.983464169,0.000000,0.000000,0.000000,0.000000,0.500000,0.021892937,0.022119835
4052,4052,left,0.438134122,0.254316653,1.074680850,-1.172188,0.122178,-0.351068,1.178538,0.790110,0.034764115,0.034765594
4052,4052,right,0.438136853,-0.199912655,0.983464169,0.000000,0.000000,0.000000,0.000000,0.500000,0.021892937,0.022119835
4053,4053,left,0.436996726,0.254436181,1.074315737,-1.137396,0.119528,-0.365113,1.143659,0.796243,0.035033986,0.035035502
4053,4053,right,0.438136853,-0.199912655,0.983464169,0.000000,0.000000,0.000000,0.000000,0.500000,0.021892937,0.022119835
4054,4054,left,0.435893988,0.254553402,1.073937455,-1.102739,0.117221,-0.378282,1.108951,0.802299,0.035300400,0.035301961
4054,4054,right,0.438136853,-0.199912655,0.983464169,0.000000,0.000000,0.000000,0.000000,0.500000,0.021892937,0.022119835
4055,4055,left,0.434825819,0.254668213,1.073546788,-1.068169,0.114810,-0.390667,1.074321,0.808274,0.035563298,0.035564896
4055,4055,right,0.438136853,-0.199912655,0.983464169,0.000000,0.000000,0.000000,0.000000,0.500000,0.021892937,0.022119835
4056,4056,left,0.433791873,0.254780784,1.073145704,-1.033946,0.112572,-0.401084,1.040056,0.814168,0.035822611,0.035824254
4056,4056,right,0.438136853,-0.199912655,0.983464169,0.000000,0.000000,0.000000,0.000000,0.500000,0.021892937,0.022119835
4057,4057,left,0.432791642,0.254890880,1.072734449,-1.000231,0.110096,-0.411255,1.006272,0.819979,0.036078289,0.036079977
4057,4057,right,0.438136853,-0.199912655,0.983464169,0.000000,0.000000,0.000000,0.000000,0.500000,0.021892937,0.022119835
4058,4058,left,0.431824770,0.254998754,1.072314940,-0.966872,0.107874,-0.419509,0.972871,0.825707,0.036330279,0.036332004
4058,4058,right,0.438136853,-0.199912655,0.983464169,0.000000,0.000000,0.000000,0.000000,0.500000,0.021892937,0.022119835
4059,4059,left,0.430890994,0.255104358,1.071887526,-0.933776,0.105604,-0.427414,0.939728,0.831349,0.036578517,0.036580287
4059,4059,right,0.438136853,-0.199912655,0.983464169,0.000000,0.000000,0.000000,0.000000,0.500000,0.021892937,0.022119835
4060,4060,left,0.429989623,0.255207682,1.071453217,-0.901371,0.103324,-0.434309,0.907273,0.836905,0.036822960,0.036824770
4060,4060,right,0.438136853,-0.199912655,0.983464169,0.000000,0.000000,0.000000,0.000000,0.500000,0.021892937,0.022119835
4061,4061,left,0.429120190,0.255308907,1.071013455,-0.869433,0.101224,-0.439761,0.875306,0.842374,0.037063550,0.037065402
4061,4061,right,0.438136853,-0.199912655,0.983464169,0.000000,0.000000,0.000000,0.000000,0.500000,0.021892937,0.022119835
4062,4062,left,0.428282327,0.255407896,1.070568724,-0.837864,0.098989,-0.444732,0.843691,0.847754,0.037300244,0.037302140
4062,4062,right,0.438136853,-0.199912655,0.983464169,0.000000,0.000000,0.000000,0.000000,0.500000,0.021892937,0.022119835
4063,4063,left,0.427475522,0.255504666,1.070120752,-0.806804,0.096770,-0.447972,0.812587,0.853044,0.037532993,0.037534926
4063,4063,right,0.438136853,-0.199912655,0.983464169,0.000000,0.000000,0.000000,0.000000,0.500000,0.021892937,0.022119835
4064,4064,left,0.426699033,0.255599436,1.069669489,-0.776489,0.094770,-0.451262,0.782251,0.858243,0.037761752,0.037763730
4064,4064,right,0.438136853,-0.199912655,0.983464169,0.000000,0.000000,0.000000,0.000000,0.500000,0.021892937,0.022119835
4065,4065,left,0.425952329,0.255692068,1.069216614,-0.746705,0.092632,-0.452875,0.752428,0.863351,0.037986476,0.037988495
4065,4065,right,0.438136853,-0.199912655,0.983464169,0.000000,0.000000,0.000000,0.000000,0.500000,0.021892937,0.022119835
4066,4066,left,0.425234745,0.255782646,1.068762227,-0.717584,0.090578,-0.454386,0.723278,0.868366,0.038207129,0.038209189
4066,4066,right,0.438136853,-0.199912655,0.983464169,0.000000,0.000000,0.000000,0.000000,0.500000,0.021892937,0.022119835
4067,4067,left,0.424545841,0.255871180,1.068307828,-0.688904,0.088535,-0.454400,0.694570,0.873288,0.038423672,0.038425770
4067,4067,right,0.438136853,-0.199912655,0.983464169,0.000000,0.000000,0.000000,0.000000,0.500000,0.021892937,0.022119835
4068,4068,left,0.423884807,0.255957664,1.067853711,-0.661034,0.086484,-0.454117,0.666667,0.878116,0.038636062,0.038638204
4068,4068,right,0.438136853,-0.199912655,0.983464169,0.000000,0.000000,0.000000,0.000000,0.500000,0.021892937,0.022119835
4069,4069,left,0.423250991,0.256042144,1.067400831,-0.633815,0.084480,-0.452879,0.639421,0.882848,0.038844272,0.038846452
4069,4069,right,0.438136853,-0.199912655,0.983464169,0.000000,0.000000,0.000000,0.000000,0.500000,0.021892937,0.022119835
4070,4070,left,0.422643832,0.256124605,1.066949908,-0.607159,0.082460,-0.450923,0.612733,0.887485,0.039048269,0.039050486
4070,4070,right,0.438136853,-0.199912655,0.983464169,0.000000,0.000000,0.000000,0.000000,0.500000,0.021892937,0.022119835
4071,4071,left,0.422062457,0.256205129,1.066501856,-0.581375,0.080525,-0.448052,0.586925,0.892025,0.039248019,0.039250277
4071,4071,right,0.438136853,-0.199912655,0.983464169,0.000000,0.000000,0.000000,0.000000,0.500000,0.021892937,0.022119835
4072,4072,left,0.421506321,0.256283679,1.066056635,-0.556137,0.078550,-0.445221,0.561656,0.896469,0.039443504,0.039445799
4072,4072,right,0.438136853,-0.199912655,0.983464169,0.000000,0.000000,0.000000,0.000000,0.500000,0.021892937,0.022119835
4073,4073,left,0.420974675,0.256360311,1.065615897,-0.531646,0.076632,-0.440737,0.537140,0.900814,0.039634686,0.039637018
4073,4073,right,0.438136853,-0.199912655,0.983464169,0.000000,0.000000,0.000000,0.000000,0.500000,0.021892937,0.022119835
4074,4074,left,0.420466922,0.256435008,1.065179309,-0.507753,0.074696,-0.436588,0.513218,0.905061,0.039821554,0.039823923
4074,4074,right,0.438136853,-0.199912655,0.983464169,0.000000,0.000000,0.000000,0.000000,0.500000,0.021892937,0.022119835
4075,4075,left,0.419982214,0.256507829,1.064747947,-0.484709,0.072822,-0.431362,0.490148,0.909210,0.040004082,0.040006485
4075,4075,right,0.438136853,-0.199912655,0.983464169,0.000000,0.000000,0.000000,0.000000,0.500000,0.021892937,0.022119835
4076,4076,left,0.419519915,0.256578655,1.064322107,-0.462298,0.070826,-0.425840,0.467692,0.913260,0.040182251,0.040184692
4076,4076,right,0.438136853,-0.199912655,0.983464169,0.000000,0.000000,0.000000,0.000000,0.500000,0.021892937,0.022119835
4077,4077,left,0.419079243,0.256647826,1.063902090,-0.440673,0.069171,-0.420017,0.446069,0.917210,0.040356047,0.040358521
4077,4077,right,0.438136853,-0.199912655,0.983464169,0.000000,0.000000,0.000000,0.000000,0.500000,0.021892937,0.022119835
4078,4078,left,0.418659613,0.256714986,1.063488954,-0.419630,0.067160,-0.413136,0.424970,0.921061,0.040525462,0.040527970
4078,4078,right,0.438136853,-0.199912655,0.983464169,0.000000,0.000000,0.000000,0.000000,0.500000,0.021892937,0.022119835
4079,4079,left,0.418260251,0.256780341,1.063082603,-0.399362,0.065355,-0.406351,0.404674,0.924812,0.040690478,0.040693019
4079,4079,right,0.438136853,-0.199912655,0.983464169,0.000000,0.000000,0.000000,0.000000,0.500000,0.021892937,0.022119835
4080,4080,left,0.417880425,0.256843860,1.062683913,-0.379826,0.063519,-0.398690,0.385101,0.928462,0.040851098,0.040853672
4080,4080,right,0.438136853,-0.199912655,0.983464169,0.000000,0.000000,0.000000,0.000000,0.500000,0.021892937,0.022119835
4081,4081,left,0.417519548,0.256905387,1.062292868,-0.360877,0.061527,-0.391044,0.366085,0.932013,0.041007306,0.041009910
4081,4081,right,0.438136853,-0.199912655,0.983464169,0.000000,0.000000,0.000000,0.000000,0.500000,0.021892937,0.022119835
4082,4082,left,0.417176903,0.256965394,1.061910007,-0.342644,0.060007,-0.382862,0.347859,0.935463,0.041159105,0.041161738
4082,4082,right,0.438136853,-0.199912655,0.983464169,0.000000,0.000000,0.000000,0.000000,0.500000,0.021892937,0.022119835
4083,4083,left,0.416851815,0.257023383,1.061535648,-0.325088,0.057989,-0.374358,0.330220,0.938813,0.041306492,0.041309156
4083,4083,right,0.438136853,-0.199912655,0.983464169,0.000000,0.000000,0.000000,0.000000,0.500000,0.021892937,0.022119835
4084,4084,left,0.416543512,0.257079640,1.061169995,-0.308303,0.056257,-0.365653,0.313393,0.942063,0.041449476,0.041452169
4084,4084,right,0.438136853,-0.199912655,0.983464169,0.000000,0.000000,0.000000,0.000000,0.500000,0.021892937,0.022119835
4085,4085,left,0.416251565,0.257134139,1.060813133,-0.291947,0.054500,-0.356863,0.296991,0.945213,0.041588061,0.041590780
4085,4085,right,0.438136853,-0.199912655,0.983464169,0.000000,0.000000,0.000000,0.000000,0.500000,0.021892937,0.022119835
4086,4086,left,0.415975077,0.257186939,1.060465771,-0.276488,0.052799,-0.347362,0.281484,0.948264,0.041722257,0.041725002
4086,4086,right,0.438136853,-0.199912655,0.983464169,0.000000,0.000000,0.000000,0.000000,0.500000,0.021892937,0.022119835
4087,4087,left,0.415713624,0.257237888,1.060127775,-0.261453,0.050950,-0.337995,0.266371,0.951214,0.041852072,0.041854843
4087,4087,right,0.438136853,-0.199912655,0.983464169,0.000000,0.000000,0.000000,0.000000,0.500000,0.021892937,0.022119835
4088,4088,left,0.415466475,0.257287133,1.059799678,-0.247150,0.049245,-0.328098,0.252008,0.954066,0.041977528,0.041980326
4088,4088,right,0.438136853,-0.199912655,0.983464169,0.000000,0.000000,0.000000,0.000000,0.500000,0.021892937,0.022119835
4089,4089,left,0.415233118,0.257334681,1.059481337,-0.233357,0.047548,-0.318341,0.238152,0.956818,0.042098638,0.042101458
4089,4089,right,0.438136853,-0.199912655,0.983464169,0.000000,0.000000,0.000000,0.000000,0.500000,0.021892937,0.022119835
4090,4090,left,0.415012882,0.257380473,1.059172889,-0.220236,0.045792,-0.308448,0.224946,0.959473,0.042215422,0.042218264
4090,4090,right,0.438136853,-0.199912655,0.983464169,0.000000,0.000000,0.000000,0.000000,0.500000,0.021892937,0.022119835
4091,4091,left,0.414835970,0.257422849,1.058952585,-0.176912,0.042376,-0.220304,0.181916,0.962030,0.042327903,0.042330768
4091,4091,right,0.438136853,-0.199912655,0.983464169,0.000000,0.000000,0.000000,0.000000,0.500000,0.021892937,0.022119835
4092,4092,left,0.414615559,0.257466626,1.058586657,-0.220412,0.043776,-0.365928,0.224717,0.964489,0.042436115,0.042439003
4092,4092,right,0.438136853,-0.199912655,0.983464169,0.000000,0.000000,0.000000,0.000000,0.500000,0.021892937,0.022119835
4093,4093,left,0.414456153,0.257505894,1.058380934,-0.159405,0.039268,-0.205723,0.164171,0.966852,0.042540081,0.042542990
4093,4093,right,0.438136853,-0.199912655,0.983464169,0.000000,0.000000,0.000000,0.000000,0.500000,0.021892937,0.022119835
4094,4094,left,0.414292086,0.257544446,1.058114376,-0.164067,0.038552,-0.266558,0.168535,0.969120,0.042639840,0.042642765
4094,4094,right,0.438136853,-0.199912655,0.983464169,0.000000,0.000000,0.000000,0.000000,0.500000,0.021892937,0.022119835
4095,4095,left,0.414132712,0.257581559,1.057854221,-0.159374,0.037114,-0.260155,0.163639,0.971292,0.042735424,0.042738371
4095,4095,right,0.438136853,-0.199912655,0.983464169,0.000000,0.000000,0.000000,0.000000,0.500000,0.021892937,0.022119835
4096,4096,left,0.413980710,0.257617444,1.057604901,-0.152002,0.035885,-0.249320,0.156180,0.973371,0.042826876,0.042829838
4096,4096,right,0.438136853,-0.199912655,0.983464169,0.000000,0.000000,0.000000,0.000000,0.500000,0.021892937,0.022119835
4097,4097,left,0.413837178,0.257651696,1.057365294,-0.143532,0.034252,-0.239607,0.147563,0.975357,0.042914238,0.042917214
4097,4097,right,0.438136853,-0.199912655,0.983464169,0.000000,0.000000,0.000000,0.000000,0.500000,0.021892937,0.022119835
4098,4098,left,0.413702076,0.257684571,1.057136312,-0.135101,0.032875,-0.228982,0.139043,0.977250,0.042997558,0.043000549
4098,4098,right,0.438136853,-0.199912655,0.983464169,0.000000,0.000000,0.000000,0.000000,0.500000,0.021892937,0.022119835
4099,4099,left,0.413575393,0.257715636,1.056918130,-0.126683,0.031064,-0.218181,0.130436,0.979053,0.043076884,0.043079890
4099,4099,right,0.438136853,-0.199912655,0.983464169,0.000000,0.000000,0.000000,0.000000,0.500000,0.021892937,0.022119835
4100,4100,left,0.413456725,0.257745472,1.056709688,-0.118668,0.029836,-0.208442,0.122361,0.980767,0.043152269,0.043155290
4100,4100,right,0.438136853,-0.199912655,0.983464169,0.000000,0.000000,0.000000,0.000000,0.500000,0.021892937,0.022119835
4101,4101,left,0.413345918,0.257773594,1.056511618,-0.110808,0.028121,-0.198070,0.114320,0.982392,0.043223768,0.043226805
4101,4101,right,0.438136853,-0.199912655,0.983464169,0.000000,0.000000,0.000000,0.000000,0.500000,0.021892937,0.022119835
4102,4102,left,0.413242466,0.257800221,1.056323792,-0.103452,0.026628,-0.187827,0.106824,0.983930,0.043291446,0.043294497
4102,4102,right,0.438136853,-0.199912655,0.983464169,0.000000,0.000000,0.000000,0.000000,0.500000,0.021892937,0.022119835
4103,4103,left,0.413146127,0.257825425,1.056146203,-0.096339,0.025203,-0.177589,0.099581,0.985383,0.043355368,0.043358427
4103,4103,right,0.438136853,-0.199912655,0.983464169,0.000000,0.000000,0.000000,0.000000,0.500000,0.021892937,0.022119835
4104,4104,left,0.413056552,0.257849284,1.055977640,-0.089575,0.023859,-0.168563,0.092698,0.986752,0.043415595,0.043418668
4104,4104,right,0.438136853,-0.199912655,0.983464169,0.000000,0.000000,0.000000,0.000000,0.500000,0.021892937,0.022119835
4105,4105,left,0.412973337,0.257871596,1.055819647,-0.083215,0.022312,-0.157993,0.086155,0.988039,0.043472204,0.043475285
4105,4105,right,0.438136853,-0.199912655,0.983464169,0.000000,0.000000,0.000000,0.000000,0.500000,0.021892937,0.022119835
4106,4106,left,0.412896263,0.257892542,1.055670900,-0.077074,0.020946,-0.148747,0.079869,0.989245,0.043525264,0.043528359
4106,4106,right,0.438136853,-0.199912655,0.983464169,0.000000,0.000000,0.000000,0.000000,0.500000,0.021892937,0.022119835
4107,4107,left,0.412824986,0.257912111,1.055531631,-0.071277,0.019570,-0.139269,0.073915,0.990372,0.043574858,0.043577962
4107,4107,right,0.438136853,-0.199912655,0.983464169,0.000000,0.000000,0.000000,0.000000,0.500000,0.021892937,0.022119835
4108,4108,left,0.412759185,0.257930309,1.055401757,-0.065801,0.018198,-0.129874,0.068271,0.991422,0.043621071,0.043624181
4108,4108,right,0.438136853,-0.199912655,0.983464169,0.000000,0.000000,0.000000,0.000000,0.500000,0.021892937,0.022119835
4109,4109,left,0.412698648,0.257947286,1.055280801,-0.060538,0.016977,-0.120957,0.062873,0.992398,0.043663979,0.043667097
4109,4109,right,0.438136853,-0.199912655,0.983464169,0.000000,0.000000,0.000000,0.000000,0.500000,0.021892937,0.022119835
4110,4110,left,0.412643062,0.257963065,1.055168626,-0.055586,0.015778,-0.112174,0.057782,0.993300,0.043703679,0.043706805
4110,4110,right,0.438136853,-0.199912655,0.983464169,0.000000,0.000000,0.000000,0.000000,0.500000,0.021892937,0.022119835
4111,4111,left,0.412592112,0.257977560,1.055064743,-0.050950,0.014495,-0.103883,0.052972,0.994132,0.043740265,0.043743398
4111,4111,right,0.438136853,-0.199912655,0.983464169,0.000000,0.000000,0.000000,0.000000,0.500000,0.021892937,0.022119835
4112,4112,left,0.412545681,0.257990763,1.054969744,-0.046430,0.013203,-0.094999,0.048271,0.994895,0.043773830,0.043776970
4112,4112,right,0.438136853,-0.199912655,0.983464169,0.000000,0.000000,0.000000,0.000000,0.500000,0.021892937,0.022119835
4113,4113,left,0.412503462,0.258002917,1.054882412,-0.042219,0.012154,-0.087332,0.043933,0.995591,0.043804478,0.043807622
4113,4113,right,0.438136853,-0.199912655,0.983464169,0.000000,0.000000,0.000000,0.000000,0.500000,0.021892937,0.022119835
4114,4114,left,0.412465269,0.258013951,1.054803098,-0.038194,0.011034,-0.079315,0.039756,0.996224,0.043832321,0.043835469
4114,4114,right,0.438136853,-0.199912655,0.983464169,0.000000,0.000000,0.000000,0.000000,0.500000,0.021892937,0.022119835
4115,4115,left,0.412430838,0.258023958,1.054731316,-0.034431,0.010007,-0.071782,0.035856,0.996795,0.043857452,0.043860607
4115,4115,right,0.438136853,-0.199912655,0.983464169,0.000000,0.000000,0.000000,0.000000,0.500000,0.021892937,0.022119835
4116,4116,left,0.412399941,0.258032937,1.054666863,-0.030897,0.008979,-0.064452,0.032175,0.997308,0.043880001,0.043883156
4116,4116,right,0.438136853,-0.199912655,0.983464169,0.000000,0.000000,0.000000,0.000000,0.500000,0.021892937,0.022119835
4117,4117,left,0.412372487,0.258040857,1.054609116,-0.027454,0.007920,-0.057747,0.028573,0.997764,0.043900076,0.043903239
4117,4117,right,0.438136853,-0.199912655,0.983464169,0.000000,0.000000,0.000000,0.000000,0.500000,0.021892937,0.022119835
4118,4118,left,0.412348141,0.258047883,1.054558047,-0.024347,0.007026,-0.051069,0.025340,0.998167,0.043917805,0.043920968
4118,4118,right,0.438136853,-0.199912655,0.983464169,0.000000,0.000000,0.000000,0.000000,0.500000,0.021892937,0.022119835
4119,4119,left,0.412326834,0.258054052,1.054513196,-0.021307,0.006169,-0.044851,0.022182,0.998519,0.043933306,0.043936476
4119,4119,right,0.438136853,-0.199912655,0.983464169,0.000000,0.000000,0.000000,0.000000,0.500000,0.021892937,0.022119835
4120,4120,left,0.412308190,0.258059476,1.054474308,-0.018644,0.005423,-0.038888,0.019417,0.998824,0.043946717,0.043949887
4120,4120,right,0.438136853,-0.199912655,0.983464169,0.000000,0.000000,0.000000,0.000000,0.500000,0.021892937,0.022119835
4121,4121,left,0.412292256,0.258063972,1.054441018,-0.015934,0.004497,-0.033290,0.016556,0.999085,0.043958168,0.043961339
4121,4121,right,0.438136853,-0.199912655,0.983464169,0.000000,0.000000,0.000000,0.000000,0.500000,0.021892937,0.022119835
4122,4122,left,0.412278649,0.258067837,1.054412887,-0.013607,0.003865,-0.028131,0.014145,0.999303,0.043967802,0.043970972
4122,4122,right,0.438136853,-0.199912655,0.983464169,0.000000,0.000000,0.000000,0.000000,0.500000,0.021892937,0.022119835
4123,4123,left,0.412267311,0.258071151,1.054389481,-0.011338,0.003314,-0.023406,0.011812,0.999484,0.043975752,0.043978930
4123,4123,right,0.438136853,-0.199912655,0.983464169,0.000000,0.000000,0.000000,0.000000,0.500000,0.021892937,0.022119835
4124,4124,left,0.412257924,0.258073679,1.054370069,-0.009387,0.002528,-0.019412,0.009722,0.999630,0.043982178,0.043985356
4124,4124,right,0.438136853,-0.199912655,0.983464169,0.000000,0.000000,0.000000,0.000000,0.500000,0.021892937,0.022119835
4125,4125,left,0.412250334,0.258075677,1.054355051,-0.007590,0.001998,-0.015018,0.007849,0.999745,0.043987226,0.043990403
4125,4125,right,0.438136853,-0.199912655,0.983464169,0.000000,0.000000,0.000000,0.000000,0.500000,0.021892937,0.022119835
4126,4126,left,0.412244420,0.258077266,1.054343636,-0.005914,0.001589,-0.011415,0.006124,0.999832,0.043991052,0.043994229
4126,4126,right,0.438136853,-0.199912655,0.983464169,0.000000,0.000000,0.000000,0.000000,0.500000,0.021892937,0.022119835
4127,4127,left,0.412244420,0.258077266,1.054343636,0.000000,0.000000,0.000000,0.000000,0.999895,0.043993816,0.043996993
4127,4127,right,0.438136853,-0.199912655,0.983464169,0.000000,0.000000,0.000000,0.000000,0.500000,0.021892937,0.022119835
4128,4128,left,0.412238327,0.258079067,1.054331290,-0.006092,0.001802,-0.012346,0.006353,0.999937,0.043995682,0.043998860
4128,4128,right,0.438136853,-0.199912655,0.983464169,0.000000,0.000000,0.000000,0.000000,0.500000,0.021892937,0.022119835
4129,4129,left,0.412238327,0.258079067,1.054331290,0.000000,0.000000,0.000000,0.000000,0.999963,0.043996826,0.044000003
4129,4129,right,0.438136853,-0.199912655,0.983464169,0.000000,0.000000,0.000000,0.000000,0.500000,0.021892937,0.022119835
4130,4130,left,0.412238327,0.258079067,1.054331290,0.000000,-0.000000,-0.000000,0.000000,0.999977,0.043997418,0.044000596
4130,4130,right,0.438136853,-0.199912655,0.983464169,0.000000,0.000000,0.000000,0.000000,0.500000,0.021892937,0.022119835
4131,4131,left,0.412238327,0.258079067,1.054331290,0.000000,0.000000,0.000000,0.000000,0.999982,0.043997638,0.044000816
4131,4131,right,0.438136853,-0.199912655,0.983464169,0.000000,0.000000,0.000000,0.000000,0.500000,0.021892937,0.022119835
4132,4132,left,0.412238327,0.258079067,1.054331290,0.000000,0.000000,0.000000,0.000000,0.999982,0.043997671,0.044000849
4132,4132,right,0.438136853,-0.199912655,0.983464169,0.000000,0.000000,0.000000,0.000000,0.500000,0.021892937,0.022119835
4133,4133,left,0.412238327,0.258079067,1.054331290,0.000000,0.000000,0.000000,0.000000,0.999982,0.043997671,0.044000849
4133,4133,right,0.438136853,-0.199912655,0.983464169,0.000000,0.000000,0.000000,0.000000,0.500001,0.021892961,0.022119859
4134,4134,left,0.412238327,0.258079067,1.054331290,0.000000,0.000000,0.000000,0.000000,0.999982,0.043997671,0.044000849
4134,4134,right,0.438136853,-0.199912655,0.983464169,0.000000,0.000000,0.000000,0.000000,0.500004,0.021893132,0.022120031
4135,4135,left,0.412238327,0.258079067,1.054331290,0.000000,0.000000,0.000000,0.000000,0.999982,0.043997671,0.044000849
4135,4135,right,0.438136853,-0.199912655,0.983464169,0.000000,0.000000,0.000000,0.000000,0.500015,0.021893591,0.022120489
4136,4136,left,0.412238327,0.258079067,1.054331290,0.000000,0.000000,0.000000,0.000000,0.999982,0.043997671,0.044000849
4136,4136,right,0.438127386,-0.199914468,0.983468837,-0.009466,-0.001812,0.004668,0.009638,0.500035,0.021894475,0.022121368
4137,4137,left,0.412238327,0.258079067,1.054331290,-0.000000,0.000000,0.000000,0.000000,0.999982,0.043997671,0.044000849
4137,4137,right,0.438116376,-0.199913855,0.983471990,-0.011010,0.000612,0.003153,0.011027,0.500068,0.021895915,0.022122802
4138,4138,left,0.412238327,0.258079067,1.054331290,0.000000,0.000000,0.000000,0.000000,0.999982,0.043997671,0.044000849
4138,4138,right,0.438100908,-0.199913909,0.983477157,-0.015468,-0.000054,0.005167,0.015468,0.500116,0.021898041,0.022124920
4139,4139,left,0.412238327,0.258079067,1.054331290,0.000000,-0.000000,-0.000000,0.000000,0.999982,0.043997671,0.044000849
4139,4139,right,0.438079704,-0.199913725,0.983484414,-0.021204,0.000184,0.007257,0.021205,0.500182,0.021900972,0.022127843
4140,4140,left,0.412238327,0.258079067,1.054331290,0.000000,0.000000,0.000000,0.000000,0.999982,0.043997671,0.044000849
4140,4140,right,0.438051655,-0.199913579,0.983493637,-0.028049,0.000146,0.009222,0.028049,0.500270,0.021904830,0.022131687
4141,4141,left,0.412238327,0.258079067,1.054331290,0.000000,0.000000,0.000000,0.000000,0.999982,0.043997671,0.044000849
4141,4141,right,0.438015803,-0.199912998,0.983505725,-0.035852,0.000581,0.012089,0.035857,0.500381,0.021909725,0.022136565
4142,4142,left,0.412238327,0.258079067,1.054331290,0.000000,0.000000,0.000000,0.000000,0.999982,0.043997671,0.044000849
4142,4142,right,0.437971447,-0.199912149,0.983519855,-0.044356,0.000850,0.014130,0.044364,0.500518,0.021915765,0.022142585
4143,4143,left,0.412238327,0.258079067,1.054331290,0.000000,0.000000,0.000000,0.000000,0.999982,0.043997671,0.044000849
4143,4143,right,0.437917721,-0.199910775,0.983536867,-0.053726,0.001373,0.017012,0.053744,0.500684,0.021923061,0.022149855
4144,4144,left,0.412238327,0.258079067,1.054331290,0.000000,0.000000,0.000000,0.000000,0.999982,0.043997671,0.044000849
4144,4144,right,0.437853893,-0.199909056,0.983557105,-0.063828,0.001720,0.020239,0.063851,0.500880,0.021931706,0.022158472
4145,4145,left,0.412238327,0.258079067,1.054331290,0.000000,0.000000,0.000000,0.000000,0.999982,0.043997671,0.044000849
4145,4145,right,0.437779471,-0.199906848,0.983580447,-0.074422,0.002208,0.023342,0.074455,0.501109,0.021941800,0.022168530
4146,4146,left,0.412238327,0.258079067,1.054331290,0.000000,0.000000,0.000000,0.000000,0.999982,0.043997671,0.044000849
4146,4146,right,0.437693706,-0.199904378,0.983607176,-0.085765,0.002469,0.026729,0.085801,0.501373,0.021953430,0.022180120
4147,4147,left,0.412238327,0.258079067,1.054331290,0.000000,0.000000,0.000000,0.000000,0.999982,0.043997671,0.044000849
4147,4147,right,0.437595785,-0.199901346,0.983637126,-0.097921,0.003032,0.029949,0.097968,0.501674,0.021966686,0.022193331
4148,4148,left,0.412238327,0.258079067,1.054331290,0.000000,0.000000,0.000000,0.000000,0.999982,0.043997671,0.044000849
4148,4148,right,0.437485449,-0.199897907,0.983670993,-0.110335,0.003439,0.033867,0.110389,0.502013,0.021981653,0.022208244
4149,4149,left,0.412238327,0.258079067,1.054331290,0.000000,0.000000,0.000000,0.000000,0.999982,0.043997671,0.044000849
4149,4149,right,0.437362378,-0.199894124,0.983708833,-0.123071,0.003783,0.037840,0.123129,0.502394,0.021998405,0.022224937
4150,4150,left,0.412238327,0.258079067,1.054331290,-0.000000,0.000000,0.000000,0.000000,0.999982,0.043997671,0.044000849
4150,4150,right,0.437225375,-0.199890058,0.983750502,-0.137003,0.004066,0.041669,0.137063,0.502816,0.022017024,0.022243485
4151,4151,left,0.412238327,0.258079067,1.054331290,0.000000,-0.000000,-0.000000,0.000000,0.999982,0.043997671,0.044000849
4151,4151,right,0.437074843,-0.199885783,0.983795775,-0.150532,0.004275,0.045273,0.150592,0.503282,0.022037573,0.022263957
4152,4152,left,0.412238327,0.258079067,1.054331290,-0.000000,0.000000,0.000000,0.000000,0.999982,0.043997671,0.044000849
4152,4152,right,0.436910192,-0.199881428,0.983845833,-0.164652,0.004355,0.050058,0.164709,0.503794,0.022060124,0.022286419
4153,4153,left,0.412238327,0.258079067,1.054331290,0.000000,-0.000000,-0.000000,0.000000,0.999982,0.043997671,0.044000849
4153,4153,right,0.436731019,-0.199877000,0.983899657,-0.179173,0.004428,0.053823,0.179228,0.504353,0.022084737,0.022310935
4154,4154,left,0.412238327,0.258079067,1.054331290,0.000000,0.000000,0.000000,0.000000,0.999982,0.043997671,0.044000849
4154,4154,right,0.436537293,-0.199872604,0.983957900,-0.193726,0.004396,0.058244,0.193775,0.504959,0.022111474,0.022337561
4155,4155,left,0.412238327,0.258079067,1.054331290,0.000000,0.000000,0.000000,0.000000,0.999982,0.043997671,0.044000849
4155,4155,right,0.436328822,-0.199868644,0.984020167,-0.208471,0.003960,0.062267,0.208509,0.505615,0.022140389,0.022366354
4156,4156,left,0.412238327,0.258079067,1.054331290,0.000000,0.000000,0.000000,0.000000,0.999982,0.043997671,0.044000849
4156,4156,right,0.436105422,-0.199865128,0.984087023,-0.223400,0.003515,0.066856,0.223428,0.506322,0.022171535,0.022397362
4157,4157,left,0.412238327,0.258079067,1.054331290,0.000000,0.000000,0.000000,0.000000,0.999982,0.043997671,0.044000849
4157,4157,right,0.435867053,-0.199862328,0.984157976,-0.238369,0.002801,0.070953,0.238385,0.507080,0.022204956,0.022430634
4158,4158,left,0.412238327,0.258079067,1.054331290,0.000000,0.000000,0.000000,0.000000,0.999982,0.043997671,0.044000849
4158,4158,right,0.435613823,-0.199860407,0.984233544,-0.253230,0.001920,0.075568,0.253237,0.507890,0.022240702,0.022466213
4159,4159,left,0.412238327,0.258079067,1.054331290,0.000000,0.000000,0.000000,0.000000,0.999982,0.043997671,0.044000849
4159,4159,right,0.435290746,-0.199794366,0.984279101,-0.323077,0.066041,0.045556,0.329758,0.508755,0.022278795,0.022504149
4160,4160,left,0.412238327,0.258079067,1.054331290,-0.000000,0.000000,0.000000,0.000000,0.999982,0.043997671,0.044000849
4160,4160,right,0.435058347,-0.199851207,0.984392313,-0.232398,-0.056841,0.113212,0.239249,0.509673,0.022319315,0.022544440
4161,4161,left,0.412238327,0.258079067,1.054331290,0.000000,-0.000000,-0.000000,0.000000,0.999982,0.043997671,0.044000849
4161,4161,right,0.434703952,-0.199788909,0.984446609,-0.354395,0.062298,0.054296,0.359829,0.510647,0.022362245,0.022587175
4162,4162,left,0.412238327,0.258079067,1.054331290,0.000000,0.000000,0.000000,0.000000,0.999982,0.043997671,0.044000849
4162,4162,right,0.434388330,-0.199787824,0.984535979,-0.315622,0.001084,0.089370,0.315624,0.511677,0.022407651,0.022632338
4163,4163,left,0.412238327,0.258079067,1.054331290,0.000000,0.000000,0.000000,0.000000,0.999982,0.043997671,0.044000849
4163,4163,right,0.434059145,-0.199790135,0.984630389,-0.329185,-0.002311,0.094410,0.329193,0.512763,0.022455551,0.022679970
4164,4164,left,0.412238327,0.258079067,1.054331290,-0.000000,0.000000,0.000000,0.000000,0.999982,0.043997671,0.044000849
4164,4164,right,0.433716580,-0.199795298,0.984728806,-0.342565,-0.005163,0.098417,0.342604,0.513906,0.022505967,0.022730095
4165,4165,left,0.412238327,0.258079067,1.054331290,0.000000,-0.000000,-0.000000,0.000000,0.999982,0.043997671,0.044000849
4165,4165,right,0.433360828,-0.199803416,0.984831797,-0.355752,-0.008118,0.102991,0.355845,0.515106,0.022558922,0.022782730
4166,4166,left,0.412238327,0.258079067,1.054331290,0.000000,0.000000,0.000000,0.000000,0.999982,0.043997671,0.044000849
4166,4166,right,0.432992414,-0.199815083,0.984938415,-0.368413,-0.011667,0.106618,0.368598,0.516364,0.022614431,0.022837888
4167,4167,left,0.412238327,0.258079067,1.054331290,0.000000,0.000000,0.000000,0.000000,0.999982,0.043997671,0.044000849
4167,4167,right,0.432611757,-0.199830711,0.985049547,-0.380657,-0.015628,0.111132,0.380978,0.517680,0.022672510,0.022895588
4168,4168,left,0.412238327,0.258079067,1.054331290,0.000000,0.000000,0.000000,0.000000,0.999982,0.043997671,0.044000849
4168,4168,right,0.432219339,-0.199850512,0.985164568,-0.392418,-0.019802,0.115022,0.392917,0.519054,0.022733169,0.022955833
4169,4169,left,0.412238327,0.258079067,1.054331290,0.000000,0.000000,0.000000,0.000000,0.999982,0.043997671,0.044000849
4169,4169,right,0.431816160,-0.199875184,0.985283579,-0.403179,-0.024672,0.119011,0.403933,0.520487,0.022796419,0.023018636
4170,4170,left,0.412238327,0.258079067,1.054331290,-0.000000,0.000000,0.000000,0.000000,0.999982,0.043997671,0.044000849
4170,4170,right,0.431402778,-0.199905145,0.985406782,-0.413382,-0.029961,0.123203,0.414466,0.521979,0.022862261,0.023083994
4171,4171,left,0.412238327,0.258079067,1.054331290,0.000000,-0.000000,-0.000000,0.000000,0.999982,0.043997671,0.044000849
4171,4171,right,0.430979542,-0.199940656,0.985534190,-0.423236,-0.035511,0.127408,0.424723,0.523529,0.022930704,0.023151910
4172,4172,left,0.412238327,0.258079067,1.054331290,0.000000,0.000000,0.000000,0.000000,0.999982,0.043997671,0.044000849
4172,4172,right,0.430548014,-0.199982571,0.985665483,-0.431529,-0.041915,0.131293,0.433559,0.525138,0.023001743,0.023222383
4173,4173,left,0.412238327,0.258079067,1.054331290,0.000000,0.000000,0.000000,0.000000,0.999982,0.043997671,0.044000849
4173,4173,right,0.430108405,-0.200031076,0.985801433,-0.439609,-0.048506,0.135950,0.442277,0.526805,0.023075376,0.023295404
4174,4174,left,0.412238327,0.258079067,1.054331290,-0.000000,0.000000,0.000000,0.000000,0.999982,0.043997671,0.044000849
4174,4174,right,0.429661844,-0.200086697,0.985941360,-0.446561,-0.055620,0.139927,0.450012,0.528530,0.023151599,0.023370968
4175,4175,left,0.412238327,0.258079067,1.054331290,0.000000,-0.000000,-0.000000,0.000000,0.999982,0.043997671,0.044000849
4175,4175,right,0.429209016,-0.200149970,0.986086060,-0.452828,-0.063273,0.144700,0.457227,0.530314,0.023230402,0.023449063
4176,4176,left,0.412238327,0.258079067,1.054331290,0.000000,0.000000,0.000000,0.000000,0.999982,0.043997671,0.044000849
4176,4176,right,0.428751146,-0.200221529,0.986235044,-0.457869,-0.071559,0.148983,0.463427,0.532155,0.023311773,0.023529679
4177,4177,left,0.412238327,0.258079067,1.054331290,0.000000,0.000000,0.000000,0.000000,0.999982,0.043997671,0.044000849
4177,4177,right,0.428288896,-0.200301650,0.986388777,-0.462251,-0.080121,0.153733,0.469143,0.534054,0.023395704,0.023612795
4178,4178,left,0.412238327,0.258079067,1.054331290,0.000000,0.000000,0.000000,0.000000,0.999982,0.043997671,0.044000849
4178,4178,right,0.427823356,-0.200390935,0.986547242,-0.465540,-0.089285,0.158465,0.474025,0.536010,0.023482170,0.023698393
4179,4179,left,0.412238327,0.258079067,1.054331290,0.000000,0.000000,0.000000,0.000000,0.999982,0.043997671,0.044000849
4179,4179,right,0.427355561,-0.200489804,0.986710769,-0.467794,-0.098869,0.163527,0.478128,0.538023,0.023571160,0.023786454
4180,4180,left,0.412238327,0.258079067,1.054331290,0.000000,0.000000,0.000000,0.000000,0.999982,0.043997671,0.044000849
4180,4180,right,0.426886743,-0.200598843,0.986879728,-0.468818,-0.109039,0.168959,0.481332,0.540092,0.023662649,0.023876952
4181,4181,left,0.412238327,0.258079067,1.054331290,-0.000000,0.000000,0.000000,0.000000,0.999982,0.043997671,0.044000849
4181,4181,right,0.426417489,-0.200718351,0.987054337,-0.469254,-0.119509,0.174609,0.484233,0.542217,0.023756614,0.023969864
4182,4182,left,0.412238327,0.258079067,1.054331290,0.000000,-0.000000,-0.000000,0.000000,0.999982,0.043997671,0.044000849
4182,4182,right,0.425949393,-0.200849011,0.987234971,-0.468096,-0.130659,0.180634,0.485989,0.544396,0.023853030,0.024065163
4183,4183,left,0.412238327,0.258079067,1.054331290,0.000000,0.000000,0.000000,0.000000,0.999982,0.043997671,0.044000849
4183,4183,right,0.425482909,-0.200991133,0.987421599,-0.466485,-0.142122,0.186628,0.487654,0.546630,0.023951869,0.024162812
4184,4184,left,0.412238327,0.258079067,1.054331290,0.000000,0.000000,0.000000,0.000000,0.999982,0.043997671,0.044000849
4184,4184,right,0.425019631,-0.201145024,0.987615249,-0.463277,-0.153891,0.193650,0.488169,0.548917,0.024053099,0.024262784
4185,4185,left,0.412238327,0.258079067,1.054331290,0.000000,0.000000,0.000000,0.000000,0.999982,0.043997671,0.044000849
4185,4185,right,0.424560301,-0.201311099,0.987815816,-0.459331,-0.166075,0.200566,0.488432,0.551257,0.024156690,0.024365045
4186,4186,left,0.412238327,0.258079067,1.054331290,0.000000,0.000000,0.000000,0.000000,0.999982,0.043997671,0.044000849
4186,4186,right,0.424105924,-0.201489829,0.988023898,-0.454376,-0.178729,0.208083,0.488264,0.553650,0.024262605,0.024469553
4187,4187,left,0.412238327,0.258079067,1.054331290,0.000000,0.000000,0.000000,0.000000,0.999982,0.043997671,0.044000849
4187,4187,right,0.423657645,-0.201681773,0.988240251,-0.448280,-0.191944,0.216353,0.487645,0.556093,0.024370810,0.024576275
4188,4188,left,0.412238327,0.258079067,1.054331290,0.000000,0.000000,0.000000,0.000000,0.999982,0.043997671,0.044000849
4188,4188,right,0.423216527,-0.201886717,0.988464866,-0.441118,-0.204944,0.224615,0.486402,0.558587,0.024481265,0.024685167
4189,4189,left,0.412238327,0.258079067,1.054331290,0.000000,0.000000,0.000000,0.000000,0.999982,0.043997671,0.044000849
4189,4189,right,0.422783460,-0.202105335,0.988699141,-0.433067,-0.218618,0.234275,0.485119,0.561130,0.024593929,0.024796186
4190,4190,left,0.412238327,0.258079067,1.054331290,0.000000,0.000000,0.000000,0.000000,0.999982,0.043997671,0.044000849
4190,4190,right,0.422359433,-0.202337625,0.988942993,-0.424027,-0.232290,0.243852,0.483485,0.563721,0.024708757,0.024909290
4191,4191,left,0.412238327,0.258079067,1.054331290,0.000000,0.000000,0.000000,0.000000,0.999982,0.043997671,0.044000849
4191,4191,right,0.421945411,-0.202584285,0.989197465,-0.414022,-0.246660,0.254472,0.481929,0.566360,0.024825707,0.025024431
4192,4192,left,0.412238327,0.258079067,1.054331290,0.000000,0.000000,0.000000,0.000000,0.999982,0.043997671,0.044000849
4192,4192,right,0.421542129,-0.202845033,0.989463003,-0.403282,-0.260748,0.265539,0.480235,0.569045,0.024944736,0.025141565
4193,4193,left,0.412238327,0.258079067,1.054331290,0.000000,0.000000,0.000000,0.000000,0.999982,0.043997671,0.044000849
4193,4193,right,0.421150281,-0.203120144,0.989740160,-0.391847,-0.275111,0.277156,0.478780,0.571775,0.025065787,0.025260637
4194,4194,left,0.412238327,0.258079067,1.054331290,-0.000000,0.000000,0.000000,0.000000,0.999982,0.043997671,0.044000849
4194,4194,right,0.420771197,-0.203409811,0.990030056,-0.379084,-0.289667,0.289896,0.477087,0.574549,0.025188819,0.025381600
4195,4195,left,0.412238327,0.258079067,1.054331290,0.000000,-0.000000,-0.000000,0.000000,0.999982,0.043997671,0.044000849
4195,4195,right,0.420405121,-0.203714060,0.990333628,-0.366077,-0.304249,0.303572,0.476004,0.577366,0.025313774,0.025504401
4196,4196,left,0.412238327,0.258079067,1.054331290,0.000000,0.000000,0.000000,0.000000,0.999982,0.043997671,0.044000849
4196,4196,right,0.420052798,-0.204033016,0.990650826,-0.352322,-0.318956,0.317198,0.475252,0.580224,0.025440602,0.025628986
4197,4197,left,0.412238327,0.258079067,1.054331290,0.000000,0.000000,0.000000,0.000000,0.999982,0.043997671,0.044000849
4197,4197,right,0.419714656,-0.204366608,0.990982988,-0.338142,-0.333591,0.332162,0.474998,0.583123,0.025569245,0.025755297
4198,4198,left,0.412238327,0.258079067,1.054331290,0.000000,0.000000,0.000000,0.000000,0.999982,0.043997671,0.044000849
4198,4198,right,0.419392009,-0.204714703,0.991331023,-0.322647,-0.348096,0.348034,0.474628,0.586060,0.025699651,0.025883282
4199,4199,left,0.412238327,0.258079067,1.054331290,0.000000,0.000000,0.000000,0.000000,0.999982,0.043997671,0.044000849
4199,4199,right,0.419084602,-0.205077461,0.991695344,-0.307407,-0.362758,0.364321,0.475492,0.589036,0.025831759,0.026012881
4200,4200,left,0.412238327,0.258079067,1.054331290,0.000000,0.000000,0.000000,0.000000,0.999982,0.043997671,0.044000849
4200,4200,right,0.418792842,-0.205454657,0.992077059,-0.291760,-0.377195,0.381716,0.476865,0.592048,0.025965510,0.026144035
4201,4201,left,0.412238327,0.258079067,1.054331290,0.000000,0.000000,0.000000,0.000000,0.999982,0.043997671,0.044000849
4201,4201,right,0.418517279,-0.205845936,0.992476621,-0.275563,-0.391279,0.399561,0.478575,0.595094,0.026100844,0.026276685
4202,4202,left,0.412238327,0.258079067,1.054331290,0.000000,0.000000,0.000000,0.000000,0.999982,0.043997671,0.044000849
4202,4202,right,0.418258307,-0.206251496,0.992895360,-0.258972,-0.405560,0.418739,0.481192,0.598175,0.026237696,0.026410768
4203,4203,left,0.412238327,0.258079067,1.054331290,0.000000,0.000000,0.000000,0.000000,0.999982,0.043997671,0.044000849
4203,4203,right,0.418015940,-0.206670845,0.993333680,-0.242367,-0.419348,0.438320,0.484350,0.601287,0.026376007,0.026546225
4204,4204,left,0.412238327,0.258079067,1.054331290,0.000000,0.000000,0.000000,0.000000,0.999982,0.043997671,0.044000849
4204,4204,right,0.417790419,-0.207103671,0.993792180,-0.225521,-0.432827,0.458499,0.488056,0.604431,0.026515711,0.026682990
4205,4205,left,0.412238327,0.258079067,1.054331290,0.000000,0.000000,0.000000,0.000000,0.999982,0.043997671,0.044000849
4205,4205,right,0.417581388,-0.207550061,0.994272152,-0.209031,-0.446390,0.479973,0.492908,0.607603,0.026656739,0.026820999
4206,4206,left,0.412238327,0.258079067,1.054331290,0.000000,0.000000,0.000000,0.000000,0.999982,0.043997671,0.044000849
4206,4206,right,0.417389110,-0.208009288,0.994773858,-0.192278,-0.459227,0.501706,0.497855,0.610804,0.026799029,0.026960189
4207,4207,left,0.412238327,0.258079067,1.054331290,0.000000,0.000000,0.000000,0.000000,0.999982,0.043997671,0.044000849
4207,4207,right,0.417213478,-0.208481230,0.995297942,-0.175632,-0.471942,0.524084,0.503563,0.614030,0.026942506,0.027100490
4208,4208,left,0.412238327,0.258079067,1.054331290,0.000000,0.000000,0.000000,0.000000,0.999982,0.043997671,0.044000849
4208,4208,right,0.417054302,-0.208965397,0.995845649,-0.159176,-0.484167,0.547707,0.509661,0.617281,0.027087109,0.027241841
4209,4209,left,0.412238327,0.258079067,1.054331290,0.000000,0.000000,0.000000,0.000000,0.999982,0.043997671,0.044000849
4209,4209,right,0.416911066,-0.209461259,0.996416787,-0.143236,-0.495862,0.571138,0.516136,0.620556,0.027232761,0.027384173
4210,4210,left,0.412238327,0.258079067,1.054331290,0.000000,0.000000,0.000000,0.000000,0.999982,0.043997671,0.044000849
4210,4210,right,0.416783311,-0.209968531,0.997011905,-0.127755,-0.507272,0.595118,0.523112,0.623851,0.027379395,0.027527420
4211,4211,left,0.412238327,0.258079067,1.054331290,-0.000000,0.000000,0.000000,0.000000,0.999982,0.043997671,0.044000849
4211,4211,right,0.416671236,-0.210486802,0.997632467,-0.112075,-0.518271,0.620562,0.530250,0.627167,0.027526936,0.027671508
4212,4212,left,0.412238327,0.258079067,1.054331290,0.000000,-0.000000,-0.000000,0.000000,0.999982,0.043997671,0.044000849
4212,4212,right,0.416573758,-0.211015526,0.998277846,-0.097477,-0.528724,0.645379,0.537634,0.630501,0.027675314,0.027816374
4213,4213,left,0.412238327,0.258079067,1.054331290,0.000000,0.000000,0.000000,0.000000,0.999982,0.043997671,0.044000849
4213,4213,right,0.416490289,-0.211554106,0.998948825,-0.083469,-0.538580,0.670979,0.545009,0.633852,0.027824456,0.027961947
4214,4214,left,0.412238327,0.258079067,1.054331290,0.000000,0.000000,0.000000,0.000000,0.999982,0.043997671,0.044000849
4214,4214,right,0.416420531,-0.212102263,0.999645896,-0.069758,-0.548158,0.697070,0.552578,0.637218,0.027974287,0.028108157
4215,4215,left,0.412238327,0.258079067,1.054331290,0.000000,0.000000,0.000000,0.000000,0.999982,0.043997671,0.044000849
4215,4215,right,0.416363604,-0.212659198,1.000368649,-0.056927,-0.556935,0.722754,0.559837,0.640598,0.028124729,0.028254936
4216,4216,left,0.412238327,0.258079067,1.054331290,0.000000,0.000000,0.000000,0.000000,0.999982,0.043997671,0.044000849
4216,4216,right,0.416318919,-0.213224440,1.001118249,-0.044685,-0.565241,0.749600,0.567005,0.643989,0.028275713,0.028402209
4217,4217,left,0.412238327,0.258079067,1.054331290,0.000000,0.000000,0.000000,0.000000,0.999982,0.043997671,0.044000849
4217,4217,right,0.416285299,-0.213797338,1.001893836,-0.033620,-0.572898,0.775587,0.573883,0.647390,0.028427158,0.028549910
4218,4218,left,0.412238327,0.258079067,1.054331290,0.000000,0.000000,0.000000,0.000000,0.999982,0.043997671,0.044000849
4218,4218,right,0.416262189,-0.214377606,1.002695710,-0.023109,-0.580269,0.801874,0.580729,0.650800,0.028578987,0.028697966
4219,4219,left,0.412238327,0.258079067,1.054331290,0.000000,0.000000,0.000000,0.000000,0.999982,0.043997671,0.044000849
4219,4219,right,0.416248796,-0.214964344,1.003523793,-0.013393,-0.586737,0.828083,0.586890,0.654216,0.028731130,0.028846307
4220,4220,left,0.412238327,0.258079067,1.054331290,0.000000,0.000000,0.000000,0.000000,0.999982,0.043997671,0.044000849
4220,4220,right,0.416243962,-0.215557061,1.004378241,-0.004834,-0.592717,0.854447,0.592737,0.657637,0.028883502,0.028994858
4221,4221,left,0.412238327,0.258079067,1.054331290,0.000000,0.000000,0.000000,0.000000,0.999982,0.043997671,0.044000849
4221,4221,right,0.416246811,-0.216155335,1.005257921,0.002849,-0.598274,0.879681,0.598281,0.661062,0.029036034,0.029143555
4222,4222,left,0.412238327,0.258079067,1.054331290,0.000000,0.000000,0.000000,0.000000,0.999982,0.043997671,0.044000849
4222,4222,right,0.416256534,-0.216758640,1.006163440,0.009723,-0.603305,0.905519,0.603383,0.664489,0.029188642,0.029292321
4223,4223,left,0.412238327,0.258079067,1.054331290,0.000000,0.000000,0.000000,0.000000,0.999982,0.043997671,0.044000849
4223,4223,right,0.416271883,-0.217365991,1.007093892,0.015348,-0.607351,0.930452,0.607545,0.667915,0.029341251,0.029441085
4224,4224,left,0.412238327,0.258079067,1.054331290,0.000000,0.000000,0.000000,0.000000,0.999982,0.043997671,0.044000849
4224,4224,right,0.416292010,-0.217977269,1.008049022,0.020128,-0.611277,0.955130,0.611609,0.671340,0.029493786,0.029589780
4225,4225,left,0.412238327,0.258079067,1.054331290,0.000000,0.000000,0.000000,0.000000,0.999982,0.043997671,0.044000849
4225,4225,right,0.416315816,-0.218591615,1.009027545,0.023805,-0.614347,0.978523,0.614808,0.674762,0.029646164,0.029738329
4226,4226,left,0.412238327,0.258079067,1.054331290,-0.000000,0.000000,0.000000,0.000000,0.999982,0.043997671,0.044000849
4226,4226,right,0.416342591,-0.219208666,1.010029768,0.026775,-0.617050,1.002223,0.617631,0.678178,0.029798312,0.029886667
4227,4227,left,0.412238327,0.258079067,1.054331290,0.000000,-0.000000,-0.000000,0.000000,0.999982,0.043997671,0.044000849
4227,4227,right,0.416371015,-0.219827853,1.011053976,0.028424,-0.619188,1.024208,0.619840,0.681588,0.029950151,0.030034717
4228,4228,left,0.412238327,0.258079067,1.054331290,0.000000,0.000000,0.000000,0.000000,0.999982,0.043997671,0.044000849
4228,4228,right,0.416400043,-0.220448318,1.012100020,0.029028,-0.620465,1.046044,0.621144,0.684989,0.030101608,0.030182416
4229,4229,left,0.412238327,0.258079067,1.054331290,0.000000,0.000000,0.000000,0.000000,0.999982,0.043997671,0.044000849
4229,4229,right,0.416429061,-0.221070012,1.013166498,0.029018,-0.621694,1.066478,0.622371,0.688380,0.030252600,0.030329684
4230,4230,left,0.412238327,0.258079067,1.054331290,-0.000000,0.000000,0.000000,0.000000,0.999982,0.043997671,0.044000849
4230,4230,right,0.416457013,-0.221692189,1.014252913,0.027952,-0.622176,1.086415,0.622804,0.691760,0.030403055,0.030476457
4231,4231,left,0.412238327,0.258079067,1.054331290,0.000000,-0.000000,-0.000000,0.000000,0.999982,0.043997671,0.044000849
4231,4231,right,0.416482873,-0.222314255,1.015357594,0.025860,-0.622066,1.104681,0.622604,0.695126,0.030552896,0.030622665
4232,4232,left,0.412238327,0.258079067,1.054331290,-0.000000,0.000000,0.000000,0.000000,0.999982,0.043997671,0.044000849
4232,4232,right,0.416505849,-0.222935941,1.016480070,0.022976,-0.621686,1.122476,0.622110,0.698476,0.030702047,0.030768238
4233,4233,left,0.412238327,0.258079067,1.054331290,0.000000,0.000000,0.000000,0.000000,0.999982,0.043997671,0.044000849
4233,4233,right,0.416525099,-0.223556513,1.017618843,0.019251,-0.620573,1.138773,0.620871,0.701811,0.030850435,0.030913105
4234,4234,left,0.412238327,0.258079067,1.054331290,0.000000,-0.000000,-0.000000,0.000000,0.999982,0.043997671,0.044000849
4234,4234,right,0.416539920,-0.224175647,1.018772598,0.014821,-0.619134,1.153755,0.619311,0.705126,0.030997982,0.031057198
4235,4235,left,0.412238327,0.258079067,1.054331290,0.000000,0.000000,0.000000,0.000000,0.999982,0.043997671,0.044000849
4235,4235,right,0.416549379,-0.224792756,1.019939872,0.009459,-0.617108,1.167274,0.617181,0.708422,0.031144621,0.031200450
4236,4236,left,0.412238327,0.258079067,1.054331290,0.000000,0.000000,0.000000,0.000000,0.999982,0.043997671,0.044000849
4236,4236,right,0.416552899,-0.225407630,1.021119507,0.003520,-0.614874,1.179635,0.614885,0.711697,0.031290270,0.031342793
4237,4237,left,0.412238327,0.258079067,1.054331290,0.000000,0.000000,0.000000,0.000000,0.999982,0.043997671,0.044000849
4237,4237,right,0.416549964,-0.226019967,1.022310299,-0.002935,-0.612337,1.190792,0.612344,0.714948,0.031434871,0.031484164
4238,4238,left,0.412238327,0.258079067,1.054331290,0.000000,0.000000,0.000000,0.000000,0.999982,0.043997671,0.044000849
4238,4238,right,0.416539891,-0.226628887,1.023510811,-0.010073,-0.608920,1.200512,0.609003,0.718174,0.031578343,0.031624489
4239,4239,left,0.412238327,0.258079067,1.054331290,-0.000000,0.000000,0.000000,0.000000,0.999982,0.043997671,0.044000849
4239,4239,right,0.416522139,-0.227234262,1.024719222,-0.017753,-0.605376,1.208412,0.605636,0.721375,0.031720616,0.031763706
4240,4240,left,0.412238327,0.258079067,1.054331290,0.000000,-0.000000,-0.000000,0.000000,0.999982,0.043997671,0.044000849
4240,4240,right,0.416496092,-0.227835867,1.025933927,-0.026046,-0.601604,1.214704,0.602168,0.724547,0.031861626,0.031901751
4241,4241,left,0.412238327,0.258079067,1.054331290,0.000000,0.000000,0.000000,0.000000,0.999982,0.043997671,0.044000849
4241,4241,right,0.416461801,-0.228433005,1.027154165,-0.034291,-0.597138,1.220238,0.598122,0.727690,0.032001298,0.032038558
4242,4242,left,0.412238327,0.258079067,1.054331290,0.000000,0.000000,0.000000,0.000000,0.999982,0.043997671,0.044000849
4242,4242,right,0.416418583,-0.229025473,1.028378581,-0.043218,-0.592468,1.224417,0.594042,0.730803,0.032139573,0.032174062
4243,4243,left,0.412238327,0.258079067,1.054331290,0.000000,0.000000,0.000000,0.000000,0.999982,0.043997671,0.044000849
4243,4243,right,0.416366170,-0.229612917,1.029604342,-0.052414,-0.587444,1.225760,0.589778,0.733883,0.032276385,0.032308210
4244,4244,left,0.412238327,0.258079067,1.054331290,0.000000,0.000000,0.000000,0.000000,0.999982,0.043997671,0.044000849
4244,4244,right,0.416304517,-0.230195246,1.030830906,-0.061652,-0.582328,1.226564,0.585583,0.736930,0.032411665,0.032440923
4245,4245,left,0.412238327,0.258079067,1.054331290,0.000000,0.000000,0.000000,0.000000,0.999982,0.043997671,0.044000849
4245,4245,right,0.416233368,-0.230771770,1.032056563,-0.071150,-0.576524,1.225658,0.580898,0.739942,0.032545354,0.032572154
4246,4246,left,0.412238327,0.258079067,1.054331290,0.000000,0.000000,0.000000,0.000000,0.999982,0.043997671,0.044000849
4246,4246,right,0.416152711,-0.231342391,1.033279976,-0.080657,-0.570621,1.223412,0.576294,0.742918,0.032677397,0.032701846
4247,4247,left,0.412238327,0.258079067,1.054331290,0.000000,0.000000,0.000000,0.000000,0.999982,0.043997671,0.044000849
4247,4247,right,0.416062516,-0.231906645,1.034499500,-0.090194,-0.564254,1.219524,0.571417,0.745855,0.032807719,0.032829929
4248,4248,left,0.412238327,0.258079067,1.054331290,-0.000000,0.000000,0.000000,0.000000,0.999982,0.043997671,0.044000849
4248,4248,right,0.415962857,-0.232464505,1.035713561,-0.099659,-0.557860,1.214061,0.566692,0.748754,0.032936275,0.032956351
4249,4249,left,0.412238327,0.258079067,1.054331290,0.000000,0.000000,0.000000,0.000000,0.999982,0.043997671,0.044000849
4249,4249,right,0.415853783,-0.233015503,1.036921062,-0.109075,-0.550998,1.207501,0.561690,0.751612,0.033062998,0.033081051
4250,4250,left,0.412238327,0.258079067,1.054331290,0.000000,-0.000000,-0.000000,0.000000,0.999982,0.043997671,0.044000849
4250,4250,right,0.415735489,-0.233559319,1.038120441,-0.118294,-0.543817,1.199379,0.556534,0.754429,0.033187848,0.033203982
4251,4251,left,0.412238327,0.258079067,1.054331290,0.000000,0.000000,0.000000,0.000000,0.999982,0.043997671,0.044000849
4251,4251,right,0.415608132,-0.234095874,1.039310372,-0.127357,-0.536555,1.189931,0.551463,0.757203,0.033310752,0.033325084
4252,4252,left,0.412238327,0.258079067,1.054331290,0.000000,0.000000,0.000000,0.000000,0.999982,0.043997671,0.044000849
4252,4252,right,0.415472014,-0.234624857,1.040489175,-0.136118,-0.528983,1.178803,0.546216,0.759933,0.033431672,0.033444304
4253,4253,left,0.412238327,0.258079067,1.054331290,0.000000,0.000000,0.000000,0.000000,0.999982,0.043997671,0.044000849
4253,4253,right,0.415327546,-0.235146069,1.041655653,-0.144467,-0.521211,1.166478,0.540862,0.762618,0.033550557,0.033561599
4254,4254,left,0.412238327,0.258079067,1.054331290,-0.000000,0.000000,0.000000,0.000000,0.999982,0.043997671,0.044000849
4254,4254,right,0.415174914,-0.235658947,1.042808648,-0.152633,-0.512878,1.152995,0.535108,0.765257,0.033667352,0.033676907
4255,4255,left,0.412238327,0.258079067,1.054331290,0.000000,0.000000,0.000000,0.000000,0.999982,0.043997671,0.044000849
4255,4255,right,0.415014577,-0.236163717,1.043947390,-0.160336,-0.504770,1.138743,0.529623,0.767848,0.033782016,0.033790193
4256,4256,left,0.412238327,0.258079067,1.054331290,0.000000,0.000000,0.000000,0.000000,0.999982,0.043997671,0.044000849
4256,4256,right,0.414847031,-0.236660042,1.045070391,-0.167547,-0.496325,1.123000,0.523842,0.770391,0.033894509,0.033901405
4257,4257,left,0.412238327,0.258079067,1.054331290,0.000000,-0.000000,-0.000000,0.000000,0.999982,0.043997671,0.044000849
4257,4257,right,0.414672703,-0.237147437,1.046176097,-0.174327,-0.487395,1.105706,0.517633,0.772885,0.034004781,0.034010496
4258,4258,left,0.412238327,0.258079067,1.054331290,0.000000,0.000000,0.000000,0.000000,0.999982,0.043997671,0.044000849
4258,4258,right,0.414492015,-0.237625901,1.047264146,-0.180689,-0.478464,1.088049,0.511445,0.775328,0.034112792,0.034117423
4259,4259,left,0.412238327,0.258079067,1.054331290,0.000000,0.000000,0.000000,0.000000,0.999982,0.043997671,0.044000849
4259,4259,right,0.414305530,-0.238095177,1.048333334,-0.186485,-0.469276,1.069189,0.504972,0.777720,0.034218509,0.034222148
4260,4260,left,0.412238327,0.258079067,1.054331290,0.000000,0.000000,0.000000,0.000000,0.999982,0.043997671,0.044000849
4260,4260,right,0.414113945,-0.238555110,1.049382514,-0.191585,-0.459933,1.049180,0.498240,0.780061,0.034321889,0.034324631
4261,4261,left,0.412238327,0.258079067,1.054331290,0.000000,0.000000,0.000000,0.000000,0.999982,0.043997671,0.044000849
4261,4261,right,0.413917639,-0.239005475,1.050410970,-0.196306,-0.450365,1.028455,0.491289,0.782348,0.034422904,0.034424834
4262,4262,left,0.412238327,0.258079067,1.054331290,-0.000000,0.000000,0.000000,0.000000,0.999982,0.043997671,0.044000849
4262,4262,right,0.413717205,-0.239446249,1.051417799,-0.200434,-0.440774,1.006830,0.484206,0.784582,0.034521524,0.034522720
4263,4263,left,0.412238327,0.258079067,1.054331290,0.000000,0.000000,0.000000,0.000000,0.999982,0.043997671,0.044000849
4263,4263,right,0.413513397,-0.239876873,1.052402449,-0.203808,-0.430624,0.984650,0.476418,0.786761,0.034617711,0.034618258
4264,4264,left,0.412238327,0.258079067,1.054331290,0.000000,-0.000000,-0.000000,0.000000,0.999982,0.043997671,0.044000849
4264,4264,right,0.413306763,-0.240297541,1.053363948,-0.206635,-0.420668,0.961498,0.468678,0.788886,0.034711443,0.034711417
4265,4265,left,0.412238327,0.258079067,1.054331290,0.000000,0.000000,0.000000,0.000000,0.999982,0.043997671,0.044000849
4265,4265,right,0.413097821,-0.240707929,1.054301852,-0.208942,-0.410388,0.937904,0.460516,0.790955,0.034802694,0.034802169
4266,4266,left,0.412238327,0.258079067,1.054331290,0.000000,0.000000,0.000000,0.000000,0.999982,0.043997671,0.044000849
4266,4266,right,0.412887203,-0.241107946,1.055215378,-0.210618,-0.400017,0.913527,0.452077,0.792967,0.034891441,0.034890480
4267,4267,left,0.412238327,0.258079067,1.054331290,0.000000,0.000000,0.000000,0.000000,0.999982,0.043997671,0.044000849
4267,4267,right,0.412675618,-0.241497427,1.056104293,-0.211585,-0.389481,0.888915,0.443242,0.794923,0.034977663,0.034976333
4268,4268,left,0.412238327,0.258079067,1.054331290,0.000000,0.000000,0.000000,0.000000,0.999982,0.043997671,0.044000849
4268,4268,right,0.412463573,-0.241876265,1.056967886,-0.212045,-0.378838,0.863593,0.434144,0.796822,0.035061345,0.035059705
4269,4269,left,0.412238327,0.258079067,1.054331290,-0.000000,0.000000,0.000000,0.000000,0.999982,0.043997671,0.044000849
4269,4269,right,0.412251711,-0.242244286,1.057805859,-0.211861,-0.368021,0.837972,0.424647,0.798664,0.035142470,0.035140578
4270,4270,left,0.412238327,0.258079067,1.054331290,0.000000,-0.000000,-0.000000,0.000000,0.999982,0.043997671,0.044000849
4270,4270,right,0.412040646,-0.242601445,1.058617711,-0.211066,-0.357159,0.811852,0.414863,0.800448,0.035221025,0.035218932
4271,4271,left,0.412238327,0.258079067,1.054331290,0.000000,0.000000,0.000000,0.000000,0.999982,0.043997671,0.044000849
4271,4271,right,0.411830903,-0.242947382,1.059403385,-0.209743,-0.345937,0.785674,0.404555,0.802173,0.035296999,0.035294753
4272,4272,left,0.412238327,0.258079067,1.054331290,0.000000,0.000000,0.000000,0.000000,0.999982,0.043997671,0.044000849
4272,4272,right,0.411622967,-0.243282296,1.060162953,-0.207936,-0.334914,0.759568,0.394214,0.803840,0.035370387,0.035368033
4273,4273,left,0.412238327,0.258079067,1.054331290,-0.000000,0.000000,0.000000,0.000000,0.999982,0.043997671,0.044000849
4273,4273,right,0.411417519,-0.243606047,1.060895695,-0.205448,-0.323752,0.732743,0.383437,0.805449,0.035441183,0.035438757
4274,4274,left,0.412238327,0.258079067,1.054331290,0.000000,-0.000000,-0.000000,0.000000,0.999982,0.043997671,0.044000849
4274,4274,right,0.411215062,-0.243918533,1.061601359,-0.202457,-0.312486,0.705664,0.372339,0.806999,0.035509381,0.035506926
4275,4275,left,0.412238327,0.258079067,1.054331290,-0.000000,0.000000,0.000000,0.000000,0.999982,0.043997671,0.044000849
4275,4275,right,0.411015976,-0.244219480,1.062280137,-0.199086,-0.300946,0.678777,0.360838,0.808491,0.035574984,0.035572529
4276,4276,left,0.412238327,0.258079067,1.054331290,0.000000,-0.000000,-0.000000,0.000000,0.999982,0.043997671,0.044000849
4276,4276,right,0.410820974,-0.244509235,1.062931721,-0.195002,-0.289755,0.651585,0.349261,0.809923,0.035637997,0.035635572
4277,4277,left,0.412238327,0.258079067,1.054331290,-0.000000,0.000000,0.000000,0.000000,0.999982,0.043997671,0.044000849
4277,4277,right,0.410630226,-0.244787573,1.063556552,-0.190749,-0.278338,0.624830,0.337427,0.811298,0.035698429,0.035696059
4278,4278,left,0.412238327,0.258079067,1.054331290,0.000000,-0.000000,-0.000000,0.000000,0.999982,0.043997671,0.044000849
4278,4278,right,0.410444212,-0.245054361,1.064154565,-0.186014,-0.266788,0.598013,0.325234,0.812614,0.035756275,0.035753984
4279,4279,left,0.412238327,0.258079067,1.054331290,0.000000,0.000000,0.000000,0.000000,0.999982,0.043997671,0.044000849
4279,4279,right,0.410263395,-0.245309767,1.064725777,-0.180817,-0.255406,0.571212,0.312933,0.813872,0.035811566,0.035809372
4280,4280,left,0.412238327,0.258079067,1.054331290,0.000000,0.000000,0.000000,0.000000,0.999982,0.043997671,0.044000849
4280,4280,right,0.410088055,-0.245553711,1.065270373,-0.175340,-0.243944,0.544596,0.300421,0.815072,0.035864305,0.035862226
4281,4281,left,0.412238327,0.258079067,1.054331290,0.000000,0.000000,0.000000,0.000000,0.999982,0.043997671,0.044000849
4281,4281,right,0.409918744,-0.245786343,1.065788253,-0.169311,-0.232632,0.517880,0.287722,0.816215,0.035914514,0.035912562
4282,4282,left,0.412238327,0.258079067,1.054331290,0.000000,0.000000,0.000000,0.000000,0.999982,0.043997671,0.044000849
4282,4282,right,0.409755447,-0.246007564,1.066279973,-0.163297,-0.221221,0.491720,0.274963,0.817301,0.035962213,0.035960399
4283,4283,left,0.412238327,0.258079067,1.054331290,0.000000,0.000000,0.000000,0.000000,0.999982,0.043997671,0.044000849
4283,4283,right,0.409598592,-0.246217581,1.066745932,-0.156854,-0.210017,0.465959,0.262127,0.818331,0.036007427,0.036005761
4284,4284,left,0.412238327,0.258079067,1.054331290,0.000000,0.000000,0.000000,0.000000,0.999982,0.043997671,0.044000849
4284,4284,right,0.409448432,-0.246416389,1.067186069,-0.150161,-0.198808,0.440137,0.249145,0.819304,0.036050186,0.036048669
4285,4285,left,0.412238327,0.258079067,1.054331290,0.000000,0.000000,0.000000,0.000000,0.999982,0.043997671,0.044000849
4285,4285,right,0.409305087,-0.246603935,1.067601049,-0.143345,-0.187546,0.414980,0.236053,0.820223,0.036090516,0.036089152
4286,4286,left,0.412238327,0.258079067,1.054331290,-0.000000,0.000000,0.000000,0.000000,0.999982,0.043997671,0.044000849
4286,4286,right,0.409174477,-0.246813513,1.068052379,-0.130610,-0.209578,0.451330,0.246945,0.821087,0.036128458,0.036127251
4287,4287,left,0.412238327,0.258079067,1.054331290,0.000000,-0.000000,-0.000000,0.000000,0.999982,0.043997671,0.044000849
4287,4287,right,0.409042080,-0.246955438,1.068357052,-0.132397,-0.141925,0.304673,0.194092,0.821898,0.036164038,0.036162991
4288,4288,left,0.412238327,0.258079067,1.054331290,0.000000,0.000000,0.000000,0.000000,0.999982,0.043997671,0.044000849
4288,4288,right,0.408923824,-0.247135029,1.068752063,-0.118256,-0.179591,0.395011,0.215029,0.822656,0.036197308,0.036196414
4289,4289,left,0.412238327,0.258079067,1.054331290,0.000000,0.000000,0.000000,0.000000,0.999982,0.043997671,0.044000849
4289,4289,right,0.408812173,-0.247290598,1.069069861,-0.111651,-0.155569,0.317798,0.191488,0.823363,0.036228314,0.036227569
4290,4290,left,0.412238327,0.258079067,1.054331290,0.000000,0.000000,0.000000,0.000000,0.999982,0.043997671,0.044000849
4290,4290,right,0.408706222,-0.247428607,1.069361439,-0.105952,-0.138009,0.291578,0.173989,0.824019,0.036257096,0.036256496
4291,4291,left,0.412238327,0.258079067,1.054331290,0.000000,0.000000,0.000000,0.000000,0.999982,0.043997671,0.044000849
4291,4291,right,0.408606596,-0.247552846,1.069630486,-0.099626,-0.124239,0.269047,0.159250,0.824625,0.036283705,0.036283247
4292,4292,left,0.412238327,0.258079067,1.054331290,0.000000,0.000000,0.000000,0.000000,0.999982,0.043997671,0.044000849
4292,4292,right,0.408513797,-0.247665463,1.069877763,-0.092799,-0.112618,0.247277,0.145926,0.825184,0.036308207,0.036307883
4293,4293,left,0.412238327,0.258079067,1.054331290,0.000000,0.000000,0.000000,0.000000,0.999982,0.043997671,0.044000849
4293,4293,right,0.408427847,-0.247767518,1.070103853,-0.085950,-0.102054,0.226089,0.133426,0.825695,0.036330651,0.036330454
4294,4294,left,0.412238327,0.258079067,1.054331290,0.000000,0.000000,0.000000,0.000000,0.999982,0.043997671,0.044000849
4294,4294,right,0.408348968,-0.247859868,1.070309462,-0.078878,-0.092351,0.205609,0.121451,0.826162,0.036351103,0.036351025
4295,4295,left,0.412238327,0.258079067,1.054331290,0.000000,0.000000,0.000000,0.000000,0.999982,0.043997671,0.044000849
4295,4295,right,0.408276834,-0.247943089,1.070495287,-0.072135,-0.083221,0.185826,0.110132,0.826584,0.036369625,0.036369659
4296,4296,left,0.412238327,0.258079067,1.054331290,-0.000000,0.000000,0.000000,0.000000,0.999982,0.043997671,0.044000849
4296,4296,right,0.408211531,-0.248017494,1.070662506,-0.065303,-0.074405,0.167219,0.098998,0.826964,0.036386300,0.036386438
4297,4297,left,0.412238327,0.258079067,1.054331290,0.000000,-0.000000,-0.000000,0.000000,0.999982,0.043997671,0.044000849
4297,4297,right,0.408152916,-0.248083636,1.070811398,-0.058615,-0.066142,0.148892,0.088377,0.827304,0.036401190,0.036401421
4298,4298,left,0.412238327,0.258079067,1.054331290,-0.000000,0.000000,0.000000,0.000000,0.999982,0.043997671,0.044000849
4298,4298,right,0.408100591,-0.248141840,1.070942595,-0.052325,-0.058203,0.131197,0.078266,0.827605,0.036414385,0.036414698
4299,4299,left,0.412238327,0.258079067,1.054331290,0.000000,-0.000000,-0.000000,0.000000,0.999982,0.043997671,0.044000849
4299,4299,right,0.408054440,-0.248192573,1.071057796,-0.046151,-0.050733,0.115201,0.068584,0.827869,0.036425959,0.036426347
4300,4300,left,0.412238327,0.258079067,1.054331290,0.000000,0.000000,0.000000,0.000000,0.999982,0.043997671,0.044000849
4300,4300,right,0.408014256,-0.248236253,1.071157391,-0.040184,-0.043680,0.099595,0.059352,0.828098,0.036435999,0.036436453
4301,4301,left,0.412238327,0.258079067,1.054331290,-0.000000,0.000000,0.000000,0.000000,0.999982,0.043997671,0.044000849
4301,4301,right,0.407979464,-0.248273221,1.071242481,-0.034792,-0.036969,0.085089,0.050765,0.828294,0.036444604,0.036445115
4302,4302,left,0.412238327,0.258079067,1.054331290,0.000000,-0.000000,-0.000000,0.000000,0.999982,0.043997671,0.044000849
4302,4302,right,0.407950049,-0.248304034,1.071314218,-0.029415,-0.030813,0.071737,0.042599,0.828460,0.036451861,0.036452420
4303,4303,left,0.412238327,0.258079067,1.054331290,0.000000,0.000000,0.000000,0.000000,0.999982,0.043997671,0.044000849
4303,4303,right,0.407925531,-0.248329131,1.071372924,-0.024518,-0.025097,0.058706,0.035086,0.828597,0.036457870,0.036458470
4304,4304,left,0.412238327,0.258079067,1.054331290,0.000000,0.000000,0.000000,0.000000,0.999982,0.043997671,0.044000849
4304,4304,right,0.407905385,-0.248349140,1.071420818,-0.020146,-0.020008,0.047894,0.028394,0.828708,0.036462743,0.036463376
4305,4305,left,0.412238327,0.258079067,1.054331290,0.000000,0.000000,0.000000,0.000000,0.999982,0.043997671,0.044000849
4305,4305,right,0.407889420,-0.248364489,1.071458039,-0.015965,-0.015350,0.037221,0.022147,0.828795,0.036466576,0.036467239
4306,4306,left,0.412238327,0.258079067,1.054331290,0.000000,0.000000,0.000000,0.000000,0.999982,0.043997671,0.044000849
4306,4306,right,0.407877130,-0.248375650,1.071485726,-0.012290,-0.011161,0.027687,0.016601,0.828862,0.036469493,0.036470175
4307,4307,left,0.412238327,0.258079067,1.054331290,0.000000,0.000000,0.000000,0.000000,0.999982,0.043997671,0.044000849
4307,4307,right,0.407868019,-0.248383274,1.071505852,-0.009110,-0.007624,0.020126,0.011880,0.828910,0.036471605,0.036472306
4308,4308,left,0.412238327,0.258079067,1.054331290,0.000000,0.000000,0.000000,0.000000,0.999982,0.043997671,0.044000849
4308,4308,right,0.407861712,-0.248388048,1.071519198,-0.006307,-0.004774,0.013346,0.007910,0.828943,0.036473040,0.036473747
4309,4309,left,0.412238327,0.258079067,1.054331290,0.000000,0.000000,0.000000,0.000000,0.999982,0.043997671,0.044000849
4309,4309,right,0.407857664,-0.248390386,1.071527078,-0.004048,-0.002339,0.007880,0.004675,0.828963,0.036473919,0.036474634
4310,4310,left,0.412238327,0.258079067,1.054331290,0.000000,0.000000,0.000000,0.000000,0.999982,0.043997671,0.044000849
4310,4310,right,0.407857664,-0.248390386,1.071527078,0.000000,0.000000,0.000000,0.000000,0.828973,0.036474377,0.036475092
4311,4311,left,0.412238327,0.258079067,1.054331290,0.000000,0.000000,0.000000,0.000000,0.999982,0.043997671,0.044000849
4311,4311,right,0.407857664,-0.248390386,1.071527078,0.000000,0.000000,-0.000000,0.000000,0.828977,0.036474548,0.036475264
4312,4312,left,0.412238327,0.258079067,1.054331290,0.000000,0.000000,0.000000,0.000000,0.999982,0.043997671,0.044000849
4312,4312,right,0.407857664,-0.248390386,1.071527078,-0.000000,-0.000000,0.000000,0.000000,0.828978,0.036474574,0.036475290
4313,4313,left,0.412238327,0.258079067,1.054331290,0.000000,0.000000,0.000000,0.000000,0.999982,0.043997671,0.044000849
4313,4313,right,0.407857664,-0.248390386,1.071527078,0.000000,0.000000,0.000000,0.000000,0.828978,0.036474574,0.036475290
4314,4314,left,0.412238327,0.258079067,1.054331290,0.000000,0.000000,0.000000,0.000000,0.999982,0.043997671,0.044000849
4314,4314,right,0.407857664,-0.248390386,1.071527078,0.000000,0.000000,0.000000,0.000000,0.828978,0.036474574,0.036475290
4315,4315,left,0.412238327,0.258079067,1.054331290,0.000000,0.000000,0.000000,0.000000,0.999982,0.043997671,0.044000849
4315,4315,right,0.407857664,-0.248390386,1.071527078,0.000000,0.000000,0.000000,0.000000,0.828978,0.036474574,0.036475290
4316,4316,left,0.412238327,0.258079067,1.054331290,0.000000,0.000000,0.000000,0.000000,0.999982,0.043997671,0.044000849
4316,4316,right,0.407857664,-0.248390386,1.071527078,0.000000,0.000000,0.000000,0.000000,0.828978,0.036474574,0.036475290
4317,4317,left,0.412238327,0.258079067,1.054331290,0.000000,0.000000,0.000000,0.000000,0.999982,0.043997671,0.044000849
4317,4317,right,0.407857664,-0.248390386,1.071527078,0.000000,0.000000,0.000000,0.000000,0.828978,0.036474574,0.036475290
4318,4318,left,0.412238327,0.258079067,1.054331290,0.000000,0.000000,0.000000,0.000000,0.999982,0.043997671,0.044000849
4318,4318,right,0.407857664,-0.248390386,1.071527078,0.000000,0.000000,0.000000,0.000000,0.828978,0.036474574,0.036475290
4319,4319,left,0.412238327,0.258079067,1.054331290,0.000000,0.000000,0.000000,0.000000,0.999982,0.043997671,0.044000849
4319,4319,right,0.407857664,-0.248390386,1.071527078,0.000000,0.000000,0.000000,0.000000,0.828978,0.036474574,0.036475290
4320,4320,left,0.412238327,0.258079067,1.054331290,0.000000,0.000000,0.000000,0.000000,0.999982,0.043997671,0.044000849
4320,4320,right,0.407857664,-0.248390386,1.071527078,0.000000,0.000000,0.000000,0.000000,0.828978,0.036474574,0.036475290
4321,4321,left,0.412238327,0.258079067,1.054331290,0.000000,0.000000,0.000000,0.000000,0.999982,0.043997671,0.044000849
4321,4321,right,0.407857664,-0.248390386,1.071527078,0.000000,0.000000,0.000000,0.000000,0.828978,0.036474574,0.036475290
4322,4322,left,0.412238327,0.258079067,1.054331290,0.000000,0.000000,0.000000,0.000000,0.999982,0.043997671,0.044000849
4322,4322,right,0.407857664,-0.248390386,1.071527078,0.000000,0.000000,0.000000,0.000000,0.828978,0.036474574,0.036475290
4323,4323,left,0.412238327,0.258079067,1.054331290,0.000000,0.000000,0.000000,0.000000,0.999982,0.043997671,0.044000849
4323,4323,right,0.407857664,-0.248390386,1.071527078,0.000000,0.000000,0.000000,0.000000,0.828978,0.036474574,0.036475290
4324,4324,left,0.412238327,0.258079067,1.054331290,0.000000,0.000000,0.000000,0.000000,0.999982,0.043997671,0.044000849
4324,4324,right,0.407857664,-0.248390386,1.071527078,0.000000,0.000000,0.000000,0.000000,0.828978,0.036474574,0.036475290
4325,4325,left,0.412238327,0.258079067,1.054331290,0.000000,0.000000,0.000000,0.000000,0.999982,0.043997671,0.044000849
4325,4325,right,0.407857664,-0.248390386,1.071527078,0.000000,0.000000,0.000000,0.000000,0.828978,0.036474574,0.036475290
4326,4326,left,0.412238327,0.258079067,1.054331290,0.000000,0.000000,0.000000,0.000000,0.999982,0.043997671,0.044000849
4326,4326,right,0.407857664,-0.248390386,1.071527078,0.000000,0.000000,0.000000,0.000000,0.828978,0.036474574,0.036475290
4327,4327,left,0.412238327,0.258079067,1.054331290,0.000000,0.000000,0.000000,0.000000,0.999982,0.043997671,0.044000849
4327,4327,right,0.407857664,-0.248390386,1.071527078,0.000000,0.000000,0.000000,0.000000,0.828978,0.036474574,0.036475290
4328,4328,left,0.412238327,0.258079067,1.054331290,0.000000,0.000000,0.000000,0.000000,0.999982,0.043997671,0.044000849
4328,4328,right,0.407857664,-0.248390386,1.071527078,0.000000,0.000000,0.000000,0.000000,0.828978,0.036474574,0.036475290
4329,4329,left,0.412238327,0.258079067,1.054331290,0.000000,0.000000,0.000000,0.000000,0.999982,0.043997671,0.044000849
4329,4329,right,0.407857664,-0.248390386,1.071527078,0.000000,0.000000,0.000000,0.000000,0.828978,0.036474574,0.036475290
4330,4330,left,0.412238327,0.258079067,1.054331290,0.000000,0.000000,0.000000,0.000000,0.999982,0.043997671,0.044000849
4330,4330,right,0.407857664,-0.248390386,1.071527078,0.000000,0.000000,0.000000,0.000000,0.828978,0.036474574,0.036475290
4331,4331,left,0.412238327,0.258079067,1.054331290,0.000000,0.000000,0.000000,0.000000,0.999982,0.043997671,0.044000849
4331,4331,right,0.407857664,-0.248390386,1.071527078,0.000000,0.000000,0.000000,0.000000,0.828978,0.036474574,0.036475290
4332,4332,left,0.412238327,0.258079067,1.054331290,0.000000,0.000000,0.000000,0.000000,0.999982,0.043997671,0.044000849
4332,4332,right,0.407857664,-0.248390386,1.071527078,0.000000,0.000000,0.000000,0.000000,0.828978,0.036474574,0.036475290
4333,4333,left,0.412238327,0.258079067,1.054331290,0.000000,0.000000,0.000000,0.000000,0.999982,0.043997671,0.044000849
4333,4333,right,0.407857664,-0.248390386,1.071527078,0.000000,0.000000,0.000000,0.000000,0.828978,0.036474574,0.036475290
4334,4334,left,0.412238327,0.258079067,1.054331290,0.000000,0.000000,0.000000,0.000000,0.999982,0.043997671,0.044000849
4334,4334,right,0.407857664,-0.248390386,1.071527078,0.000000,0.000000,0.000000,0.000000,0.828978,0.036474574,0.036475290
4335,4335,left,0.412238327,0.258079067,1.054331290,0.000000,0.000000,0.000000,0.000000,0.999982,0.043997671,0.044000849
4335,4335,right,0.407857664,-0.248390386,1.071527078,0.000000,0.000000,0.000000,0.000000,0.828978,0.036474574,0.036475290
4336,4336,left,0.412238327,0.258079067,1.054331290,0.000000,0.000000,0.000000,0.000000,0.999982,0.043997671,0.044000849
4336,4336,right,0.407857664,-0.248390386,1.071527078,0.000000,0.000000,0.000000,0.000000,0.828978,0.036474574,0.036475290
4337,4337,left,0.412238327,0.258079067,1.054331290,0.000000,0.000000,0.000000,0.000000,0.999982,0.043997671,0.044000849
4337,4337,right,0.407857664,-0.248390386,1.071527078,0.000000,0.000000,0.000000,0.000000,0.828978,0.036474574,0.036475290
4338,4338,left,0.412238327,0.258079067,1.054331290,0.000000,0.000000,0.000000,0.000000,0.999982,0.043997671,0.044000849
4338,4338,right,0.407857664,-0.248390386,1.071527078,0.000000,0.000000,0.000000,0.000000,0.828978,0.036474574,0.036475290
4339,4339,left,0.412238327,0.258079067,1.054331290,0.000000,0.000000,0.000000,0.000000,0.999982,0.043997671,0.044000849
4339,4339,right,0.407857664,-0.248390386,1.071527078,0.000000,0.000000,0.000000,0.000000,0.828978,0.036474574,0.036475290
4340,4340,left,0.412238327,0.258079067,1.054331290,0.000000,0.000000,0.000000,0.000000,0.999982,0.043997671,0.044000849
4340,4340,right,0.407857664,-0.248390386,1.071527078,0.000000,0.000000,0.000000,0.000000,0.828978,0.036474574,0.036475290
4341,4341,left,0.412238327,0.258079067,1.054331290,0.000000,0.000000,0.000000,0.000000,0.999982,0.043997671,0.044000849
4341,4341,right,0.407857664,-0.248390386,1.071527078,0.000000,0.000000,0.000000,0.000000,0.828978,0.036474574,0.036475290
4342,4342,left,0.412238327,0.258079067,1.054331290,0.000000,0.000000,0.000000,0.000000,0.999982,0.043997671,0.044000849
4342,4342,right,0.407857664,-0.248390386,1.071527078,0.000000,0.000000,0.000000,0.000000,0.828978,0.036474574,0.036475290
4343,4343,left,0.412238327,0.258079067,1.054331290,0.000000,0.000000,0.000000,0.000000,0.999982,0.043997671,0.044000849
4343,4343,right,0.407857664,-0.248390386,1.071527078,0.000000,0.000000,0.000000,0.000000,0.828978,0.036474574,0.036475290
4344,4344,left,0.412238327,0.258079067,1.054331290,0.000000,0.000000,0.000000,0.000000,0.999982,0.043997671,0.044000849
4344,4344,right,0.407857664,-0.248390386,1.071527078,0.000000,0.000000,0.000000,0.000000,0.828978,0.036474574,0.036475290
4345,4345,left,0.412238327,0.258079067,1.054331290,0.000000,0.000000,0.000000,0.000000,0.999982,0.043997671,0.044000849
4345,4345,right,0.407857664,-0.248390386,1.071527078,0.000000,0.000000,0.000000,0.000000,0.828978,0.036474574,0.036475290
4346,4346,left,0.412238327,0.258079067,1.054331290,0.000000,0.000000,0.000000,0.000000,0.999982,0.043997671,0.044000849
4346,4346,right,0.407857664,-0.248390386,1.071527078,0.000000,0.000000,0.000000,0.000000,0.828978,0.036474574,0.036475290
4347,4347,left,0.412238327,0.258079067,1.054331290,0.000000,0.000000,0.000000,0.000000,0.999982,0.043997671,0.044000849
4347,4347,right,0.407857664,-0.248390386,1.071527078,0.000000,0.000000,0.000000,0.000000,0.828978,0.036474574,0.036475290
4348,4348,left,0.412238327,0.258079067,1.054331290,0.000000,0.000000,0.000000,0.000000,0.999982,0.043997671,0.044000849
4348,4348,right,0.407857664,-0.248390386,1.071527078,0.000000,0.000000,0.000000,0.000000,0.828978,0.036474574,0.036475290
4349,4349,left,0.412238327,0.258079067,1.054331290,0.000000,0.000000,0.000000,0.000000,0.999982,0.043997671,0.044000849
4349,4349,right,0.407857664,-0.248390386,1.071527078,0.000000,0.000000,0.000000,0.000000,0.828978,0.036474574,0.036475290
4350,4350,left,0.412238327,0.258079067,1.054331290,0.000000,0.000000,0.000000,0.000000,0.999982,0.043997671,0.044000849
4350,4350,right,0.407857664,-0.248390386,1.071527078,0.000000,0.000000,0.000000,0.000000,0.828978,0.036474574,0.036475290
4351,4351,left,0.412238327,0.258079067,1.054331290,0.000000,0.000000,0.000000,0.000000,0.999982,0.043997671,0.044000849
4351,4351,right,0.407857664,-0.248390386,1.071527078,0.000000,0.000000,0.000000,0.000000,0.828978,0.036474574,0.036475290
4352,4352,left,0.412238327,0.258079067,1.054331290,0.000000,0.000000,0.000000,0.000000,0.999982,0.043997671,0.044000849
4352,4352,right,0.407857664,-0.248390386,1.071527078,0.000000,0.000000,0.000000,0.000000,0.828978,0.036474574,0.036475290
4353,4353,left,0.412238327,0.258079067,1.054331290,0.000000,0.000000,0.000000,0.000000,0.999982,0.043997671,0.044000849
4353,4353,right,0.407857664,-0.248390386,1.071527078,0.000000,0.000000,0.000000,0.000000,0.828978,0.036474574,0.036475290
4354,4354,left,0.412238327,0.258079067,1.054331290,0.000000,0.000000,0.000000,0.000000,0.999982,0.043997671,0.044000849
4354,4354,right,0.407857664,-0.248390386,1.071527078,0.000000,0.000000,0.000000,0.000000,0.828978,0.036474574,0.036475290
4355,4355,left,0.412238327,0.258079067,1.054331290,0.000000,0.000000,0.000000,0.000000,0.999982,0.043997671,0.044000849
4355,4355,right,0.407857664,-0.248390386,1.071527078,0.000000,0.000000,0.000000,0.000000,0.828978,0.036474574,0.036475290
4356,4356,left,0.412238327,0.258079067,1.054331290,0.000000,0.000000,0.000000,0.000000,0.999982,0.043997671,0.044000849
4356,4356,right,0.407857664,-0.248390386,1.071527078,0.000000,0.000000,0.000000,0.000000,0.828978,0.036474574,0.036475290
4357,4357,left,0.412238327,0.258079067,1.054331290,0.000000,0.000000,0.000000,0.000000,0.999982,0.043997671,0.044000849
4357,4357,right,0.407857664,-0.248390386,1.071527078,0.000000,0.000000,0.000000,0.000000,0.828978,0.036474574,0.036475290
4358,4358,left,0.412238327,0.258079067,1.054331290,0.000000,0.000000,0.000000,0.000000,0.999982,0.043997671,0.044000849
4358,4358,right,0.407857664,-0.248390386,1.071527078,0.000000,0.000000,0.000000,0.000000,0.828978,0.036474574,0.036475290
4359,4359,left,0.412238327,0.258079067,1.054331290,0.000000,0.000000,0.000000,0.000000,0.999982,0.043997671,0.044000849
4359,4359,right,0.407857664,-0.248390386,1.071527078,0.000000,0.000000,0.000000,0.000000,0.828978,0.036474574,0.036475290
4360,4360,left,0.412238327,0.258079067,1.054331290,0.000000,0.000000,0.000000,0.000000,0.999982,0.043997671,0.044000849
4360,4360,right,0.407857664,-0.248390386,1.071527078,0.000000,0.000000,0.000000,0.000000,0.828978,0.036474574,0.036475290
4361,4361,left,0.412238327,0.258079067,1.054331290,0.000000,0.000000,0.000000,0.000000,0.999982,0.043997671,0.044000849
4361,4361,right,0.407857664,-0.248390386,1.071527078,0.000000,0.000000,0.000000,0.000000,0.828978,0.036474574,0.036475290
4362,4362,left,0.412238327,0.258079067,1.054331290,0.000000,0.000000,0.000000,0.000000,0.999982,0.043997671,0.044000849
4362,4362,right,0.407857664,-0.248390386,1.071527078,0.000000,0.000000,0.000000,0.000000,0.828978,0.036474574,0.036475290
4363,4363,left,0.412238327,0.258079067,1.054331290,0.000000,0.000000,0.000000,0.000000,0.999982,0.043997671,0.044000849
4363,4363,right,0.407857664,-0.248390386,1.071527078,0.000000,0.000000,0.000000,0.000000,0.828978,0.036474574,0.036475290
4364,4364,left,0.412238327,0.258079067,1.054331290,0.000000,0.000000,0.000000,0.000000,0.999982,0.043997671,0.044000849
4364,4364,right,0.407857664,-0.248390386,1.071527078,0.000000,0.000000,0.000000,0.000000,0.828978,0.036474574,0.036475290
4365,4365,left,0.412238327,0.258079067,1.054331290,0.000000,0.000000,0.000000,0.000000,0.999982,0.043997671,0.044000849
4365,4365,right,0.407857664,-0.248390386,1.071527078,0.000000,0.000000,0.000000,0.000000,0.828978,0.036474574,0.036475290
4366,4366,left,0.412238327,0.258079067,1.054331290,0.000000,0.000000,0.000000,0.000000,0.999982,0.043997671,0.044000849
4366,4366,right,0.407857664,-0.248390386,1.071527078,0.000000,0.000000,0.000000,0.000000,0.828978,0.036474574,0.036475290
4367,4367,left,0.412238327,0.258079067,1.054331290,0.000000,0.000000,0.000000,0.000000,0.999982,0.043997671,0.044000849
4367,4367,right,0.407857664,-0.248390386,1.071527078,0.000000,0.000000,0.000000,0.000000,0.828978,0.036474574,0.036475290
4368,4368,left,0.412238327,0.258079067,1.054331290,0.000000,0.000000,0.000000,0.000000,0.999982,0.043997671,0.044000849
4368,4368,right,0.407857664,-0.248390386,1.071527078,0.000000,0.000000,0.000000,0.000000,0.828978,0.036474574,0.036475290
4369,4369,left,0.412238327,0.258079067,1.054331290,0.000000,0.000000,0.000000,0.000000,0.999982,0.043997671,0.044000849
4369,4369,right,0.407857664,-0.248390386,1.071527078,0.000000,0.000000,0.000000,0.000000,0.828978,0.036474574,0.036475290
4370,4370,left,0.412238327,0.258079067,1.054331290,0.000000,0.000000,0.000000,0.000000,0.999982,0.043997671,0.044000849
4370,4370,right,0.407857664,-0.248390386,1.071527078,0.000000,0.000000,0.000000,0.000000,0.828978,0.036474574,0.036475290
4371,4371,left,0.412238327,0.258079067,1.054331290,0.000000,0.000000,0.000000,0.000000,0.999982,0.043997671,0.044000849
4371,4371,right,0.407857664,-0.248390386,1.071527078,0.000000,0.000000,0.000000,0.000000,0.828978,0.036474574,0.036475290
4372,4372,left,0.412238327,0.258079067,1.054331290,0.000000,0.000000,0.000000,0.000000,0.999982,0.043997671,0.044000849
4372,4372,right,0.407857664,-0.248390386,1.071527078,0.000000,0.000000,0.000000,0.000000,0.828978,0.036474574,0.036475290
