source_frame,trajectory_index,hand,tcp_x_m,tcp_y_m,tcp_z_m,step_dx_mm,step_dy_mm,step_dz_mm,step_dxy_mm,openness,finger_q0_m,finger_q1_m
1939,1939,left,0.403155091,0.215933465,0.931147267,nan,nan,nan,nan,0.333333,0.014637459,0.014696976
1939,1939,right,0.400661713,-0.316597087,0.926509685,nan,nan,nan,nan,0.333333,0.014636884,0.014696982
1940,1940,left,0.403155091,0.215933465,0.931147267,0.000000,0.000000,0.000000,0.000000,0.333333,0.014637459,0.014696976
1940,1940,right,0.400661713,-0.316597087,0.926509685,0.000000,0.000000,0.000000,0.000000,0.333351,0.014637663,0.014697760
1941,1941,left,0.403155091,0.215933465,0.931147267,0.000000,0.000000,0.000000,0.000000,0.333333,0.014637459,0.014696976
1941,1941,right,0.400668901,-0.316586385,0.926462811,0.007187,0.010702,-0.046874,0.012891,0.333470,0.014642904,0.014702996
1942,1942,left,0.403155091,0.215933465,0.931147267,0.000000,0.000000,0.000000,0.000000,0.333333,0.014637459,0.014696976
1942,1942,right,0.400687784,-0.316561744,0.926355657,0.018883,0.024641,-0.107154,0.031045,0.333779,0.014656506,0.014716587
1943,1943,left,0.403155091,0.215933465,0.931147267,0.000000,0.000000,0.000000,0.000000,0.333333,0.014637459,0.014696976
1943,1943,right,0.400723995,-0.316515828,0.926155081,0.036211,0.045915,-0.200576,0.058476,0.334353,0.014681783,0.014741843
1944,1944,left,0.403155091,0.215933465,0.931147267,0.000000,0.000000,0.000000,0.000000,0.333333,0.014637459,0.014696976
1944,1944,right,0.400782953,-0.316443123,0.925837930,0.058959,0.072705,-0.317152,0.093607,0.335255,0.014721490,0.014781516
1945,1945,left,0.403155091,0.215933465,0.931147267,0.000000,0.000000,0.000000,0.000000,0.333333,0.014637459,0.014696976
1945,1945,right,0.400868545,-0.316339406,0.925385168,0.085592,0.103717,-0.452762,0.134474,0.336536,0.014777855,0.014837830
1946,1946,left,0.403155091,0.215933465,0.931147267,0.000000,0.000000,0.000000,0.000000,0.333333,0.014637459,0.014696976
1946,1946,right,0.400984027,-0.316201552,0.924781767,0.115482,0.137854,-0.603401,0.179833,0.338234,0.014852600,0.014912507
1947,1947,left,0.403155091,0.215933465,0.931147267,0.000000,0.000000,0.000000,0.000000,0.333333,0.014637459,0.014696976
1947,1947,right,0.401131590,-0.316026874,0.924016317,0.147562,0.174678,-0.765450,0.228664,0.340378,0.014946979,0.015006801
1948,1948,left,0.403155091,0.215933465,0.931147267,0.000000,0.000000,0.000000,0.000000,0.333333,0.014637459,0.014696976
1948,1948,right,0.401312854,-0.315813787,0.923080500,0.181264,0.213087,-0.935817,0.279755,0.342987,0.015061801,0.015121516
1949,1949,left,0.403155091,0.215933465,0.931147267,0.000000,0.000000,0.000000,0.000000,0.333333,0.014637459,0.014696976
1949,1949,right,0.401528739,-0.315561699,0.921969392,0.215885,0.252088,-1.111109,0.331896,0.346069,0.015197460,0.015257047
1950,1950,left,0.403155091,0.215933465,0.931147267,0.000000,0.000000,0.000000,0.000000,0.333333,0.014637459,0.014696976
1950,1950,right,0.401859942,-0.315256718,0.920635486,0.331203,0.304981,-1.333905,0.450232,0.349624,0.015353981,0.015413379
1951,1951,left,0.403155091,0.215933465,0.931147267,0.000000,0.000000,0.000000,0.000000,0.333333,0.014637459,0.014696976
1951,1951,right,0.402156934,-0.314925205,0.919164793,0.296992,0.331514,-1.470693,0.445091,0.353645,0.015530980,0.015590203
1952,1952,left,0.403155091,0.215933465,0.931147267,0.000000,0.000000,0.000000,0.000000,0.333333,0.014637459,0.014696976
1952,1952,right,0.402487068,-0.314556905,0.917521551,0.330134,0.368300,-1.643242,0.494604,0.358116,0.015727792,0.015786819
1953,1953,left,0.403155091,0.215933465,0.931147267,0.000000,0.000000,0.000000,0.000000,0.333333,0.014637459,0.014696976
1953,1953,right,0.402848608,-0.314153341,0.915711993,0.361540,0.403563,-1.809559,0.541825,0.363015,0.015943438,0.016002251
1954,1954,left,0.403155091,0.215933465,0.931147267,0.000000,0.000000,0.000000,0.000000,0.333333,0.014637459,0.014696976
1954,1954,right,0.403239782,-0.313716852,0.913743540,0.391174,0.436489,-1.968453,0.586122,0.368313,0.016176663,0.016235244
1955,1955,left,0.403155091,0.215933465,0.931147267,0.000000,0.000000,0.000000,0.000000,0.333333,0.014637459,0.014696976
1955,1955,right,0.403658332,-0.313250008,0.911626548,0.418550,0.466844,-2.116993,0.626999,0.373976,0.016425975,0.016484303
1956,1956,left,0.403155091,0.215933465,0.931147267,0.000000,0.000000,0.000000,0.000000,0.333333,0.014637459,0.014696976
1956,1956,right,0.404101039,-0.312756405,0.909372909,0.442707,0.493604,-2.253638,0.663049,0.379966,0.016689660,0.016747724
1957,1957,left,0.403155091,0.215933465,0.931147267,0.000000,0.000000,0.000000,0.000000,0.333333,0.014637459,0.014696976
1957,1957,right,0.404565040,-0.312239460,0.906995826,0.464001,0.516945,-2.377083,0.694643,0.386240,0.016965825,0.017023608
1958,1958,left,0.403155091,0.215933465,0.931147267,0.000000,0.000000,0.000000,0.000000,0.333333,0.014637459,0.014696976
1958,1958,right,0.405046603,-0.311702899,0.904509290,0.481563,0.536561,-2.486536,0.720972,0.392750,0.017252415,0.017309908
1959,1959,left,0.403155091,0.215933465,0.931147267,0.000000,0.000000,0.000000,0.000000,0.333333,0.014637459,0.014696976
1959,1959,right,0.405542051,-0.311150943,0.901929343,0.495449,0.551956,-2.579947,0.741704,0.399448,0.017547248,0.017604439
1960,1960,left,0.403155091,0.215933465,0.931147267,0.000000,0.000000,0.000000,0.000000,0.333333,0.014637459,0.014696976
1960,1960,right,0.406047873,-0.310587744,0.899272448,0.505822,0.563199,-2.656895,0.757000,0.406281,0.017848039,0.017904921
1961,1961,left,0.403155091,0.215933465,0.931147267,0.000000,0.000000,0.000000,0.000000,0.333333,0.014637459,0.014696976
1961,1961,right,0.406559804,-0.310017767,0.896555740,0.511931,0.569977,-2.716708,0.766124,0.413196,0.018152431,0.018209003
1962,1962,left,0.403155091,0.215933465,0.931147267,0.000000,0.000000,0.000000,0.000000,0.333333,0.014637459,0.014696976
1962,1962,right,0.407074115,-0.309445695,0.893796597,0.514311,0.572072,-2.759143,0.769273,0.420138,0.018458033,0.018514290
1963,1963,left,0.403155091,0.215933465,0.931147267,0.000000,0.000000,0.000000,0.000000,0.333333,0.014637459,0.014696976
1963,1963,right,0.407586568,-0.308875857,0.891013267,0.512453,0.569839,-2.783330,0.766371,0.427053,0.018762428,0.018818375
1964,1964,left,0.403155091,0.215933465,0.931147267,0.000000,0.000000,0.000000,0.000000,0.333333,0.014637459,0.014696976
1964,1964,right,0.408093169,-0.308312716,0.888223195,0.506601,0.563140,-2.790072,0.757477,0.433885,0.019063219,0.019118860
1965,1965,left,0.403155091,0.215933465,0.931147267,0.000000,0.000000,0.000000,0.000000,0.333333,0.014637459,0.014696976
1965,1965,right,0.408589797,-0.307760649,0.885444158,0.496629,0.552067,-2.779037,0.742575,0.440583,0.019358052,0.019413395
1966,1966,left,0.403155091,0.215933465,0.931147267,0.000000,0.000000,0.000000,0.000000,0.333333,0.014637459,0.014696976
1966,1966,right,0.409072543,-0.307223974,0.882693262,0.482745,0.536675,-2.750897,0.721847,0.447093,0.019644644,0.019699698
1967,1967,left,0.403155091,0.215933465,0.931147267,0.000000,0.000000,0.000000,0.000000,0.333333,0.014637459,0.014696976
1967,1967,right,0.409538076,-0.306707182,0.879987493,0.465534,0.516793,-2.705769,0.695555,0.453367,0.019920811,0.019975590
1968,1968,left,0.403155091,0.215933465,0.931147267,0.000000,0.000000,0.000000,0.000000,0.333333,0.014637459,0.014696976
1968,1968,right,0.409982838,-0.306213495,0.877342889,0.444762,0.493687,-2.644603,0.664485,0.459357,0.020184498,0.020239018
1969,1969,left,0.403155091,0.215933465,0.931147267,0.000000,0.000000,0.000000,0.000000,0.333333,0.014637459,0.014696976
1969,1969,right,0.410403420,-0.305746640,0.874773628,0.420582,0.466855,-2.569261,0.628365,0.465021,0.020433811,0.020488087
1970,1970,left,0.403155091,0.215933465,0.931147267,0.000000,0.000000,0.000000,0.000000,0.333333,0.014637459,0.014696976
1970,1970,right,0.410796858,-0.305309906,0.872293769,0.393438,0.436734,-2.479859,0.587818,0.470319,0.020667037,0.020721089
1971,1971,left,0.403155091,0.215933465,0.931147267,0.000000,0.000000,0.000000,0.000000,0.333333,0.014637459,0.014696976
1971,1971,right,0.411161007,-0.304906182,0.869915408,0.364148,0.403725,-2.378361,0.543689,0.475218,0.020882683,0.020936532
1972,1972,left,0.403155091,0.215933465,0.931147267,0.000000,0.000000,0.000000,0.000000,0.333333,0.014637459,0.014696976
1972,1972,right,0.411493408,-0.304537692,0.867649097,0.332402,0.368490,-2.266312,0.496262,0.479689,0.021079492,0.021133158
1973,1973,left,0.403155091,0.215933465,0.931147267,0.000000,0.000000,0.000000,0.000000,0.333333,0.014637459,0.014696976
1973,1973,right,0.411792642,-0.304206348,0.865502753,0.299234,0.331344,-2.146344,0.446463,0.483709,0.021256488,0.021309996
1974,1974,left,0.403155091,0.215933465,0.931147267,0.000000,0.000000,0.000000,0.000000,0.333333,0.014637459,0.014696976
1974,1974,right,0.412057128,-0.303913308,0.863483738,0.264485,0.293040,-2.019014,0.394747,0.487265,0.021412985,0.021466358
1975,1975,left,0.403155091,0.215933465,0.931147267,0.000000,0.000000,0.000000,0.000000,0.333333,0.014637459,0.014696976
1975,1975,right,0.412286699,-0.303659286,0.861595523,0.229571,0.254022,-1.888215,0.342389,0.490347,0.021548642,0.021601902
1976,1976,left,0.403155091,0.215933465,0.931147267,0.000000,0.000000,0.000000,0.000000,0.333333,0.014637459,0.014696976
1976,1976,right,0.412481138,-0.303444432,0.859840390,0.194439,0.214854,-1.755133,0.289773,0.492955,0.021663459,0.021716630
1977,1977,left,0.403155091,0.215933465,0.931147267,0.000000,0.000000,0.000000,0.000000,0.333333,0.014637459,0.014696976
1977,1977,right,0.412640873,-0.303267613,0.858216682,0.159736,0.176819,-1.623708,0.238287,0.495099,0.021757832,0.021810936
1978,1978,left,0.403155091,0.215933465,0.931147267,0.000000,0.000000,0.000000,0.000000,0.333333,0.014637459,0.014696976
1978,1978,right,0.412727793,-0.303129505,0.856803819,0.086919,0.138108,-1.412864,0.163184,0.496797,0.021832561,0.021885632
1979,1979,left,0.403155091,0.215933465,0.931147267,0.000000,0.000000,0.000000,0.000000,0.333333,0.014637459,0.014696976
1979,1979,right,0.412830059,-0.303023511,0.855431748,0.102266,0.105994,-1.372070,0.147286,0.498078,0.021888917,0.021941960
1980,1980,left,0.403155091,0.215933465,0.931147267,0.000000,0.000000,0.000000,0.000000,0.333333,0.014637459,0.014696976
1980,1980,right,0.412906859,-0.302948720,0.854164231,0.076800,0.074791,-1.267518,0.107201,0.498980,0.021928614,0.021981647
1981,1981,left,0.403155091,0.215933465,0.931147267,0.000000,0.000000,0.000000,0.000000,0.333333,0.014637459,0.014696976
1981,1981,right,0.412958283,-0.302900848,0.852992145,0.051424,0.047872,-1.172086,0.070257,0.499554,0.021953877,0.022006916
1982,1982,left,0.403155091,0.215933465,0.931147267,0.000000,0.000000,0.000000,0.000000,0.333333,0.014637459,0.014696976
1982,1982,right,0.412988331,-0.302874998,0.851898854,0.030048,0.025850,-1.093290,0.039637,0.499863,0.021967465,0.022020523
1983,1983,left,0.403155091,0.215933465,0.931147267,0.000000,0.000000,0.000000,0.000000,0.333333,0.014637459,0.014696976
1983,1983,right,0.413002366,-0.302864968,0.850862567,0.014035,0.010031,-1.036287,0.017251,0.499982,0.021972688,0.022025775
1984,1984,left,0.403155091,0.215933465,0.931147267,0.000000,0.000000,0.000000,0.000000,0.333333,0.014637459,0.014696976
1984,1984,right,0.413006530,-0.302863297,0.849857258,0.004164,0.001671,-1.005309,0.004487,0.500000,0.021973450,0.022026569
1985,1985,left,0.403155091,0.215933465,0.931147267,0.000000,0.000000,0.000000,0.000000,0.333333,0.014637459,0.014696976
1985,1985,right,0.413007058,-0.302863298,0.848856068,0.000528,-0.000001,-1.001190,0.000528,0.500000,0.021973435,0.022026585
1986,1986,left,0.403155091,0.215933465,0.931147267,0.000000,0.000000,0.000000,0.000000,0.333333,0.014637459,0.014696976
1986,1986,right,0.413006951,-0.302863203,0.847845052,-0.000107,0.000095,-1.011016,0.000143,0.500000,0.021973418,0.022026602
1987,1987,left,0.403155091,0.215933465,0.931147267,0.000000,0.000000,0.000000,0.000000,0.333333,0.014637459,0.014696976
1987,1987,right,0.413006904,-0.302863130,0.846815591,-0.000047,0.000073,-1.029461,0.000087,0.500000,0.021973403,0.022026617
1988,1988,left,0.403155091,0.215933465,0.931147267,0.000000,0.000000,0.000000,0.000000,0.333333,0.014637459,0.014696976
1988,1988,right,0.413006755,-0.302863153,0.845759534,-0.000148,-0.000023,-1.056057,0.000150,0.500000,0.021973388,0.022026632
1989,1989,left,0.403155091,0.215933465,0.931147267,0.000000,0.000000,0.000000,0.000000,0.333333,0.014637459,0.014696976
1989,1989,right,0.413006444,-0.302863117,0.844670075,-0.000312,0.000035,-1.089458,0.000314,0.500000,0.021973375,0.022026645
1990,1990,left,0.403155091,0.215933465,0.931147267,0.000000,0.000000,0.000000,0.000000,0.333333,0.014637459,0.014696976
1990,1990,right,0.413006282,-0.302863053,0.843543420,-0.000162,0.000064,-1.126655,0.000174,0.500000,0.021973362,0.022026658
1991,1991,left,0.403155091,0.215933465,0.931147267,0.000000,0.000000,0.000000,0.000000,0.333333,0.014637459,0.014696976
1991,1991,right,0.413006073,-0.302863058,0.842375163,-0.000209,-0.000004,-1.168257,0.000209,0.500000,0.021973349,0.022026671
1992,1992,left,0.403155091,0.215933465,0.931147267,0.000000,0.000000,0.000000,0.000000,0.333333,0.014637459,0.014696976
1992,1992,right,0.413008084,-0.302863435,0.841068904,0.002011,-0.000377,-1.306259,0.002046,0.500000,0.021973336,0.022026684
1993,1993,left,0.403155091,0.215933465,0.931147267,0.000000,0.000000,0.000000,0.000000,0.333333,0.014637459,0.014696976
1993,1993,right,0.413005955,-0.302863022,0.839898168,-0.002129,0.000413,-1.170736,0.002168,0.500000,0.021973325,0.022026695
1994,1994,left,0.403155091,0.215933465,0.931147267,0.000000,0.000000,0.000000,0.000000,0.333333,0.014637459,0.014696976
1994,1994,right,0.413008318,-0.302863538,0.838501672,0.002362,-0.000516,-1.396496,0.002418,0.500000,0.021973316,0.022026705
1995,1995,left,0.403155091,0.215933465,0.931147267,0.000000,0.000000,0.000000,0.000000,0.333333,0.014637459,0.014696976
1995,1995,right,0.413008268,-0.302863485,0.837150179,-0.000049,0.000053,-1.351493,0.000072,0.500000,0.021973306,0.022026714
1996,1996,left,0.403155091,0.215933465,0.931147267,0.000000,0.000000,0.000000,0.000000,0.333333,0.014637459,0.014696976
1996,1996,right,0.413008504,-0.302863557,0.835756840,0.000236,-0.000071,-1.393339,0.000246,0.500000,0.021973301,0.022026720
1997,1997,left,0.403155091,0.215933465,0.931147267,0.000000,0.000000,0.000000,0.000000,0.333333,0.014637459,0.014696976
1997,1997,right,0.413008465,-0.302863657,0.834323493,-0.000040,-0.000100,-1.433347,0.000107,0.500000,0.021973295,0.022026725
1998,1998,left,0.403155091,0.215933465,0.931147267,0.000000,0.000000,0.000000,0.000000,0.333333,0.014637459,0.014696976
1998,1998,right,0.413008597,-0.302863555,0.832853539,0.000132,0.000101,-1.469953,0.000166,0.500000,0.021973291,0.022026729
1999,1999,left,0.403155091,0.215933465,0.931147267,0.000000,0.000000,0.000000,0.000000,0.333333,0.014637459,0.014696976
1999,1999,right,0.413008664,-0.302863573,0.831351249,0.000067,-0.000017,-1.502290,0.000069,0.500000,0.021973290,0.022026731
2000,2000,left,0.403155091,0.215933465,0.931147267,0.000000,0.000000,0.000000,0.000000,0.333333,0.014637459,0.014696976
2000,2000,right,0.413009015,-0.302863683,0.829821358,0.000351,-0.000110,-1.529891,0.000368,0.500000,0.021973290,0.022026731
2001,2001,left,0.403155091,0.215933465,0.931147267,0.000000,0.000000,0.000000,0.000000,0.333333,0.014637459,0.014696976
2001,2001,right,0.413009309,-0.302863711,0.828268745,0.000294,-0.000028,-1.552614,0.000295,0.500000,0.021973291,0.022026729
2002,2002,left,0.403155091,0.215933465,0.931147267,0.000000,0.000000,0.000000,0.000000,0.333333,0.014637459,0.014696976
2002,2002,right,0.413009739,-0.302863951,0.826700177,0.000430,-0.000240,-1.568568,0.000492,0.500000,0.021973295,0.022026725
2003,2003,left,0.403155091,0.215933465,0.931147267,0.000000,0.000000,0.000000,0.000000,0.333333,0.014637459,0.014696976
2003,2003,right,0.413009978,-0.302863893,0.825120929,0.000239,0.000058,-1.579248,0.000246,0.500000,0.021973303,0.022026720
2004,2004,left,0.403155091,0.215933465,0.931147267,0.000000,0.000000,0.000000,0.000000,0.333333,0.014637459,0.014696976
2004,2004,right,0.413010158,-0.302863901,0.823537746,0.000180,-0.000008,-1.583182,0.000180,0.500000,0.021973310,0.022026710
2005,2005,left,0.403155091,0.215933465,0.931147267,0.000000,0.000000,0.000000,0.000000,0.333333,0.014637459,0.014696976
2005,2005,right,0.413010426,-0.302864019,0.821957438,0.000268,-0.000119,-1.580308,0.000293,0.500000,0.021973321,0.022026699
2006,2006,left,0.403155091,0.215933465,0.931147267,0.000000,0.000000,0.000000,0.000000,0.333333,0.014637459,0.014696976
2006,2006,right,0.413010752,-0.302864061,0.820387133,0.000326,-0.000041,-1.570305,0.000329,0.500000,0.021973334,0.022026688
2007,2007,left,0.403155091,0.215933465,0.931147267,0.000000,0.000000,0.000000,0.000000,0.333333,0.014637459,0.014696976
2007,2007,right,0.413011077,-0.302864136,0.818833517,0.000325,-0.000076,-1.553616,0.000333,0.500000,0.021973349,0.022026673
2008,2008,left,0.403155091,0.215933465,0.931147267,0.000000,0.000000,0.000000,0.000000,0.333333,0.014637459,0.014696976
2008,2008,right,0.413011493,-0.302864361,0.817304326,0.000417,-0.000225,-1.529191,0.000474,0.500000,0.021973364,0.022026656
2009,2009,left,0.403155091,0.215933465,0.931147267,0.000000,0.000000,0.000000,0.000000,0.333333,0.014637459,0.014696976
2009,2009,right,0.413011932,-0.302864308,0.815805979,0.000439,0.000053,-1.498347,0.000442,0.500000,0.021973383,0.022026638
2010,2010,left,0.403155091,0.215933465,0.931147267,0.000000,0.000000,0.000000,0.000000,0.333333,0.014637459,0.014696976
2010,2010,right,0.413012180,-0.302864370,0.814345995,0.000248,-0.000062,-1.459984,0.000255,0.500000,0.021973401,0.022026619
2011,2011,left,0.403155091,0.215933465,0.931147267,0.000000,0.000000,0.000000,0.000000,0.333333,0.014637459,0.014696976
2011,2011,right,0.413012643,-0.302864481,0.812930907,0.000463,-0.000110,-1.415088,0.000476,0.500000,0.021973422,0.022026598
2012,2012,left,0.403155091,0.215933465,0.931147267,0.000000,0.000000,0.000000,0.000000,0.333333,0.014637459,0.014696976
2012,2012,right,0.413012980,-0.302864538,0.811567171,0.000337,-0.000058,-1.363736,0.000342,0.500000,0.021973442,0.022026578
2013,2013,left,0.403155091,0.215933465,0.931147267,0.000000,0.000000,0.000000,0.000000,0.333333,0.014637459,0.014696976
2013,2013,right,0.413013312,-0.302864748,0.810261281,0.000332,-0.000209,-1.305891,0.000393,0.500000,0.021973465,0.022026557
2014,2014,left,0.403155091,0.215933465,0.931147267,0.000000,0.000000,0.000000,0.000000,0.333333,0.014637459,0.014696976
2014,2014,right,0.413013708,-0.302864829,0.809018675,0.000396,-0.000081,-1.242606,0.000404,0.500000,0.021973485,0.022026535
2015,2015,left,0.403155091,0.215933465,0.931147267,0.000000,0.000000,0.000000,0.000000,0.333333,0.014637459,0.014696976
2015,2015,right,0.413012341,-0.302864543,0.807934572,-0.001368,0.000286,-1.084103,0.001397,0.500000,0.021973506,0.022026516
2016,2016,left,0.403155091,0.215933465,0.931147267,0.000000,0.000000,0.000000,0.000000,0.333333,0.014637459,0.014696976
2016,2016,right,0.413012662,-0.302864601,0.806836796,0.000321,-0.000058,-1.097776,0.000326,0.500000,0.021973526,0.022026496
2017,2017,left,0.403155091,0.215933465,0.931147267,0.000000,0.000000,0.000000,0.000000,0.333333,0.014637459,0.014696976
2017,2017,right,0.413013378,-0.302864704,0.805808772,0.000717,-0.000103,-1.028024,0.000724,0.500000,0.021973547,0.022026476
2018,2018,left,0.403155091,0.215933465,0.931147267,0.000000,0.000000,0.000000,0.000000,0.333333,0.014637459,0.014696976
2018,2018,right,0.413013942,-0.302864831,0.804861216,0.000564,-0.000127,-0.947556,0.000578,0.500000,0.021973567,0.022026455
2019,2019,left,0.403155091,0.215933465,0.931147267,0.000000,0.000000,0.000000,0.000000,0.333333,0.014637459,0.014696976
2019,2019,right,0.413014477,-0.302864993,0.803997332,0.000535,-0.000162,-0.863884,0.000559,0.500000,0.021973586,0.022026436
2020,2020,left,0.403155091,0.215933465,0.931147267,0.000000,0.000000,0.000000,0.000000,0.333333,0.014637459,0.014696976
2020,2020,right,0.413014992,-0.302865078,0.803219106,0.000515,-0.000085,-0.778226,0.000522,0.500000,0.021973602,0.022026420
2021,2021,left,0.403155091,0.215933465,0.931147267,0.000000,0.000000,0.000000,0.000000,0.333333,0.014637459,0.014696976
2021,2021,right,0.413015500,-0.302865202,0.802527610,0.000508,-0.000124,-0.691497,0.000523,0.500000,0.021973617,0.022026405
2022,2022,left,0.403155091,0.215933465,0.931147267,0.000000,0.000000,0.000000,0.000000,0.333333,0.014637459,0.014696976
2022,2022,right,0.413015836,-0.302865383,0.801922787,0.000336,-0.000181,-0.604823,0.000381,0.500000,0.021973632,0.022026390
2023,2023,left,0.403155091,0.215933465,0.931147267,0.000000,0.000000,0.000000,0.000000,0.333333,0.014637459,0.014696976
2023,2023,right,0.413016095,-0.302865445,0.801403642,0.000259,-0.000062,-0.519144,0.000266,0.500000,0.021973643,0.022026379
2024,2024,left,0.403155091,0.215933465,0.931147267,0.000000,0.000000,0.000000,0.000000,0.333333,0.014637459,0.014696976
2024,2024,right,0.413016290,-0.302865517,0.800967946,0.000195,-0.000072,-0.435696,0.000208,0.500000,0.021973655,0.022026367
2025,2025,left,0.403155091,0.215933465,0.931147267,0.000000,0.000000,0.000000,0.000000,0.333333,0.014637459,0.014696976
2025,2025,right,0.413016488,-0.302865552,0.800612668,0.000198,-0.000035,-0.355278,0.000201,0.500000,0.021973662,0.022026360
2026,2026,left,0.403155091,0.215933465,0.931147267,0.000000,0.000000,0.000000,0.000000,0.333333,0.014637459,0.014696976
2026,2026,right,0.413016633,-0.302865575,0.800332798,0.000145,-0.000023,-0.279870,0.000147,0.500000,0.021973670,0.022026353
2027,2027,left,0.403155091,0.215933465,0.931147267,0.000000,0.000000,0.000000,0.000000,0.333333,0.014637459,0.014696976
2027,2027,right,0.413016750,-0.302865600,0.800122653,0.000117,-0.000025,-0.210145,0.000119,0.500000,0.021973675,0.022026347
2028,2028,left,0.403155091,0.215933465,0.931147267,0.000000,0.000000,0.000000,0.000000,0.333333,0.014637459,0.014696976
2028,2028,right,0.413016587,-0.302865475,0.799974532,-0.000163,0.000125,-0.148121,0.000206,0.500000,0.021973679,0.022026343
2029,2029,left,0.403155091,0.215933465,0.931147267,0.000000,0.000000,0.000000,0.000000,0.333333,0.014637459,0.014696976
2029,2029,right,0.413016708,-0.302865600,0.799879981,0.000121,-0.000126,-0.094551,0.000174,0.500000,0.021973681,0.022026341
2030,2030,left,0.403155091,0.215933465,0.931147267,0.000000,0.000000,0.000000,0.000000,0.333333,0.014637459,0.014696976
2030,2030,right,0.413016708,-0.302865600,0.799879981,0.000000,0.000000,0.000000,0.000000,0.500000,0.021973681,0.022026341
2031,2031,left,0.403155091,0.215933465,0.931147267,0.000000,0.000000,0.000000,0.000000,0.333333,0.014637459,0.014696976
2031,2031,right,0.413016708,-0.302865600,0.799879981,0.000000,0.000000,0.000000,0.000000,0.500000,0.021973681,0.022026341
2032,2032,left,0.403155091,0.215933465,0.931147267,0.000000,0.000000,0.000000,0.000000,0.333333,0.014637459,0.014696976
2032,2032,right,0.413016708,-0.302865600,0.799879981,0.000000,0.000000,0.000000,0.000000,0.500000,0.021973681,0.022026341
2033,2033,left,0.403155091,0.215933465,0.931147267,0.000000,0.000000,0.000000,0.000000,0.333333,0.014637459,0.014696976
2033,2033,right,0.413016708,-0.302865600,0.799879981,0.000000,0.000000,0.000000,0.000000,0.499994,0.021973437,0.022026097
2034,2034,left,0.403155091,0.215933465,0.931147267,0.000000,0.000000,0.000000,0.000000,0.333333,0.014637459,0.014696976
2034,2034,right,0.413016708,-0.302865600,0.799879981,0.000000,0.000000,0.000000,0.000000,0.499956,0.021971753,0.022024414
2035,2035,left,0.403155091,0.215933465,0.931147267,0.000000,0.000000,0.000000,0.000000,0.333333,0.014637459,0.014696976
2035,2035,right,0.413016708,-0.302865600,0.799879981,0.000000,0.000000,0.000000,0.000000,0.499854,0.021967277,0.022019938
2036,2036,left,0.403155091,0.215933465,0.931147267,0.000000,0.000000,0.000000,0.000000,0.333333,0.014637459,0.014696976
2036,2036,right,0.413016708,-0.302865600,0.799879981,0.000000,0.000000,0.000000,0.000000,0.499661,0.021958744,0.022011405
2037,2037,left,0.403155091,0.215933465,0.931147267,0.000000,0.000000,0.000000,0.000000,0.333333,0.014637459,0.014696976
2037,2037,right,0.413016708,-0.302865600,0.799879981,0.000000,0.000000,0.000000,0.000000,0.499348,0.021944975,0.021997636
2038,2038,left,0.403155091,0.215933465,0.931147267,0.000000,0.000000,0.000000,0.000000,0.333333,0.014637459,0.014696976
2038,2038,right,0.413016708,-0.302865600,0.799879981,0.000000,0.000000,0.000000,0.000000,0.498891,0.021924879,0.021977540
2039,2039,left,0.403155091,0.215933465,0.931147267,0.000000,0.000000,0.000000,0.000000,0.333333,0.014637459,0.014696976
2039,2039,right,0.413016708,-0.302865600,0.799879981,0.000000,0.000000,0.000000,0.000000,0.498267,0.021897446,0.021950107
2040,2040,left,0.403155091,0.215933465,0.931147267,0.000000,0.000000,0.000000,0.000000,0.333333,0.014637459,0.014696976
2040,2040,right,0.413016708,-0.302865600,0.799879981,0.000000,0.000000,0.000000,0.000000,0.497456,0.021861751,0.021914411
2041,2041,left,0.403155091,0.215933465,0.931147267,0.000000,0.000000,0.000000,0.000000,0.333333,0.014637459,0.014696976
2041,2041,right,0.413016708,-0.302865600,0.799879981,0.000000,0.000000,0.000000,0.000000,0.496438,0.021816943,0.021869604
2042,2042,left,0.403155091,0.215933465,0.931147267,0.000000,0.000000,0.000000,0.000000,0.333333,0.014637459,0.014696976
2042,2042,right,0.413016708,-0.302865600,0.799879981,0.000000,0.000000,0.000000,0.000000,0.495195,0.021762254,0.021814914
2043,2043,left,0.403155091,0.215933465,0.931147267,0.000000,0.000000,0.000000,0.000000,0.333333,0.014637459,0.014696976
2043,2043,right,0.413016708,-0.302865600,0.799879981,0.000000,0.000000,0.000000,0.000000,0.493712,0.021696990,0.021749651
2044,2044,left,0.403155091,0.215933465,0.931147267,0.000000,0.000000,0.000000,0.000000,0.333333,0.014637459,0.014696976
2044,2044,right,0.413016708,-0.302865600,0.799879981,0.000000,0.000000,0.000000,0.000000,0.491974,0.021620531,0.021673191
2045,2045,left,0.403155091,0.215933465,0.931147267,0.000000,0.000000,0.000000,0.000000,0.333333,0.014637459,0.014696976
2045,2045,right,0.413016708,-0.302865600,0.799879981,0.000000,0.000000,0.000000,0.000000,0.489969,0.021532329,0.021584990
2046,2046,left,0.403155091,0.215933465,0.931147267,0.000000,0.000000,0.000000,0.000000,0.333333,0.014637459,0.014696976
2046,2046,right,0.413016708,-0.302865600,0.799879981,0.000000,0.000000,0.000000,0.000000,0.487687,0.021431906,0.021484567
2047,2047,left,0.403155091,0.215933465,0.931147267,0.000000,0.000000,0.000000,0.000000,0.333333,0.014637459,0.014696976
2047,2047,right,0.413016708,-0.302865600,0.799879981,0.000000,0.000000,0.000000,0.000000,0.485117,0.021318849,0.021371510
2048,2048,left,0.403155091,0.215933465,0.931147267,0.000000,0.000000,0.000000,0.000000,0.333333,0.014637459,0.014696976
2048,2048,right,0.413016708,-0.302865600,0.799879981,0.000000,0.000000,0.000000,0.000000,0.482253,0.021192817,0.021245478
2049,2049,left,0.403155091,0.215933465,0.931147267,0.000000,0.000000,0.000000,0.000000,0.333333,0.014637459,0.014696976
2049,2049,right,0.413016708,-0.302865600,0.799879981,0.000000,0.000000,0.000000,0.000000,0.479087,0.021053527,0.021106187
2050,2050,left,0.403155091,0.215933465,0.931147267,0.000000,0.000000,0.000000,0.000000,0.333333,0.014637459,0.014696976
2050,2050,right,0.413016708,-0.302865600,0.799879981,0.000000,0.000000,0.000000,0.000000,0.475616,0.020900764,0.020953424
2051,2051,left,0.403155091,0.215933465,0.931147267,0.000000,0.000000,0.000000,0.000000,0.333333,0.014637459,0.014696976
2051,2051,right,0.413016708,-0.302865600,0.799879981,0.000000,0.000000,0.000000,0.000000,0.471834,0.020734366,0.020787027
2052,2052,left,0.403155091,0.215933465,0.931147267,0.000000,0.000000,0.000000,0.000000,0.333333,0.014637459,0.014696976
2052,2052,right,0.413016708,-0.302865600,0.799879981,0.000000,0.000000,0.000000,0.000000,0.467740,0.020554237,0.020606898
2053,2053,left,0.403155091,0.215933465,0.931147267,0.000000,0.000000,0.000000,0.000000,0.333333,0.014637459,0.014696976
2053,2053,right,0.413016708,-0.302865600,0.799879981,0.000000,0.000000,0.000000,0.000000,0.463333,0.020360332,0.020412993
2054,2054,left,0.403155091,0.215933465,0.931147267,0.000000,0.000000,0.000000,0.000000,0.333333,0.014637459,0.014696976
2054,2054,right,0.413016708,-0.302865600,0.799879981,0.000000,0.000000,0.000000,0.000000,0.458613,0.020152664,0.020205325
2055,2055,left,0.403155091,0.215933465,0.931147267,0.000000,0.000000,0.000000,0.000000,0.333333,0.014637459,0.014696976
2055,2055,right,0.413016708,-0.302865600,0.799879981,0.000000,0.000000,0.000000,0.000000,0.453582,0.019931294,0.019983955
2056,2056,left,0.403155091,0.215933465,0.931147267,0.000000,0.000000,0.000000,0.000000,0.333333,0.014637459,0.014696976
2056,2056,right,0.413016710,-0.302865515,0.799879955,0.000002,0.000085,-0.000026,0.000085,0.448242,0.019696336,0.019748997
2057,2057,left,0.403155091,0.215933465,0.931147267,0.000000,0.000000,0.000000,0.000000,0.333333,0.014637459,0.014696976
2057,2057,right,0.413016710,-0.302865515,0.799879955,0.000000,0.000000,0.000000,0.000000,0.442597,0.019447956,0.019500617
2058,2058,left,0.403155091,0.215933465,0.931147267,0.000000,0.000000,0.000000,0.000000,0.333333,0.014637459,0.014696976
2058,2058,right,0.413016710,-0.302865515,0.799879955,0.000000,0.000000,0.000000,0.000000,0.436652,0.019186363,0.019239023
2059,2059,left,0.403155091,0.215933465,0.931147267,0.000000,0.000000,0.000000,0.000000,0.333333,0.014637459,0.014696976
2059,2059,right,0.413016710,-0.302865515,0.799879955,0.000000,0.000000,0.000000,0.000000,0.430412,0.018911807,0.018964468
2060,2060,left,0.403155091,0.215933465,0.931147267,0.000000,0.000000,0.000000,0.000000,0.333333,0.014637459,0.014696976
2060,2060,right,0.413016710,-0.302865515,0.799879955,0.000000,0.000000,0.000000,0.000000,0.423884,0.018624589,0.018677250
2061,2061,left,0.403155091,0.215933465,0.931147267,0.000000,0.000000,0.000000,0.000000,0.333333,0.014637459,0.014696976
2061,2061,right,0.413016710,-0.302865515,0.799879955,0.000000,0.000000,0.000000,0.000000,0.417076,0.018325044,0.018377705
2062,2062,left,0.403155091,0.215933465,0.931147267,0.000000,0.000000,0.000000,0.000000,0.333333,0.014637459,0.014696976
2062,2062,right,0.413016710,-0.302865515,0.799879955,0.000000,0.000000,0.000000,0.000000,0.409997,0.018013548,0.018066209
2063,2063,left,0.403155091,0.215933465,0.931147267,0.000000,0.000000,0.000000,0.000000,0.333333,0.014637459,0.014696976
2063,2063,right,0.413016710,-0.302865515,0.799879955,0.000000,0.000000,0.000000,0.000000,0.402655,0.017690517,0.017743178
2064,2064,left,0.403155091,0.215933465,0.931147267,0.000000,0.000000,0.000000,0.000000,0.333333,0.014637459,0.014696976
2064,2064,right,0.413016710,-0.302865515,0.799879955,0.000000,0.000000,0.000000,0.000000,0.395062,0.017356398,0.017409058
2065,2065,left,0.403155091,0.215933465,0.931147267,0.000000,0.000000,0.000000,0.000000,0.333333,0.014637459,0.014696976
2065,2065,right,0.413016710,-0.302865515,0.799879955,0.000000,0.000000,0.000000,0.000000,0.387227,0.017011670,0.017064331
2066,2066,left,0.403155091,0.215933465,0.931147267,0.000000,0.000000,0.000000,0.000000,0.333333,0.014637459,0.014696976
2066,2066,right,0.413016710,-0.302865515,0.799879955,0.000000,0.000000,0.000000,0.000000,0.379163,0.016656850,0.016709510
2067,2067,left,0.403155091,0.215933465,0.931147267,0.000000,0.000000,0.000000,0.000000,0.333333,0.014637459,0.014696976
2067,2067,right,0.413016710,-0.302865515,0.799879955,0.000000,0.000000,0.000000,0.000000,0.370882,0.016292473,0.016345134
2068,2068,left,0.403155091,0.215933465,0.931147267,0.000000,0.000000,0.000000,0.000000,0.333333,0.014637459,0.014696976
2068,2068,right,0.413016710,-0.302865515,0.799879955,0.000000,0.000000,0.000000,0.000000,0.362396,0.015919115,0.015971776
2069,2069,left,0.403155091,0.215933465,0.931147267,0.000000,0.000000,0.000000,0.000000,0.333333,0.014637459,0.014696976
2069,2069,right,0.413016710,-0.302865515,0.799879955,0.000000,0.000000,0.000000,0.000000,0.353720,0.015537366,0.015590026
2070,2070,left,0.403155091,0.215933465,0.931147267,0.000000,0.000000,0.000000,0.000000,0.333333,0.014637459,0.014696976
2070,2070,right,0.413016710,-0.302865515,0.799879955,0.000000,0.000000,0.000000,0.000000,0.344867,0.015147843,0.015200503
2071,2071,left,0.403155091,0.215933465,0.931147267,0.000000,0.000000,0.000000,0.000000,0.333333,0.014637459,0.014696976
2071,2071,right,0.413016710,-0.302865515,0.799879955,0.000000,0.000000,0.000000,0.000000,0.335852,0.014751188,0.014803846
2072,2072,left,0.403155091,0.215933465,0.931147267,0.000000,0.000000,0.000000,0.000000,0.333333,0.014637459,0.014696976
2072,2072,right,0.413016710,-0.302865515,0.799879955,0.000000,0.000000,0.000000,0.000000,0.326690,0.014348055,0.014400714
2073,2073,left,0.403155091,0.215933465,0.931147267,0.000000,0.000000,0.000000,0.000000,0.333333,0.014637459,0.014696976
2073,2073,right,0.413016710,-0.302865515,0.799879955,0.000000,0.000000,0.000000,0.000000,0.317396,0.013939121,0.013991780
2074,2074,left,0.403155091,0.215933465,0.931147267,0.000000,0.000000,0.000000,0.000000,0.333333,0.014637459,0.014696976
2074,2074,right,0.413016708,-0.302865600,0.799879981,-0.000002,-0.000085,0.000026,0.000085,0.307986,0.013525077,0.013577736
2075,2075,left,0.403155091,0.215933465,0.931147267,0.000000,0.000000,0.000000,0.000000,0.333333,0.014637459,0.014696976
2075,2075,right,0.413016708,-0.302865600,0.799879981,0.000000,0.000000,0.000000,0.000000,0.298476,0.013106628,0.013159287
2076,2076,left,0.403155091,0.215933465,0.931147267,0.000000,0.000000,0.000000,0.000000,0.333333,0.014637459,0.014696976
2076,2076,right,0.413016708,-0.302865600,0.799879981,0.000000,0.000000,0.000000,0.000000,0.288882,0.012684491,0.012737149
2077,2077,left,0.403155091,0.215933465,0.931147267,0.000000,0.000000,0.000000,0.000000,0.333333,0.014637459,0.014696976
2077,2077,right,0.413016708,-0.302865600,0.799879981,0.000000,0.000000,0.000000,0.000000,0.279221,0.012259391,0.012312049
2078,2078,left,0.403155091,0.215933465,0.931147267,0.000000,0.000000,0.000000,0.000000,0.333333,0.014637459,0.014696976
2078,2078,right,0.413016708,-0.302865600,0.799879981,0.000000,0.000000,0.000000,0.000000,0.269509,0.011832064,0.011884721
2079,2079,left,0.403155091,0.215933465,0.931147267,0.000000,0.000000,0.000000,0.000000,0.333333,0.014637459,0.014696976
2079,2079,right,0.413016708,-0.302865600,0.799879981,0.000000,0.000000,0.000000,0.000000,0.259763,0.011403246,0.011455903
2080,2080,left,0.403155091,0.215933465,0.931147267,0.000000,0.000000,0.000000,0.000000,0.333333,0.014637459,0.014696976
2080,2080,right,0.413016708,-0.302865600,0.799879981,0.000000,0.000000,0.000000,0.000000,0.250000,0.010973683,0.011026340
2081,2081,left,0.403155091,0.215933465,0.931147267,0.000000,0.000000,0.000000,0.000000,0.333333,0.014637459,0.014696976
2081,2081,right,0.413016708,-0.302865600,0.799879981,0.000000,0.000000,0.000000,0.000000,0.240237,0.010544119,0.010596775
2082,2082,left,0.403155091,0.215933465,0.931147267,0.000000,0.000000,0.000000,0.000000,0.333333,0.014637459,0.014696976
2082,2082,right,0.413016708,-0.302865600,0.799879981,0.000000,0.000000,0.000000,0.000000,0.230491,0.010115303,0.010167958
2083,2083,left,0.403155091,0.215933465,0.931147267,0.000000,0.000000,0.000000,0.000000,0.333333,0.014637459,0.014696976
2083,2083,right,0.413016708,-0.302865600,0.799879981,0.000000,0.000000,0.000000,0.000000,0.220779,0.009687974,0.009740629
2084,2084,left,0.403155091,0.215933465,0.931147267,0.000000,0.000000,0.000000,0.000000,0.333333,0.014637459,0.014696976
2084,2084,right,0.413016708,-0.302865600,0.799879981,0.000000,0.000000,0.000000,0.000000,0.211118,0.009262874,0.009315529
2085,2085,left,0.403155091,0.215933465,0.931147267,0.000000,0.000000,0.000000,0.000000,0.333333,0.014637459,0.014696976
2085,2085,right,0.413016708,-0.302865600,0.799879981,0.000000,0.000000,0.000000,0.000000,0.201524,0.008840737,0.008893391
2086,2086,left,0.403155091,0.215933465,0.931147267,0.000000,0.000000,0.000000,0.000000,0.333333,0.014637459,0.014696976
2086,2086,right,0.413016708,-0.302865600,0.799879981,0.000000,0.000000,0.000000,0.000000,0.192014,0.008422289,0.008474942
2087,2087,left,0.403155091,0.215933465,0.931147267,0.000000,0.000000,0.000000,0.000000,0.333333,0.014637459,0.014696976
2087,2087,right,0.413016708,-0.302865600,0.799879981,0.000000,0.000000,0.000000,0.000000,0.182604,0.008008245,0.008060899
2088,2088,left,0.403155091,0.215933465,0.931147267,0.000000,0.000000,0.000000,0.000000,0.333333,0.014637459,0.014696976
2088,2088,right,0.413016708,-0.302865600,0.799879981,0.000000,0.000000,0.000000,0.000000,0.173310,0.007599311,0.007651964
2089,2089,left,0.403155091,0.215933465,0.931147267,0.000000,0.000000,0.000000,0.000000,0.333333,0.014637459,0.014696976
2089,2089,right,0.413016708,-0.302865600,0.799879981,0.000000,0.000000,0.000000,0.000000,0.164148,0.007196179,0.007248831
2090,2090,left,0.403155091,0.215933465,0.931147267,0.000000,0.000000,0.000000,0.000000,0.333333,0.014637459,0.014696976
2090,2090,right,0.413016708,-0.302865600,0.799879981,0.000000,0.000000,0.000000,0.000000,0.155133,0.006799522,0.006852174
2091,2091,left,0.403155091,0.215933465,0.931147267,0.000000,0.000000,0.000000,0.000000,0.333333,0.014637459,0.014696976
2091,2091,right,0.413016708,-0.302865600,0.799879981,0.000000,0.000000,0.000000,0.000000,0.146280,0.006410000,0.006462651
2092,2092,left,0.403155091,0.215933465,0.931147267,0.000000,0.000000,0.000000,0.000000,0.333333,0.014637459,0.014696976
2092,2092,right,0.413016708,-0.302865600,0.799879981,0.000000,0.000000,0.000000,0.000000,0.137604,0.006028251,0.006080902
2093,2093,left,0.403155091,0.215933465,0.931147267,0.000000,0.000000,0.000000,0.000000,0.333333,0.014637459,0.014696976
2093,2093,right,0.413016708,-0.302865600,0.799879981,0.000000,0.000000,0.000000,0.000000,0.129118,0.005654892,0.005707542
2094,2094,left,0.403155091,0.215933465,0.931147267,0.000000,0.000000,0.000000,0.000000,0.333333,0.014637459,0.014696976
2094,2094,right,0.413016708,-0.302865600,0.799879981,0.000000,0.000000,0.000000,0.000000,0.120837,0.005290519,0.005343168
2095,2095,left,0.403155091,0.215933465,0.931147267,0.000000,0.000000,0.000000,0.000000,0.333333,0.014637459,0.014696976
2095,2095,right,0.413016708,-0.302865600,0.799879981,0.000000,0.000000,0.000000,0.000000,0.112773,0.004935698,0.004988346
2096,2096,left,0.403155091,0.215933465,0.931147267,0.000000,0.000000,0.000000,0.000000,0.333333,0.014637459,0.014696976
2096,2096,right,0.413016708,-0.302865600,0.799879981,0.000000,0.000000,0.000000,0.000000,0.104938,0.004590971,0.004643619
2097,2097,left,0.403155091,0.215933465,0.931147267,0.000000,0.000000,0.000000,0.000000,0.333333,0.014637459,0.014696976
2097,2097,right,0.413016708,-0.302865600,0.799879981,0.000000,0.000000,0.000000,0.000000,0.097345,0.004256852,0.004309499
2098,2098,left,0.403155091,0.215933465,0.931147267,0.000000,0.000000,0.000000,0.000000,0.333333,0.014637459,0.014696976
2098,2098,right,0.413016708,-0.302865600,0.799879981,0.000000,0.000000,0.000000,0.000000,0.090003,0.003933820,0.003986467
2099,2099,left,0.403155091,0.215933465,0.931147267,0.000000,0.000000,0.000000,0.000000,0.333333,0.014637459,0.014696976
2099,2099,right,0.413016708,-0.302865600,0.799879981,0.000000,0.000000,0.000000,0.000000,0.082924,0.003622325,0.003674972
2100,2100,left,0.403155091,0.215933465,0.931147267,0.000000,0.000000,0.000000,0.000000,0.333333,0.014637459,0.014696976
2100,2100,right,0.413016708,-0.302865600,0.799879981,0.000000,0.000000,0.000000,0.000000,0.076116,0.003322781,0.003375427
2101,2101,left,0.403155091,0.215933465,0.931147267,0.000000,0.000000,0.000000,0.000000,0.333333,0.014637459,0.014696976
2101,2101,right,0.413016708,-0.302865600,0.799879981,0.000000,0.000000,0.000000,0.000000,0.069588,0.003035562,0.003088207
2102,2102,left,0.403155091,0.215933465,0.931147267,0.000000,0.000000,0.000000,0.000000,0.333333,0.014637459,0.014696976
2102,2102,right,0.413016708,-0.302865600,0.799879981,0.000000,0.000000,0.000000,0.000000,0.063348,0.002761007,0.002813652
2103,2103,left,0.403155091,0.215933465,0.931147267,0.000000,0.000000,0.000000,0.000000,0.333333,0.014637459,0.014696976
2103,2103,right,0.413016708,-0.302865600,0.799879981,0.000000,0.000000,0.000000,0.000000,0.057403,0.002499413,0.002552057
2104,2104,left,0.403155091,0.215933465,0.931147267,0.000000,0.000000,0.000000,0.000000,0.333333,0.014637459,0.014696976
2104,2104,right,0.413016708,-0.302865600,0.799879981,0.000000,0.000000,0.000000,0.000000,0.051758,0.002251033,0.002303677
2105,2105,left,0.403155091,0.215933465,0.931147267,0.000000,0.000000,0.000000,0.000000,0.333333,0.014637459,0.014696976
2105,2105,right,0.413016708,-0.302865600,0.799879981,0.000000,0.000000,0.000000,0.000000,0.046418,0.002016077,0.002068721
2106,2106,left,0.403155091,0.215933465,0.931147267,0.000000,0.000000,0.000000,0.000000,0.333333,0.014637459,0.014696976
2106,2106,right,0.413016708,-0.302865600,0.799879981,0.000000,0.000000,0.000000,0.000000,0.041387,0.001794707,0.001847351
2107,2107,left,0.403155091,0.215933465,0.931147267,0.000000,0.000000,0.000000,0.000000,0.333333,0.014637459,0.014696976
2107,2107,right,0.413016708,-0.302865600,0.799879981,0.000000,0.000000,0.000000,0.000000,0.036667,0.001587039,0.001639681
2108,2108,left,0.403155091,0.215933465,0.931147267,0.000000,0.000000,0.000000,0.000000,0.333333,0.014637459,0.014696976
2108,2108,right,0.413016708,-0.302865600,0.799879981,0.000000,0.000000,0.000000,0.000000,0.032260,0.001393134,0.001445776
2109,2109,left,0.403155091,0.215933465,0.931147267,0.000000,0.000000,0.000000,0.000000,0.333333,0.014637459,0.014696976
2109,2109,right,0.413016708,-0.302865600,0.799879981,0.000000,0.000000,0.000000,0.000000,0.028166,0.001213005,0.001265647
2110,2110,left,0.403155091,0.215933465,0.931147267,0.000000,0.000000,0.000000,0.000000,0.333333,0.014637459,0.014696976
2110,2110,right,0.413016708,-0.302865600,0.799879981,0.000000,0.000000,0.000000,0.000000,0.024384,0.001046608,0.001099250
2111,2111,left,0.403155091,0.215933465,0.931147267,0.000000,0.000000,0.000000,0.000000,0.333333,0.014637459,0.014696976
2111,2111,right,0.413016708,-0.302865600,0.799879981,0.000000,0.000000,0.000000,0.000000,0.020913,0.000893844,0.000946485
2112,2112,left,0.403155091,0.215933465,0.931147267,0.000000,0.000000,0.000000,0.000000,0.333333,0.014637459,0.014696976
2112,2112,right,0.413016708,-0.302865600,0.799879981,0.000000,0.000000,0.000000,0.000000,0.017747,0.000754555,0.000807196
2113,2113,left,0.403155091,0.215933465,0.931147267,0.000000,0.000000,0.000000,0.000000,0.333333,0.014637459,0.014696976
2113,2113,right,0.413016708,-0.302865600,0.799879981,0.000000,0.000000,0.000000,0.000000,0.014883,0.000628522,0.000681163
2114,2114,left,0.403155091,0.215933465,0.931147267,0.000000,0.000000,0.000000,0.000000,0.333333,0.014637459,0.014696976
2114,2114,right,0.413016708,-0.302865600,0.799879981,0.000000,0.000000,0.000000,0.000000,0.012313,0.000515466,0.000568107
2115,2115,left,0.403155091,0.215933465,0.931147267,0.000000,0.000000,0.000000,0.000000,0.333333,0.014637459,0.014696976
2115,2115,right,0.413016708,-0.302865600,0.799879981,0.000000,0.000000,0.000000,0.000000,0.010031,0.000415042,0.000467683
2116,2116,left,0.403155091,0.215933465,0.931147267,0.000000,0.000000,0.000000,0.000000,0.333333,0.014637459,0.014696976
2116,2116,right,0.413016708,-0.302865600,0.799879981,0.000000,0.000000,0.000000,0.000000,0.008026,0.000326840,0.000379481
2117,2117,left,0.403155091,0.215933465,0.931147267,0.000000,0.000000,0.000000,0.000000,0.333333,0.014637459,0.014696976
2117,2117,right,0.413016708,-0.302865600,0.799879981,0.000000,0.000000,0.000000,0.000000,0.006288,0.000250382,0.000303022
2118,2118,left,0.403155091,0.215933465,0.931147267,0.000000,0.000000,0.000000,0.000000,0.333333,0.014637459,0.014696976
2118,2118,right,0.413016708,-0.302865600,0.799879981,0.000000,0.000000,0.000000,0.000000,0.004805,0.000185118,0.000237758
2119,2119,left,0.403155091,0.215933465,0.931147267,0.000000,0.000000,0.000000,0.000000,0.333333,0.014637459,0.014696976
2119,2119,right,0.413016708,-0.302865600,0.799879981,0.000000,0.000000,0.000000,0.000000,0.003562,0.000130430,0.000183070
2120,2120,left,0.403155091,0.215933465,0.931147267,0.000000,0.000000,0.000000,0.000000,0.333333,0.014637459,0.014696976
2120,2120,right,0.413016708,-0.302865600,0.799879981,0.000000,0.000000,0.000000,0.000000,0.002544,0.000085622,0.000138262
2121,2121,left,0.403155091,0.215933465,0.931147267,0.000000,0.000000,0.000000,0.000000,0.333333,0.014637459,0.014696976
2121,2121,right,0.413016708,-0.302865600,0.799879981,0.000000,0.000000,0.000000,0.000000,0.001733,0.000049926,0.000102565
2122,2122,left,0.403155091,0.215933465,0.931147267,0.000000,0.000000,0.000000,0.000000,0.333333,0.014637459,0.014696976
2122,2122,right,0.413016708,-0.302865600,0.799879981,0.000000,0.000000,0.000000,0.000000,0.001109,0.000022493,0.000075132
2123,2123,left,0.403155091,0.215933465,0.931147267,0.000000,0.000000,0.000000,0.000000,0.333333,0.014637459,0.014696976
2123,2123,right,0.413016708,-0.302865600,0.799879981,0.000000,0.000000,0.000000,0.000000,0.000652,0.000002396,0.000055036
2124,2124,left,0.403155091,0.215933465,0.931147267,0.000000,0.000000,0.000000,0.000000,0.333333,0.014637459,0.014696976
2124,2124,right,0.413016708,-0.302865600,0.799879981,0.000000,0.000000,0.000000,0.000000,0.000339,-0.000011372,0.000041267
2125,2125,left,0.403155091,0.215933465,0.931147267,0.000000,0.000000,0.000000,0.000000,0.333333,0.014637459,0.014696976
2125,2125,right,0.413016708,-0.302865600,0.799879981,0.000000,0.000000,0.000000,0.000000,0.000146,-0.000019906,0.000032734
2126,2126,left,0.403155091,0.215933465,0.931147267,0.000000,0.000000,0.000000,0.000000,0.333333,0.014637459,0.014696976
2126,2126,right,0.413016708,-0.302865600,0.799879981,0.000000,0.000000,0.000000,0.000000,0.000044,-0.000024381,0.000028258
2127,2127,left,0.403155091,0.215933465,0.931147267,0.000000,0.000000,0.000000,0.000000,0.333333,0.014637459,0.014696976
2127,2127,right,0.413016708,-0.302865600,0.799879981,0.000000,0.000000,0.000000,0.000000,0.000006,-0.000026064,0.000026576
2128,2128,left,0.403155091,0.215933465,0.931147267,0.000000,0.000000,0.000000,0.000000,0.333333,0.014637459,0.014696976
2128,2128,right,0.413016708,-0.302865600,0.799879981,0.000000,0.000000,0.000000,0.000000,0.000000,-0.000026309,0.000026331
2129,2129,left,0.403155091,0.215933465,0.931147267,0.000000,0.000000,0.000000,0.000000,0.333333,0.014637459,0.014696976
2129,2129,right,0.413016708,-0.302865600,0.799879981,0.000000,0.000000,0.000000,0.000000,0.000000,-0.000026309,0.000026331
2130,2130,left,0.403155091,0.215933465,0.931147267,0.000000,0.000000,0.000000,0.000000,0.333333,0.014637459,0.014696976
2130,2130,right,0.413016708,-0.302865600,0.799879981,0.000000,0.000000,0.000000,0.000000,0.000000,-0.000026309,0.000026331
2131,2131,left,0.403155091,0.215933465,0.931147267,0.000000,0.000000,0.000000,0.000000,0.333333,0.014637459,0.014696976
2131,2131,right,0.413016708,-0.302865600,0.799879981,0.000000,0.000000,0.000000,0.000000,0.000000,-0.000026309,0.000026331
2132,2132,left,0.403155091,0.215933465,0.931147267,0.000000,0.000000,0.000000,0.000000,0.333333,0.014637459,0.014696976
2132,2132,right,0.413016708,-0.302865600,0.799879981,0.000000,0.000000,0.000000,0.000000,0.000000,-0.000026309,0.000026331
2133,2133,left,0.403155091,0.215933465,0.931147267,0.000000,0.000000,0.000000,0.000000,0.333333,0.014637459,0.014696976
2133,2133,right,0.413016708,-0.302865600,0.799879981,0.000000,0.000000,0.000000,0.000000,0.000000,-0.000026309,0.000026331
2134,2134,left,0.403155091,0.215933465,0.931147267,0.000000,0.000000,0.000000,0.000000,0.333333,0.014637459,0.014696976
2134,2134,right,0.413016708,-0.302865600,0.799879981,0.000000,0.000000,0.000000,0.000000,0.000000,-0.000026309,0.000026331
2135,2135,left,0.403155091,0.215933465,0.931147267,0.000000,0.000000,0.000000,0.000000,0.333333,0.014637459,0.014696976
2135,2135,right,0.413016708,-0.302865600,0.799879981,0.000000,0.000000,0.000000,0.000000,0.000000,-0.000026309,0.000026331
2136,2136,left,0.403155091,0.215933465,0.931147267,0.000000,0.000000,0.000000,0.000000,0.333333,0.014637459,0.014696976
2136,2136,right,0.413016708,-0.302865600,0.799879981,0.000000,0.000000,0.000000,0.000000,0.000000,-0.000026309,0.000026331
2137,2137,left,0.403155091,0.215933465,0.931147267,0.000000,0.000000,0.000000,0.000000,0.333333,0.014637459,0.014696976
2137,2137,right,0.413016349,-0.302865555,0.800019064,-0.000359,0.000045,0.139083,0.000362,0.000000,-0.000026312,0.000026334
2138,2138,left,0.403155091,0.215933465,0.931147267,0.000000,0.000000,0.000000,0.000000,0.333333,0.014637459,0.014696976
2138,2138,right,0.413016349,-0.302865555,0.800019064,0.000000,0.000000,0.000000,0.000000,0.000000,-0.000026312,0.000026334
2139,2139,left,0.403155091,0.215933465,0.931147267,0.000000,0.000000,0.000000,0.000000,0.333333,0.014637459,0.014696976
2139,2139,right,0.413016287,-0.302865440,0.800189285,-0.000062,0.000115,0.170221,0.000130,0.000000,-0.000026316,0.000026338
2140,2140,left,0.403155091,0.215933465,0.931147267,0.000000,0.000000,0.000000,0.000000,0.333333,0.014637459,0.014696976
2140,2140,right,0.413016278,-0.302865433,0.800303665,-0.000009,0.000008,0.114381,0.000012,0.000000,-0.000026319,0.000026341
2141,2141,left,0.403155091,0.215933465,0.931147267,0.000000,0.000000,0.000000,0.000000,0.333333,0.014637459,0.014696976
2141,2141,right,0.413016217,-0.302865431,0.800428133,-0.000061,0.000001,0.124468,0.000061,0.000000,-0.000026322,0.000026344
2142,2142,left,0.403155091,0.215933465,0.931147267,0.000000,0.000000,0.000000,0.000000,0.333333,0.014637459,0.014696976
2142,2142,right,0.413016220,-0.302865395,0.800568440,0.000004,0.000037,0.140307,0.000037,0.000000,-0.000026325,0.000026347
2143,2143,left,0.403155091,0.215933465,0.931147267,0.000000,0.000000,0.000000,0.000000,0.333333,0.014637459,0.014696976
2143,2143,right,0.413016102,-0.302865400,0.800725306,-0.000118,-0.000005,0.156866,0.000118,0.000000,-0.000026329,0.000026351
2144,2144,left,0.403155091,0.215933465,0.931147267,0.000000,0.000000,0.000000,0.000000,0.333333,0.014637459,0.014696976
2144,2144,right,0.413015961,-0.302865357,0.800898573,-0.000142,0.000042,0.173266,0.000148,0.000000,-0.000026333,0.000026355
2145,2145,left,0.403155091,0.215933465,0.931147267,0.000000,0.000000,0.000000,0.000000,0.333333,0.014637459,0.014696976
2145,2145,right,0.413015734,-0.302865342,0.801088393,-0.000226,0.000015,0.189821,0.000227,0.000000,-0.000026338,0.000026360
2146,2146,left,0.403155091,0.215933465,0.931147267,0.000000,0.000000,0.000000,0.000000,0.333333,0.014637459,0.014696976
2146,2146,right,0.413015640,-0.302865282,0.801295118,-0.000094,0.000060,0.206724,0.000112,0.000000,-0.000026343,0.000026365
2147,2147,left,0.403155091,0.215933465,0.931147267,0.000000,0.000000,0.000000,0.000000,0.333333,0.014637459,0.014696976
2147,2147,right,0.413015446,-0.302865200,0.801517196,-0.000194,0.000082,0.222078,0.000211,0.000000,-0.000026348,0.000026370
2148,2148,left,0.403155091,0.215933465,0.931147267,0.000000,0.000000,0.000000,0.000000,0.333333,0.014637459,0.014696976
2148,2148,right,0.413015445,-0.302865227,0.801755031,-0.000001,-0.000026,0.237836,0.000026,0.000000,-0.000026354,0.000026376
2149,2149,left,0.403155091,0.215933465,0.931147267,0.000000,0.000000,0.000000,0.000000,0.333333,0.014637459,0.014696976
2149,2149,right,0.413015334,-0.302865187,0.802007856,-0.000111,0.000039,0.252825,0.000117,0.000000,-0.000026359,0.000026381
2150,2150,left,0.403155091,0.215933465,0.931147267,0.000000,0.000000,0.000000,0.000000,0.333333,0.014637459,0.014696976
2150,2150,right,0.413015250,-0.302865185,0.802274631,-0.000085,0.000002,0.266775,0.000085,0.000000,-0.000026366,0.000026388
2151,2151,left,0.403155091,0.215933465,0.931147267,0.000000,0.000000,0.000000,0.000000,0.333333,0.014637459,0.014696976
2151,2151,right,0.413015051,-0.302865164,0.802554660,-0.000199,0.000021,0.280029,0.000200,0.000000,-0.000026372,0.000026394
2152,2152,left,0.403155091,0.215933465,0.931147267,0.000000,0.000000,0.000000,0.000000,0.333333,0.014637459,0.014696976
2152,2152,right,0.413014885,-0.302865216,0.802846584,-0.000166,-0.000052,0.291924,0.000174,0.000000,-0.000026378,0.000026400
2153,2153,left,0.403155091,0.215933465,0.931147267,0.000000,0.000000,0.000000,0.000000,0.333333,0.014637459,0.014696976
2153,2153,right,0.413014885,-0.302865215,0.803149256,-0.000000,0.000002,0.302672,0.000002,0.000000,-0.000026385,0.000026407
2154,2154,left,0.403155091,0.215933465,0.931147267,0.000000,0.000000,0.000000,0.000000,0.333333,0.014637459,0.014696976
2154,2154,right,0.413014916,-0.302865112,0.803461297,0.000032,0.000102,0.312041,0.000107,0.000000,-0.000026392,0.000026414
2155,2155,left,0.403155091,0.215933465,0.931147267,0.000000,0.000000,0.000000,0.000000,0.333333,0.014637459,0.014696976
2155,2155,right,0.413014526,-0.302865041,0.803781167,-0.000391,0.000071,0.319869,0.000397,0.000000,-0.000026399,0.000026421
2156,2156,left,0.403155091,0.215933465,0.931147267,0.000000,0.000000,0.000000,0.000000,0.333333,0.014637459,0.014696976
2156,2156,right,0.413014477,-0.302865025,0.804106959,-0.000049,0.000016,0.325792,0.000051,0.000000,-0.000026406,0.000026428
2157,2157,left,0.403155091,0.215933465,0.931147267,0.000000,0.000000,0.000000,0.000000,0.333333,0.014637459,0.014696976
2157,2157,right,0.413014455,-0.302865042,0.804437522,-0.000022,-0.000017,0.330563,0.000028,0.000000,-0.000026413,0.000026435
2158,2158,left,0.403155091,0.215933465,0.931147267,0.000000,0.000000,0.000000,0.000000,0.333333,0.014637459,0.014696976
2158,2158,right,0.413014229,-0.302865047,0.804770073,-0.000226,-0.000005,0.332551,0.000226,0.000000,-0.000026420,0.000026442
2159,2159,left,0.403155091,0.215933465,0.931147267,0.000000,0.000000,0.000000,0.000000,0.333333,0.014637459,0.014696976
2159,2159,right,0.413013951,-0.302863528,0.805105669,-0.000278,0.001519,0.335596,0.001544,0.000000,-0.000026427,0.000026449
2160,2160,left,0.403155091,0.215933465,0.931147267,0.000000,0.000000,0.000000,0.000000,0.333333,0.014637459,0.014696976
2160,2160,right,0.413013245,-0.302853832,0.805455912,-0.000706,0.009696,0.350243,0.009722,0.000000,-0.000026430,0.000026452
2161,2161,left,0.403155091,0.215933465,0.931147267,0.000000,0.000000,0.000000,0.000000,0.333333,0.014637459,0.014696976
2161,2161,right,0.413011311,-0.302827911,0.805834638,-0.001934,0.025921,0.378726,0.025993,0.000000,-0.000026426,0.000026448
2162,2162,left,0.403155091,0.215933465,0.931147267,0.000000,0.000000,0.000000,0.000000,0.333333,0.014637459,0.014696976
2162,2162,right,0.413007628,-0.302778768,0.806253520,-0.003683,0.049143,0.418882,0.049281,0.000000,-0.000026413,0.000026434
2163,2163,left,0.403155091,0.215933465,0.931147267,0.000000,0.000000,0.000000,0.000000,0.333333,0.014637459,0.014696976
2163,2163,right,0.413001981,-0.302699694,0.806723339,-0.005647,0.079073,0.469819,0.079275,0.000000,-0.000026387,0.000026408
2164,2164,left,0.403155091,0.215933465,0.931147267,0.000000,0.000000,0.000000,0.000000,0.333333,0.014637459,0.014696976
2164,2164,right,0.412994181,-0.302585148,0.807253074,-0.007800,0.114547,0.529735,0.114812,0.000000,-0.000026346,0.000026368
2165,2165,left,0.403155091,0.215933465,0.931147267,0.000000,0.000000,0.000000,0.000000,0.333333,0.014637459,0.014696976
2165,2165,right,0.412983939,-0.302430377,0.807849365,-0.010242,0.154770,0.596291,0.155109,0.000000,-0.000026288,0.000026310
2166,2166,left,0.403155091,0.215933465,0.931147267,0.000000,0.000000,0.000000,0.000000,0.333333,0.014637459,0.014696976
2166,2166,right,0.412970989,-0.302231068,0.808518059,-0.012950,0.199309,0.668694,0.199729,0.000000,-0.000026211,0.000026233
2167,2167,left,0.403155091,0.215933465,0.931147267,0.000000,0.000000,0.000000,0.000000,0.333333,0.014637459,0.014696976
2167,2167,right,0.412955457,-0.301983654,0.809263385,-0.015531,0.247414,0.745326,0.247901,0.000000,-0.000026113,0.000026135
2168,2168,left,0.403155091,0.215933465,0.931147267,0.000000,0.000000,0.000000,0.000000,0.333333,0.014637459,0.014696976
2168,2168,right,0.412937427,-0.301685467,0.810088216,-0.018030,0.298187,0.824832,0.298732,0.000000,-0.000025994,0.000026016
2169,2169,left,0.403155091,0.215933465,0.931147267,0.000000,0.000000,0.000000,0.000000,0.333333,0.014637459,0.014696976
2169,2169,right,0.412916599,-0.301334306,0.810993695,-0.020828,0.351161,0.905478,0.351778,0.000000,-0.000025850,0.000025873
2170,2170,left,0.403155091,0.215933465,0.931147267,0.000000,0.000000,0.000000,0.000000,0.333333,0.014637459,0.014696976
2170,2170,right,0.412893409,-0.300928326,0.811980358,-0.023191,0.405980,0.986664,0.406642,0.000000,-0.000025683,0.000025705
2171,2171,left,0.403155091,0.215933465,0.931147267,0.000000,0.000000,0.000000,0.000000,0.333333,0.014637459,0.014696976
2171,2171,right,0.412870277,-0.300433444,0.813135184,-0.023132,0.494882,1.154826,0.495422,0.000000,-0.000025473,0.000025496
2172,2172,left,0.403155091,0.215933465,0.931147267,0.000000,0.000000,0.000000,0.000000,0.333333,0.014637459,0.014696976
2172,2172,right,0.412843154,-0.299910755,0.814288029,-0.027123,0.522690,1.152845,0.523393,0.000000,-0.000025252,0.000025275
2173,2173,left,0.403155091,0.215933465,0.931147267,0.000000,0.000000,0.000000,0.000000,0.333333,0.014637459,0.014696976
2173,2173,right,0.412814013,-0.299331894,0.815515838,-0.029141,0.578860,1.227809,0.579593,0.000000,-0.000025004,0.000025027
2174,2174,left,0.403155091,0.215933465,0.931147267,0.000000,0.000000,0.000000,0.000000,0.333333,0.014637459,0.014696976
2174,2174,right,0.412783555,-0.298696895,0.816815892,-0.030458,0.634999,1.300054,0.635729,0.000000,-0.000024729,0.000024753
2175,2175,left,0.403155091,0.215933465,0.931147267,0.000000,0.000000,0.000000,0.000000,0.333333,0.014637459,0.014696976
2175,2175,right,0.412751850,-0.298006556,0.818183128,-0.031705,0.690339,1.367236,0.691067,0.000000,-0.000024428,0.000024452
2176,2176,left,0.403155091,0.215933465,0.931147267,0.000000,0.000000,0.000000,0.000000,0.333333,0.014637459,0.014696976
2176,2176,right,0.412719257,-0.297262054,0.819612622,-0.032593,0.744502,1.429494,0.745215,0.000000,-0.000024100,0.000024123
2177,2177,left,0.403155091,0.215933465,0.931147267,0.000000,0.000000,0.000000,0.000000,0.333333,0.014637459,0.014696976
2177,2177,right,0.412686250,-0.296465053,0.821098571,-0.033007,0.797001,1.485949,0.797684,0.000000,-0.000023745,0.000023769
2178,2178,left,0.403155091,0.215933465,0.931147267,0.000000,0.000000,0.000000,0.000000,0.333333,0.014637459,0.014696976
2178,2178,right,0.412653122,-0.295617514,0.822634781,-0.033128,0.847539,1.536209,0.848186,0.000000,-0.000023364,0.000023388
2179,2179,left,0.403155091,0.215933465,0.931147267,0.000000,0.000000,0.000000,0.000000,0.333333,0.014637459,0.014696976
2179,2179,right,0.412620515,-0.294721324,0.824214009,-0.032607,0.896190,1.579229,0.896783,0.000000,-0.000022957,0.000022982
2180,2180,left,0.403155091,0.215933465,0.931147267,0.000000,0.000000,0.000000,0.000000,0.333333,0.014637459,0.014696976
2180,2180,right,0.412588360,-0.293779031,0.825829050,-0.032155,0.942293,1.615041,0.942841,0.000000,-0.000022526,0.000022551
2181,2181,left,0.403155091,0.215933465,0.931147267,0.000000,0.000000,0.000000,0.000000,0.333333,0.014637459,0.014696976
2181,2181,right,0.412557334,-0.292793383,0.827473013,-0.031026,0.985647,1.643964,0.986136,0.000000,-0.000022071,0.000022097
2182,2182,left,0.403155091,0.215933465,0.931147267,0.000000,0.000000,0.000000,0.000000,0.333333,0.014637459,0.014696976
2182,2182,right,0.412528093,-0.291767259,0.829137814,-0.029240,1.026124,1.664800,1.026540,0.000000,-0.000021593,0.000021619
2183,2183,left,0.403155091,0.215933465,0.931147267,0.000000,0.000000,0.000000,0.000000,0.333333,0.014637459,0.014696976
2183,2183,right,0.412500755,-0.290703562,0.830815875,-0.027338,1.063697,1.678061,1.064048,0.000000,-0.000021094,0.000021121
2184,2184,left,0.403155091,0.215933465,0.931147267,0.000000,0.000000,0.000000,0.000000,0.333333,0.014637459,0.014696976
2184,2184,right,0.412475806,-0.289605419,0.832499272,-0.024949,1.098143,1.683397,1.098427,0.000000,-0.000020575,0.000020602
2185,2185,left,0.403155091,0.215933465,0.931147267,0.000000,0.000000,0.000000,0.000000,0.333333,0.014637459,0.014696976
2185,2185,right,0.412453733,-0.288476205,0.834179888,-0.022074,1.129214,1.680617,1.129430,0.000000,-0.000020038,0.000020065
2186,2186,left,0.403155091,0.215933465,0.931147267,0.000000,0.000000,0.000000,0.000000,0.333333,0.014637459,0.014696976
2186,2186,right,0.412435026,-0.287319184,0.835850266,-0.018707,1.157022,1.670378,1.157173,0.000000,-0.000019483,0.000019511
2187,2187,left,0.403155091,0.215933465,0.931147267,0.000000,0.000000,0.000000,0.000000,0.333333,0.014637459,0.014696976
2187,2187,right,0.412419616,-0.286137469,0.837503036,-0.015409,1.181715,1.652770,1.181815,0.000000,-0.000018914,0.000018942
2188,2188,left,0.403155091,0.215933465,0.931147267,0.000000,0.000000,0.000000,0.000000,0.333333,0.014637459,0.014696976
2188,2188,right,0.412408141,-0.284934822,0.839130711,-0.011476,1.202647,1.627675,1.202702,0.000000,-0.000018331,0.000018360
2189,2189,left,0.403155091,0.215933465,0.931147267,0.000000,0.000000,0.000000,0.000000,0.333333,0.014637459,0.014696976
2189,2189,right,0.412400805,-0.283714239,0.840726620,-0.007336,1.220582,1.595909,1.220604,0.000000,-0.000017736,0.000017766
2190,2190,left,0.403155091,0.215933465,0.931147267,0.000000,0.000000,0.000000,0.000000,0.333333,0.014637459,0.014696976
2190,2190,right,0.412398055,-0.282479102,0.842284310,-0.002750,1.235137,1.557690,1.235140,0.000000,-0.000017131,0.000017161
2191,2191,left,0.403155091,0.215933465,0.931147267,0.000000,0.000000,0.000000,0.000000,0.333333,0.014637459,0.014696976
2191,2191,right,0.412400236,-0.281232586,0.843797929,0.002181,1.246517,1.513619,1.246518,0.000000,-0.000016518,0.000016549
2192,2192,left,0.403155091,0.215933465,0.931147267,0.000000,0.000000,0.000000,0.000000,0.333333,0.014637459,0.014696976
2192,2192,right,0.412407106,-0.279977701,0.845262283,0.006870,1.254885,1.464354,1.254904,0.000000,-0.000015899,0.000015931
2193,2193,left,0.403155091,0.215933465,0.931147267,0.000000,0.000000,0.000000,0.000000,0.333333,0.014637459,0.014696976
2193,2193,right,0.412419267,-0.278717227,0.846672490,0.012161,1.260473,1.410207,1.260532,0.000000,-0.000015275,0.000015308
2194,2194,left,0.403155091,0.215933465,0.931147267,0.000000,0.000000,0.000000,0.000000,0.333333,0.014637459,0.014696976
2194,2194,right,0.412436358,-0.277453953,0.848024966,0.017091,1.263275,1.352476,1.263390,0.000000,-0.000014648,0.000014681
2195,2195,left,0.403155091,0.215933465,0.931147267,0.000000,0.000000,0.000000,0.000000,0.333333,0.014637459,0.014696976
2195,2195,right,0.412459055,-0.276190440,0.849316687,0.022697,1.263513,1.291722,1.263717,0.000000,-0.000014020,0.000014053
2196,2196,left,0.403155091,0.215933465,0.931147267,0.000000,0.000000,0.000000,0.000000,0.333333,0.014637459,0.014696976
2196,2196,right,0.412486551,-0.274928722,0.850545660,0.027496,1.261718,1.228972,1.262018,0.000000,-0.000013391,0.000013425
2197,2197,left,0.403155091,0.215933465,0.931147267,0.000000,0.000000,0.000000,0.000000,0.333333,0.014637459,0.014696976
2197,2197,right,0.412519418,-0.273670627,0.851710764,0.032867,1.258095,1.165104,1.258525,0.000000,-0.000012763,0.000012798
2198,2198,left,0.403155091,0.215933465,0.931147267,0.000000,0.000000,0.000000,0.000000,0.333333,0.014637459,0.014696976
2198,2198,right,0.412557233,-0.272417898,0.852812328,0.037815,1.252728,1.101565,1.253299,0.000000,-0.000012138,0.000012173
2199,2199,left,0.403155091,0.215933465,0.931147267,0.000000,0.000000,0.000000,0.000000,0.333333,0.014637459,0.014696976
2199,2199,right,0.412600009,-0.271171761,0.853851570,0.042776,1.246137,1.039241,1.246871,0.000000,-0.000011515,0.000011551
2200,2200,left,0.403155091,0.215933465,0.931147267,0.000000,0.000000,0.000000,0.000000,0.333333,0.014637459,0.014696976
2200,2200,right,0.412646985,-0.269933061,0.854831163,0.046976,1.238700,0.979594,1.239590,0.000000,-0.000010895,0.000010932
2201,2201,left,0.403155091,0.215933465,0.931147267,0.000000,0.000000,0.000000,0.000000,0.333333,0.014637459,0.014696976
2201,2201,right,0.412698404,-0.268702234,0.855754056,0.051418,1.230828,0.922892,1.231901,0.000000,-0.000010279,0.000010316
2202,2202,left,0.403155091,0.215933465,0.931147267,0.000000,0.000000,0.000000,0.000000,0.333333,0.014637459,0.014696976
2202,2202,right,0.412753512,-0.267479343,0.856626515,0.055108,1.222891,0.872459,1.224132,0.000000,-0.000009667,0.000009705
2203,2203,left,0.403155091,0.215933465,0.931147267,0.000000,0.000000,0.000000,0.000000,0.333333,0.014637459,0.014696976
2203,2203,right,0.412811698,-0.266263798,0.857455444,0.058186,1.215545,0.828929,1.216936,0.000000,-0.000009059,0.000009097
2204,2204,left,0.403155091,0.215933465,0.931147267,0.000000,0.000000,0.000000,0.000000,0.333333,0.014637459,0.014696976
2204,2204,right,0.412872263,-0.265054604,0.858248627,0.060566,1.209194,0.793183,1.210710,0.000000,-0.000008454,0.000008493
2205,2205,left,0.403155091,0.215933465,0.931147267,0.000000,0.000000,0.000000,0.000000,0.333333,0.014637459,0.014696976
2205,2205,right,0.412934623,-0.263850198,0.859016188,0.062359,1.204406,0.767561,1.206019,0.000000,-0.000007851,0.000007891
2206,2206,left,0.403155091,0.215933465,0.931147267,0.000000,0.000000,0.000000,0.000000,0.333333,0.014637459,0.014696976
2206,2206,right,0.412997987,-0.262648544,0.859770497,0.063365,1.201653,0.754310,1.203323,0.000000,-0.000007251,0.000007291
2207,2207,left,0.403155091,0.215933465,0.931147267,0.000000,0.000000,0.000000,0.000000,0.333333,0.014637459,0.014696976
2207,2207,right,0.413061592,-0.261446921,0.860522436,0.063605,1.201623,0.751939,1.203305,0.000000,-0.000006651,0.000006692
2208,2208,left,0.403155091,0.215933465,0.931147267,0.000000,0.000000,0.000000,0.000000,0.333333,0.014637459,0.014696976
2208,2208,right,0.413125344,-0.260243220,0.861273703,0.063751,1.203702,0.751267,1.205389,0.000000,-0.000006053,0.000006095
2209,2209,left,0.403155091,0.215933465,0.931147267,0.000000,0.000000,0.000000,0.000000,0.333333,0.014637459,0.014696976
2209,2209,right,0.413189598,-0.259035342,0.862024493,0.064254,1.207878,0.750790,1.209586,0.000000,-0.000005458,0.000005501
2210,2210,left,0.403155091,0.215933465,0.931147267,0.000000,0.000000,0.000000,0.000000,0.333333,0.014637459,0.014696976
2210,2210,right,0.413254575,-0.257821089,0.862774615,0.064977,1.214253,0.750121,1.215990,0.000000,-0.000004867,0.000004911
2211,2211,left,0.403155091,0.215933465,0.931147267,0.000000,0.000000,0.000000,0.000000,0.333333,0.014637459,0.014696976
2211,2211,right,0.413320433,-0.256598854,0.863523643,0.065857,1.222235,0.749028,1.224008,0.000000,-0.000004281,0.000004328
2212,2212,left,0.403155091,0.215933465,0.931147267,0.000000,0.000000,0.000000,0.000000,0.333333,0.014637459,0.014696976
2212,2212,right,0.413387368,-0.255366554,0.864271200,0.066935,1.232300,0.747557,1.234116,0.000000,-0.000003702,0.000003752
2213,2213,left,0.403155091,0.215933465,0.931147267,0.000000,0.000000,0.000000,0.000000,0.333333,0.014637459,0.014696976
2213,2213,right,0.413455465,-0.254122567,0.865017399,0.068097,1.243987,0.746199,1.245850,0.000000,-0.000003130,0.000003184
2214,2214,left,0.403155091,0.215933465,0.931147267,0.000000,0.000000,0.000000,0.000000,0.333333,0.014637459,0.014696976
2214,2214,right,0.413525258,-0.252865219,0.865761991,0.069793,1.257348,0.744592,1.259284,0.000000,-0.000002567,0.000002626
2215,2215,left,0.403155091,0.215933465,0.931147267,0.000000,0.000000,0.000000,0.000000,0.333333,0.014637459,0.014696976
2215,2215,right,0.413596496,-0.251592905,0.866504542,0.071238,1.272314,0.742551,1.274307,0.000000,-0.000002014,0.000002079
2216,2216,left,0.403155091,0.215933465,0.931147267,0.000000,0.000000,0.000000,0.000000,0.333333,0.014637459,0.014696976
2216,2216,right,0.413669666,-0.250303983,0.867245360,0.073170,1.288922,0.740818,1.290997,0.000000,-0.000001472,0.000001544
2217,2217,left,0.403155091,0.215933465,0.931147267,0.000000,0.000000,0.000000,0.000000,0.333333,0.014637459,0.014696976
2217,2217,right,0.413744725,-0.248997170,0.867984438,0.075059,1.306813,0.739078,1.308967,0.000000,-0.000000940,0.000001022
2218,2218,left,0.403155091,0.215933465,0.931147267,0.000000,0.000000,0.000000,0.000000,0.333333,0.014637459,0.014696976
2218,2218,right,0.413821857,-0.247670909,0.868721880,0.077133,1.326260,0.737442,1.328501,0.000000,-0.000000422,0.000000514
2219,2219,left,0.403155091,0.215933465,0.931147267,0.000000,0.000000,0.000000,0.000000,0.333333,0.014637459,0.014696976
2219,2219,right,0.413901173,-0.246324141,0.869457658,0.079316,1.346769,0.735778,1.349102,0.000000,0.000000084,0.000000021
2220,2220,left,0.403155091,0.215933465,0.931147267,0.000000,0.000000,0.000000,0.000000,0.333333,0.014637459,0.014696976
2220,2220,right,0.413982835,-0.244955470,0.870191941,0.081662,1.368671,0.734283,1.371105,0.000000,0.000000575,-0.000000456
2221,2221,left,0.403155091,0.215933465,0.931147267,0.000000,0.000000,0.000000,0.000000,0.333333,0.014637459,0.014696976
2221,2221,right,0.414066909,-0.243563759,0.870925645,0.084074,1.391711,0.733704,1.394248,0.000000,0.000001052,-0.000000917
2222,2222,left,0.403155091,0.215933465,0.931147267,0.000000,0.000000,0.000000,0.000000,0.333333,0.014637459,0.014696976
2222,2222,right,0.414153795,-0.242147998,0.871659306,0.086886,1.415761,0.733661,1.418425,0.000000,0.000001513,-0.000001360
2223,2223,left,0.403155091,0.215933465,0.931147267,0.000000,0.000000,0.000000,0.000000,0.333333,0.014637459,0.014696976
2223,2223,right,0.414243336,-0.240707209,0.872392817,0.089541,1.440789,0.733510,1.443568,0.000000,0.000001958,-0.000001785
2224,2224,left,0.403155091,0.215933465,0.931147267,0.000000,0.000000,0.000000,0.000000,0.333333,0.014637459,0.014696976
2224,2224,right,0.414335776,-0.239240263,0.873127389,0.092440,1.466946,0.734572,1.469855,0.000000,0.000002386,-0.000002191
2225,2225,left,0.403155091,0.215933465,0.931147267,0.000000,0.000000,0.000000,0.000000,0.333333,0.014637459,0.014696976
2225,2225,right,0.414431173,-0.237746397,0.873864135,0.095397,1.493866,0.736747,1.496909,0.000000,0.000002797,-0.000002578
2226,2226,left,0.403155091,0.215933465,0.931147267,0.000000,0.000000,0.000000,0.000000,0.333333,0.014637459,0.014696976
2226,2226,right,0.414529511,-0.236224757,0.874603872,0.098338,1.521640,0.739737,1.524815,0.000000,0.000003190,-0.000002944
2227,2227,left,0.403155091,0.215933465,0.931147267,0.000000,0.000000,0.000000,0.000000,0.333333,0.014637459,0.014696976
2227,2227,right,0.414631023,-0.234674722,0.875347546,0.101513,1.550034,0.743674,1.553355,0.000000,0.000003564,-0.000003289
2228,2228,left,0.403155091,0.215933465,0.931147267,0.000000,0.000000,0.000000,0.000000,0.333333,0.014637459,0.014696976
2228,2228,right,0.414735719,-0.233095258,0.876096562,0.104696,1.579465,0.749016,1.582931,0.000000,0.000003919,-0.000003613
2229,2229,left,0.403155091,0.215933465,0.931147267,0.000000,0.000000,0.000000,0.000000,0.333333,0.014637459,0.014696976
2229,2229,right,0.414843987,-0.231486243,0.876852626,0.108268,1.609014,0.756064,1.612653,0.000000,0.000004255,-0.000003915
2230,2230,left,0.403155091,0.215933465,0.931147267,0.000000,0.000000,0.000000,0.000000,0.333333,0.014637459,0.014696976
2230,2230,right,0.414955331,-0.229846758,0.877616929,0.111344,1.639485,0.764303,1.643262,0.000000,0.000004571,-0.000004194
2231,2231,left,0.403155091,0.215933465,0.931147267,0.000000,0.000000,0.000000,0.000000,0.333333,0.014637459,0.014696976
2231,2231,right,0.415069958,-0.228176389,0.878391253,0.114627,1.670369,0.774324,1.674298,0.000000,0.000004867,-0.000004451
2232,2232,left,0.403155091,0.215933465,0.931147267,0.000000,0.000000,0.000000,0.000000,0.333333,0.014637459,0.014696976
2232,2232,right,0.415188221,-0.226474760,0.879177385,0.118263,1.701629,0.786132,1.705733,0.000000,0.000005143,-0.000004685
2233,2233,left,0.403155091,0.215933465,0.931147267,0.000000,0.000000,0.000000,0.000000,0.333333,0.014637459,0.014696976
2233,2233,right,0.415309801,-0.224741474,0.879977090,0.121580,1.733286,0.799704,1.737545,0.000000,0.000005397,-0.000004895
2234,2234,left,0.403155091,0.215933465,0.931147267,0.000000,0.000000,0.000000,0.000000,0.333333,0.014637459,0.014696976
2234,2234,right,0.415435158,-0.222976052,0.880792650,0.125357,1.765421,0.815561,1.769866,0.000000,0.000005630,-0.000005081
2235,2235,left,0.403155091,0.215933465,0.931147267,0.000000,0.000000,0.000000,0.000000,0.333333,0.014637459,0.014696976
2235,2235,right,0.415564176,-0.221178495,0.881625753,0.129019,1.797557,0.833103,1.802181,0.000000,0.000005842,-0.000005242
2236,2236,left,0.403155091,0.215933465,0.931147267,0.000000,0.000000,0.000000,0.000000,0.333333,0.014637459,0.014696976
2236,2236,right,0.415696491,-0.219348387,0.882478173,0.132315,1.830109,0.852420,1.834886,0.000000,0.000006032,-0.000005380
2237,2237,left,0.403155091,0.215933465,0.931147267,0.000000,0.000000,0.000000,0.000000,0.333333,0.014637459,0.014696976
2237,2237,right,0.415832428,-0.217485583,0.883352526,0.135937,1.862804,0.874352,1.867757,0.000000,0.000006201,-0.000005492
2238,2238,left,0.403155091,0.215933465,0.931147267,0.000000,0.000000,0.000000,0.000000,0.333333,0.014637459,0.014696976
2238,2238,right,0.415971917,-0.215589978,0.884250726,0.139488,1.895604,0.898200,1.900729,0.000000,0.000006347,-0.000005580
2239,2239,left,0.403155091,0.215933465,0.931147267,0.000000,0.000000,0.000000,0.000000,0.333333,0.014637459,0.014696976
2239,2239,right,0.416115390,-0.213661504,0.885175165,0.143474,1.928474,0.924439,1.933804,0.000000,0.000006471,-0.000005643
2240,2240,left,0.403155091,0.215933465,0.931147267,0.000000,0.000000,0.000000,0.000000,0.333333,0.014637459,0.014696976
2240,2240,right,0.416262301,-0.211700356,0.886127251,0.146911,1.961148,0.952086,1.966643,0.000000,0.000006573,-0.000005681
2241,2241,left,0.403155091,0.215933465,0.931147267,0.000000,0.000000,0.000000,0.000000,0.333333,0.014637459,0.014696976
2241,2241,right,0.416413106,-0.209706413,0.887109452,0.150805,1.993943,0.982200,1.999637,0.000000,0.000006653,-0.000005693
2242,2242,left,0.403155091,0.215933465,0.931147267,0.000000,0.000000,0.000000,0.000000,0.333333,0.014637459,0.014696976
2242,2242,right,0.416567446,-0.207679906,0.888123573,0.154340,2.026507,1.014121,2.032376,0.000000,0.000006710,-0.000005680
2243,2243,left,0.403155091,0.215933465,0.931147267,0.000000,0.000000,0.000000,0.000000,0.333333,0.014637459,0.014696976
2243,2243,right,0.416725475,-0.205620765,0.889171421,0.158029,2.059141,1.047848,2.065196,0.000000,0.000006745,-0.000005642
2244,2244,left,0.403155091,0.215933465,0.931147267,0.000000,0.000000,0.000000,0.000000,0.333333,0.014637459,0.014696976
2244,2244,right,0.416887291,-0.203529267,0.890254311,0.161816,2.091498,1.082890,2.097748,0.000000,0.000006758,-0.000005579
2245,2245,left,0.403155091,0.215933465,0.931147267,0.000000,0.000000,0.000000,0.000000,0.333333,0.014637459,0.014696976
2245,2245,right,0.417052547,-0.201405669,0.891374183,0.165256,2.123598,1.119872,2.130018,0.000000,0.000006749,-0.000005491
2246,2246,left,0.403155091,0.215933465,0.931147267,0.000000,0.000000,0.000000,0.000000,0.333333,0.014637459,0.014696976
2246,2246,right,0.417221525,-0.199250376,0.892532303,0.168978,2.155294,1.158120,2.161907,0.000000,0.000006717,-0.000005377
2247,2247,left,0.403155091,0.215933465,0.931147267,0.000000,0.000000,0.000000,0.000000,0.333333,0.014637459,0.014696976
2247,2247,right,0.417394162,-0.197063405,0.893729594,0.172636,2.186971,1.197291,2.193774,0.000000,0.000006663,-0.000005239
2248,2248,left,0.403155091,0.215933465,0.931147267,0.000000,0.000000,0.000000,0.000000,0.333333,0.014637459,0.014696976
2248,2248,right,0.417570400,-0.194845515,0.894966993,0.176239,2.217890,1.237398,2.224881,0.000000,0.000006587,-0.000005075
2249,2249,left,0.403155091,0.215933465,0.931147267,0.000000,0.000000,0.000000,0.000000,0.333333,0.014637459,0.014696976
2249,2249,right,0.417749960,-0.192596893,0.896245268,0.179560,2.248621,1.278275,2.255779,0.000000,0.000006490,-0.000004887
2250,2250,left,0.403155091,0.215933465,0.931147267,0.000000,0.000000,0.000000,0.000000,0.333333,0.014637459,0.014696976
2250,2250,right,0.417933178,-0.190317994,0.897564471,0.183218,2.278899,1.319203,2.286252,0.000000,0.000006370,-0.000004674
2251,2251,left,0.403155091,0.215933465,0.931147267,0.000000,0.000000,0.000000,0.000000,0.333333,0.014637459,0.014696976
2251,2251,right,0.418119708,-0.188009383,0.898924774,0.186530,2.308611,1.360303,2.316134,0.000000,0.000006230,-0.000004437
2252,2252,left,0.403155091,0.215933465,0.931147267,0.000000,0.000000,0.000000,0.000000,0.333333,0.014637459,0.014696976
2252,2252,right,0.418309618,-0.185671700,0.900326192,0.189910,2.337684,1.401417,2.345385,0.000000,0.000006067,-0.000004176
2253,2253,left,0.403155091,0.215933465,0.931147267,0.000000,0.000000,0.000000,0.000000,0.333333,0.014637459,0.014696976
2253,2253,right,0.418503155,-0.183305234,0.901767897,0.193537,2.366465,1.441706,2.374366,0.000000,0.000005884,-0.000003891
2254,2254,left,0.403155091,0.215933465,0.931147267,0.000000,0.000000,0.000000,0.000000,0.333333,0.014637459,0.014696976
2254,2254,right,0.418699813,-0.180910830,0.903249222,0.196658,2.394404,1.481325,2.402467,0.000000,0.000005680,-0.000003583
2255,2255,left,0.403155091,0.215933465,0.931147267,0.000000,0.000000,0.000000,0.000000,0.333333,0.014637459,0.014696976
2255,2255,right,0.418899708,-0.178488988,0.904768151,0.199894,2.421842,1.518929,2.430078,0.000000,0.000005456,-0.000003252
2256,2256,left,0.403155091,0.215933465,0.931147267,0.000000,0.000000,0.000000,0.000000,0.333333,0.014637459,0.014696976
2256,2256,right,0.419102750,-0.176040410,0.906323752,0.203042,2.448578,1.555601,2.456982,0.000000,0.000005212,-0.000002898
2257,2257,left,0.403155091,0.215933465,0.931147267,0.000000,0.000000,0.000000,0.000000,0.333333,0.014637459,0.014696976
2257,2257,right,0.419308972,-0.173565834,0.907914198,0.206222,2.474576,1.590446,2.483154,0.000000,0.000004947,-0.000002521
2258,2258,left,0.403155091,0.215933465,0.931147267,0.000000,0.000000,0.000000,0.000000,0.333333,0.014637459,0.014696976
2258,2258,right,0.419518330,-0.171066063,0.909536608,0.209358,2.499771,1.622410,2.508523,0.000000,0.000004664,-0.000002123
2259,2259,left,0.403155091,0.215933465,0.931147267,0.000000,0.000000,0.000000,0.000000,0.333333,0.014637459,0.014696976
2259,2259,right,0.419730465,-0.168541729,0.911188807,0.212135,2.524334,1.652199,2.533232,0.000000,0.000004362,-0.000001703
2260,2260,left,0.403155091,0.215933465,0.931147267,0.000000,0.000000,0.000000,0.000000,0.333333,0.014637459,0.014696976
2260,2260,right,0.419945443,-0.165993779,0.912867536,0.214977,2.547950,1.678729,2.557003,0.000000,0.000004041,-0.000001263
2261,2261,left,0.403155091,0.215933465,0.931147267,0.000000,0.000000,0.000000,0.000000,0.333333,0.014637459,0.014696976
2261,2261,right,0.420163417,-0.163423029,0.914569562,0.217974,2.570750,1.702026,2.579974,0.000000,0.000003702,-0.000000802
2262,2262,left,0.403155091,0.215933465,0.931147267,0.000000,0.000000,0.000000,0.000000,0.333333,0.014637459,0.014696976
2262,2262,right,0.420383889,-0.160830180,0.916291000,0.220472,2.592849,1.721438,2.602206,0.000000,0.000003346,-0.000000322
2263,2263,left,0.403155091,0.215933465,0.931147267,0.000000,0.000000,0.000000,0.000000,0.333333,0.014637459,0.014696976
2263,2263,right,0.420607112,-0.158216473,0.918027863,0.223223,2.613707,1.736864,2.623222,0.000000,0.000002973,0.000000177
2264,2264,left,0.403155091,0.215933465,0.931147267,0.000000,0.000000,0.000000,0.000000,0.333333,0.014637459,0.014696976
2264,2264,right,0.420833071,-0.155582451,0.919776275,0.225958,2.634022,1.748411,2.643696,0.000000,0.000002584,0.000000694
2265,2265,left,0.403155091,0.215933465,0.931147267,0.000000,0.000000,0.000000,0.000000,0.333333,0.014637459,0.014696976
2265,2265,right,0.421061125,-0.152929247,0.921531242,0.228055,2.653205,1.754967,2.662988,0.000000,0.000002180,0.000001228
2266,2266,left,0.403155091,0.215933465,0.931147267,0.000000,0.000000,0.000000,0.000000,0.333333,0.014637459,0.014696976
2266,2266,right,0.421291825,-0.150257725,0.923288550,0.230700,2.671522,1.757307,2.681465,0.000000,0.000001761,0.000001778
2267,2267,left,0.403155091,0.215933465,0.931147267,0.000000,0.000000,0.000000,0.000000,0.333333,0.014637459,0.014696976
2267,2267,right,0.421524704,-0.147568931,0.925042418,0.232878,2.688793,1.753869,2.698859,0.000000,0.000001329,0.000002345
2268,2268,left,0.403155091,0.215933465,0.931147267,0.000000,0.000000,0.000000,0.000000,0.333333,0.014637459,0.014696976
2268,2268,right,0.421759780,-0.144864021,0.926787847,0.235076,2.704911,1.745429,2.715106,0.000000,0.000000884,0.000002925
2269,2269,left,0.403155091,0.215933465,0.931147267,0.000000,0.000000,0.000000,0.000000,0.333333,0.014637459,0.014696976
2269,2269,right,0.421996955,-0.142143820,0.928520206,0.237175,2.720201,1.732359,2.730521,0.000000,0.000000427,0.000003519
2270,2270,left,0.403155091,0.215933465,0.931147267,0.000000,0.000000,0.000000,0.000000,0.333333,0.014637459,0.014696976
2270,2270,right,0.422236058,-0.139409409,0.930232942,0.239103,2.734411,1.712736,2.744845,0.000000,-0.000000041,0.000004125
2271,2271,left,0.403155091,0.215933465,0.931147267,0.000000,0.000000,0.000000,0.000000,0.333333,0.014637459,0.014696976
2271,2271,right,0.422476935,-0.136662011,0.931921155,0.240877,2.747398,1.688213,2.757937,0.000000,-0.000000519,0.000004743
2272,2272,left,0.403155091,0.215933465,0.931147267,0.000000,0.000000,0.000000,0.000000,0.333333,0.014637459,0.014696976
2272,2272,right,0.422719446,-0.133902667,0.933578768,0.242511,2.759344,1.657612,2.769980,0.000000,-0.000001005,0.000005370
2273,2273,left,0.403155091,0.215933465,0.931147267,0.000000,0.000000,0.000000,0.000000,0.333333,0.014637459,0.014696976
2273,2273,right,0.422963756,-0.131132358,0.935200730,0.244310,2.770309,1.621962,2.781061,0.000000,-0.000001499,0.000006005
2274,2274,left,0.403155091,0.215933465,0.931147267,0.000000,0.000000,0.000000,0.000000,0.333333,0.014637459,0.014696976
2274,2274,right,0.423209332,-0.128352368,0.936780978,0.245576,2.779990,1.580249,2.790816,0.000000,-0.000001999,0.000006648
2275,2275,left,0.403155091,0.215933465,0.931147267,0.000000,0.000000,0.000000,0.000000,0.333333,0.014637459,0.014696976
2275,2275,right,0.423428656,-0.125644372,0.938279728,0.219323,2.707996,1.498750,2.716863,0.000000,-0.000002533,0.000007326
2276,2276,left,0.403155091,0.215933465,0.931147267,0.000000,0.000000,0.000000,0.000000,0.333333,0.014637459,0.014696976
2276,2276,right,0.423704719,-0.122767871,0.939794464,0.276064,2.876501,1.514736,2.889718,0.000000,-0.000003012,0.000007949
2277,2277,left,0.403155091,0.215933465,0.931147267,0.000000,0.000000,0.000000,0.000000,0.333333,0.014637459,0.014696976
2277,2277,right,0.423928965,-0.120046013,0.941192840,0.224246,2.721858,1.398376,2.731080,0.000000,-0.000003552,0.000008634
2278,2278,left,0.403155091,0.215933465,0.931147267,0.000000,0.000000,0.000000,0.000000,0.333333,0.014637459,0.014696976
2278,2278,right,0.424178870,-0.117243927,0.942556934,0.249905,2.802085,1.364094,2.813207,0.000000,-0.000004066,0.000009293
2279,2279,left,0.403155091,0.215933465,0.931147267,0.000000,0.000000,0.000000,0.000000,0.333333,0.014637459,0.014696976
2279,2279,right,0.424431988,-0.114432983,0.943854458,0.253118,2.810945,1.297525,2.822318,0.000000,-0.000004578,0.000009950
2280,2280,left,0.403155091,0.215933465,0.931147267,0.000000,0.000000,0.000000,0.000000,0.333333,0.014637459,0.014696976
2280,2280,right,0.424686163,-0.111619113,0.945079840,0.254175,2.813869,1.225382,2.825326,0.000000,-0.000005087,0.000010606
2281,2281,left,0.403155091,0.215933465,0.931147267,0.000000,0.000000,0.000000,0.000000,0.333333,0.014637459,0.014696976
2281,2281,right,0.424941090,-0.108803852,0.946228389,0.254926,2.815261,1.148549,2.826779,0.000000,-0.000005594,0.000011258
2282,2282,left,0.403155091,0.215933465,0.931147267,0.000000,0.000000,0.000000,0.000000,0.333333,0.014637459,0.014696976
2282,2282,right,0.425196810,-0.105988083,0.947295961,0.255720,2.815769,1.067572,2.827357,0.000000,-0.000006096,0.000011906
2283,2283,left,0.403155091,0.215933465,0.931147267,0.000000,0.000000,0.000000,0.000000,0.333333,0.014637459,0.014696976
2283,2283,right,0.425452805,-0.103173458,0.948278556,0.255995,2.814625,0.982595,2.826242,0.000000,-0.000006592,0.000012548
2284,2284,left,0.403155091,0.215933465,0.931147267,0.000000,0.000000,0.000000,0.000000,0.333333,0.014637459,0.014696976
2284,2284,right,0.425723210,-0.100272029,0.949151841,0.270405,2.901429,0.873284,2.914002,0.000000,-0.000007046,0.000013146
2285,2285,left,0.403155091,0.215933465,0.931147267,0.000000,0.000000,0.000000,0.000000,0.333333,0.014637459,0.014696976
2285,2285,right,0.425966207,-0.097545825,0.949974355,0.242998,2.726204,0.822514,2.737012,0.000000,-0.000007561,0.000013807
2286,2286,left,0.403155091,0.215933465,0.931147267,0.000000,0.000000,0.000000,0.000000,0.333333,0.014637459,0.014696976
2286,2286,right,0.426231615,-0.094657158,0.950649861,0.265408,2.888667,0.675507,2.900834,0.000000,-0.000007999,0.000014388
2287,2287,left,0.403155091,0.215933465,0.931147267,0.000000,0.000000,0.000000,0.000000,0.333333,0.014637459,0.014696976
2287,2287,right,0.426485639,-0.091857404,0.951256259,0.254024,2.799753,0.606398,2.811254,0.000000,-0.000008460,0.000014993
2288,2288,left,0.403155091,0.215933465,0.931147267,0.000000,0.000000,0.000000,0.000000,0.333333,0.014637459,0.014696976
2288,2288,right,0.426739442,-0.089065202,0.951765077,0.253803,2.792202,0.508818,2.803713,0.000000,-0.000008911,0.000015587
2289,2289,left,0.403155091,0.215933465,0.931147267,0.000000,0.000000,0.000000,0.000000,0.333333,0.014637459,0.014696976
2289,2289,right,0.426993090,-0.086281061,0.952175595,0.253647,2.784142,0.410518,2.795672,0.000000,-0.000009351,0.000016168
2290,2290,left,0.403155091,0.215933465,0.931147267,0.000000,0.000000,0.000000,0.000000,0.333333,0.014637459,0.014696976
2290,2290,right,0.427246125,-0.083506791,0.952486704,0.253035,2.774270,0.311109,2.785786,0.000000,-0.000009778,0.000016737
2291,2291,left,0.403155091,0.215933465,0.931147267,0.000000,0.000000,0.000000,0.000000,0.333333,0.014637459,0.014696976
2291,2291,right,0.427498608,-0.080743163,0.952698379,0.252484,2.763628,0.211674,2.775137,0.000000,-0.000010193,0.000017291
2292,2292,left,0.403155091,0.215933465,0.931147267,0.000000,0.000000,0.000000,0.000000,0.333333,0.014637459,0.014696976
2292,2292,right,0.427750242,-0.077991346,0.952810859,0.251634,2.751816,0.112480,2.763298,0.000000,-0.000010596,0.000017832
2293,2293,left,0.403155091,0.215933465,0.931147267,0.000000,0.000000,0.000000,0.000000,0.333333,0.014637459,0.014696976
2293,2293,right,0.428001081,-0.075252778,0.952824977,0.250839,2.738568,0.014118,2.750032,0.000000,-0.000010985,0.000018359
2294,2294,left,0.403155091,0.215933465,0.931147267,0.000000,0.000000,0.000000,0.000000,0.333333,0.014637459,0.014696976
2294,2294,right,0.428250853,-0.072528776,0.952741915,0.249772,2.724003,-0.083062,2.735430,0.000000,-0.000011362,0.000018871
2295,2295,left,0.403155091,0.215933465,0.931147267,0.000000,0.000000,0.000000,0.000000,0.333333,0.014637459,0.014696976
2295,2295,right,0.428499552,-0.069820285,0.952563799,0.248699,2.708490,-0.178116,2.719884,0.000000,-0.000011726,0.000019368
2296,2296,left,0.403155091,0.215933465,0.931147267,0.000000,0.000000,0.000000,0.000000,0.333333,0.014637459,0.014696976
2296,2296,right,0.428747041,-0.067128660,0.952292449,0.247490,2.691626,-0.271350,2.702980,0.000000,-0.000012077,0.000019852
2297,2297,left,0.403155091,0.215933465,0.931147267,0.000000,0.000000,0.000000,0.000000,0.333333,0.014637459,0.014696976
2297,2297,right,0.428993218,-0.064455181,0.951930612,0.246177,2.673479,-0.361837,2.684789,0.000000,-0.000012416,0.000020322
2298,2298,left,0.403155091,0.215933465,0.931147267,0.000000,0.000000,0.000000,0.000000,0.333333,0.014637459,0.014696976
2298,2298,right,0.429237778,-0.061800812,0.951481306,0.244560,2.654369,-0.449306,2.665611,0.000000,-0.000012743,0.000020778
2299,2299,left,0.403155091,0.215933465,0.931147267,0.000000,0.000000,0.000000,0.000000,0.333333,0.014637459,0.014696976
2299,2299,right,0.429480650,-0.059166838,0.950947920,0.242872,2.633974,-0.533386,2.645147,0.000000,-0.000013059,0.000021221
2300,2300,left,0.403155091,0.215933465,0.931147267,0.000000,0.000000,0.000000,0.000000,0.333333,0.014637459,0.014696976
2300,2300,right,0.429721991,-0.056554465,0.950334737,0.241341,2.612373,-0.613183,2.623497,0.000000,-0.000013365,0.000021651
2301,2301,left,0.403155091,0.215933465,0.931147267,0.000000,0.000000,0.000000,0.000000,0.333333,0.014637459,0.014696976
2301,2301,right,0.429961287,-0.053964677,0.949645800,0.239296,2.589788,-0.688937,2.600820,0.000000,-0.000013661,0.000022070
2302,2302,left,0.403155091,0.215933465,0.931147267,0.000000,0.000000,0.000000,0.000000,0.333333,0.014637459,0.014696976
2302,2302,right,0.430198744,-0.051398717,0.948885214,0.237457,2.565960,-0.760586,2.576924,0.000000,-0.000013948,0.000022478
2303,2303,left,0.403155091,0.215933465,0.931147267,0.000000,0.000000,0.000000,0.000000,0.333333,0.014637459,0.014696976
2303,2303,right,0.430434005,-0.048857921,0.948058423,0.235261,2.540796,-0.826790,2.551665,0.000000,-0.000014227,0.000022876
2304,2304,left,0.403155091,0.215933465,0.931147267,0.000000,0.000000,0.000000,0.000000,0.333333,0.014637459,0.014696976
2304,2304,right,0.430667307,-0.046343049,0.947169810,0.233301,2.514872,-0.888613,2.525670,0.000000,-0.000014498,0.000023264
2305,2305,left,0.403155091,0.215933465,0.931147267,0.000000,0.000000,0.000000,0.000000,0.333333,0.014637459,0.014696976
2305,2305,right,0.430898239,-0.043855453,0.946225071,0.230933,2.487596,-0.944739,2.498292,0.000000,-0.000014763,0.000023643
2306,2306,left,0.403155091,0.215933465,0.931147267,0.000000,0.000000,0.000000,0.000000,0.333333,0.014637459,0.014696976
2306,2306,right,0.431126879,-0.041396004,0.945229680,0.228640,2.459449,-0.995391,2.470053,0.000000,-0.000015023,0.000024014
2307,2307,left,0.403155091,0.215933465,0.931147267,0.000000,0.000000,0.000000,0.000000,0.333333,0.014637459,0.014696976
2307,2307,right,0.431352696,-0.038965958,0.944188923,0.225817,2.430046,-1.040757,2.440515,0.000000,-0.000015277,0.000024378
2308,2308,left,0.403155091,0.215933465,0.931147267,0.000000,0.000000,0.000000,0.000000,0.333333,0.014637459,0.014696976
2308,2308,right,0.431576380,-0.036566096,0.943108782,0.223684,2.399862,-1.080141,2.410264,0.000000,-0.000015528,0.000024736
2309,2309,left,0.403155091,0.215933465,0.931147267,0.000000,0.000000,0.000000,0.000000,0.333333,0.014637459,0.014696976
2309,2309,right,0.431797088,-0.034197575,0.941994978,0.220708,2.368521,-1.113803,2.378782,0.000000,-0.000015775,0.000025088
2310,2310,left,0.403155091,0.215933465,0.931147267,0.000000,0.000000,0.000000,0.000000,0.333333,0.014637459,0.014696976
2310,2310,right,0.432014915,-0.031861495,0.940852760,0.217827,2.336080,-1.142218,2.346214,0.000000,-0.000016019,0.000025434
2311,2311,left,0.403155091,0.215933465,0.931147267,0.000000,0.000000,0.000000,0.000000,0.333333,0.014637459,0.014696976
2311,2311,right,0.432229892,-0.029558710,0.939688367,0.214977,2.302785,-1.164393,2.312798,0.000000,-0.000016261,0.000025776
2312,2312,left,0.403155091,0.215933465,0.931147267,0.000000,0.000000,0.000000,0.000000,0.333333,0.014637459,0.014696976
2312,2312,right,0.432442052,-0.027290018,0.938507504,0.212160,2.268693,-1.180863,2.278591,0.000000,-0.000016501,0.000026114
2313,2313,left,0.403155091,0.215933465,0.931147267,0.000000,0.000000,0.000000,0.000000,0.333333,0.014637459,0.014696976
2313,2313,right,0.432651017,-0.025056651,0.937315519,0.208965,2.233366,-1.191985,2.243121,0.000000,-0.000016740,0.000026448
2314,2314,left,0.403155091,0.215933465,0.931147267,0.000000,0.000000,0.000000,0.000000,0.333333,0.014637459,0.014696976
2314,2314,right,0.432856562,-0.022859308,0.936117962,0.205545,2.197343,-1.197557,2.206936,0.000000,-0.000016977,0.000026778
2315,2315,left,0.403155091,0.215933465,0.931147267,0.000000,0.000000,0.000000,0.000000,0.333333,0.014637459,0.014696976
2315,2315,right,0.433059063,-0.020698720,0.934920476,0.202500,2.160588,-1.197486,2.170057,0.000000,-0.000017214,0.000027105
2316,2316,left,0.403155091,0.215933465,0.931147267,0.000000,0.000000,0.000000,0.000000,0.333333,0.014637459,0.014696976
2316,2316,right,0.433258276,-0.018575963,0.933727498,0.199213,2.122758,-1.192979,2.132085,0.000000,-0.000017449,0.000027428
2317,2317,left,0.403155091,0.215933465,0.931147267,0.000000,0.000000,0.000000,0.000000,0.333333,0.014637459,0.014696976
2317,2317,right,0.433453668,-0.016491791,0.932544328,0.195392,2.084172,-1.183169,2.093311,0.000000,-0.000017684,0.000027748
2318,2318,left,0.403155091,0.215933465,0.931147267,0.000000,0.000000,0.000000,0.000000,0.333333,0.014637459,0.014696976
2318,2318,right,0.433645770,-0.014447037,0.931375223,0.192103,2.044754,-1.169106,2.053758,0.000000,-0.000017917,0.000028064
2319,2319,left,0.403155091,0.215933465,0.931147267,0.000000,0.000000,0.000000,0.000000,0.333333,0.014637459,0.014696976
2319,2319,right,0.433834391,-0.012442294,0.930225071,0.188621,2.004743,-1.150152,2.013596,0.000000,-0.000018149,0.000028377
2320,2320,left,0.403155091,0.215933465,0.931147267,0.000000,0.000000,0.000000,0.000000,0.333333,0.014637459,0.014696976
2320,2320,right,0.434019188,-0.010478407,0.929097855,0.184798,1.963887,-1.127216,1.972562,0.000000,-0.000018380,0.000028685
2321,2321,left,0.403155091,0.215933465,0.931147267,0.000000,0.000000,0.000000,0.000000,0.333333,0.014637459,0.014696976
2321,2321,right,0.434200024,-0.008556056,0.927997372,0.180836,1.922352,-1.100483,1.930839,0.000000,-0.000018608,0.000028990
2322,2322,left,0.403155091,0.215933465,0.931147267,0.000000,0.000000,0.000000,0.000000,0.333333,0.014637459,0.014696976
2322,2322,right,0.434377368,-0.006675751,0.926926580,0.177343,1.880304,-1.070792,1.888649,0.000000,-0.000018835,0.000029290
2323,2323,left,0.403155091,0.215933465,0.931147267,0.000000,0.000000,0.000000,0.000000,0.333333,0.014637459,0.014696976
2323,2323,right,0.434550965,-0.004838257,0.925889339,0.173597,1.837494,-1.037242,1.845676,0.000000,-0.000019059,0.000029585
2324,2324,left,0.403155091,0.215933465,0.931147267,0.000000,0.000000,0.000000,0.000000,0.333333,0.014637459,0.014696976
2324,2324,right,0.434720308,-0.003044125,0.924887796,0.169343,1.794132,-1.001543,1.802106,0.000000,-0.000019280,0.000029876
2325,2325,left,0.403155091,0.215933465,0.931147267,0.000000,0.000000,0.000000,0.000000,0.333333,0.014637459,0.014696976
2325,2325,right,0.434885700,-0.001293787,0.923924345,0.165392,1.750338,-0.963451,1.758135,0.000000,-0.000019498,0.000030160
2326,2326,left,0.403155091,0.215933465,0.931147267,0.000000,0.000000,0.000000,0.000000,0.333333,0.014637459,0.014696976
2326,2326,right,0.435047006,0.000411983,0.923001082,0.161306,1.705770,-0.923263,1.713380,0.000000,-0.000019712,0.000030439
2327,2327,left,0.403155091,0.215933465,0.931147267,0.000000,0.000000,0.000000,0.000000,0.333333,0.014637459,0.014696976
2327,2327,right,0.435204223,0.002073049,0.922120144,0.157217,1.661066,-0.880938,1.668489,0.000000,-0.000019922,0.000030711
2328,2328,left,0.403155091,0.215933465,0.931147267,0.000000,0.000000,0.000000,0.000000,0.333333,0.014637459,0.014696976
2328,2328,right,0.435357176,0.003688729,0.921282216,0.152953,1.615680,-0.837929,1.622904,0.000000,-0.000020127,0.000030977
2329,2329,left,0.403155091,0.215933465,0.931147267,0.000000,0.000000,0.000000,0.000000,0.333333,0.014637459,0.014696976
2329,2329,right,0.435505936,0.005258862,0.920488539,0.148759,1.570134,-0.793677,1.577165,0.000000,-0.000020328,0.000031235
2330,2330,left,0.403155091,0.215933465,0.931147267,0.000000,0.000000,0.000000,0.000000,0.333333,0.014637459,0.014696976
2330,2330,right,0.435650379,0.006782930,0.919739890,0.144443,1.524068,-0.748649,1.530897,0.000000,-0.000020522,0.000031486
2331,2331,left,0.403155091,0.215933465,0.931147267,0.000000,0.000000,0.000000,0.000000,0.333333,0.014637459,0.014696976
2331,2331,right,0.435790834,0.008260758,0.919036541,0.140455,1.477828,-0.703349,1.484488,0.000000,-0.000020712,0.000031730
2332,2332,left,0.403155091,0.215933465,0.931147267,0.000000,0.000000,0.000000,0.000000,0.333333,0.014637459,0.014696976
2332,2332,right,0.435926715,0.009691960,0.918378210,0.135882,1.431202,-0.658331,1.437638,0.000000,-0.000020895,0.000031965
2333,2333,left,0.403155091,0.215933465,0.931147267,0.000000,0.000000,0.000000,0.000000,0.333333,0.014637459,0.014696976
2333,2333,right,0.436058357,0.011076460,0.917764408,0.131642,1.384500,-0.613802,1.390744,0.000000,-0.000021072,0.000032192
2334,2334,left,0.403155091,0.215933465,0.931147267,0.000000,0.000000,0.000000,0.000000,0.333333,0.014637459,0.014696976
2334,2334,right,0.436185352,0.012414044,0.917194734,0.126995,1.337584,-0.569674,1.343599,0.000000,-0.000021242,0.000032411
2335,2335,left,0.403155091,0.215933465,0.931147267,0.000000,0.000000,0.000000,0.000000,0.333333,0.014637459,0.014696976
2335,2335,right,0.436308127,0.013704728,0.916669122,0.122775,1.290684,-0.525612,1.296510,0.000000,-0.000021406,0.000032621
2336,2336,left,0.403155091,0.215933465,0.931147267,0.000000,0.000000,0.000000,0.000000,0.333333,0.014637459,0.014696976
2336,2336,right,0.436426593,0.014948174,0.916185419,0.118466,1.243447,-0.483703,1.249077,0.000000,-0.000021562,0.000032823
2337,2337,left,0.403155091,0.215933465,0.931147267,0.000000,0.000000,0.000000,0.000000,0.333333,0.014637459,0.014696976
2337,2337,right,0.436540601,0.016144618,0.915743089,0.114008,1.196444,-0.442330,1.201863,0.000000,-0.000021712,0.000033015
2338,2338,left,0.403155091,0.215933465,0.931147267,0.000000,0.000000,0.000000,0.000000,0.333333,0.014637459,0.014696976
2338,2338,right,0.436649964,0.017293926,0.915339996,0.109363,1.149308,-0.403094,1.154499,0.000000,-0.000021855,0.000033199
2339,2339,left,0.403155091,0.215933465,0.931147267,0.000000,0.000000,0.000000,0.000000,0.333333,0.014637459,0.014696976
2339,2339,right,0.436755075,0.018396506,0.914974718,0.105111,1.102580,-0.365278,1.107579,0.000000,-0.000021991,0.000033375
2340,2340,left,0.403155091,0.215933465,0.931147267,0.000000,0.000000,0.000000,0.000000,0.333333,0.014637459,0.014696976
2340,2340,right,0.436855890,0.019451987,0.914645846,0.100815,1.055481,-0.328872,1.060285,0.000000,-0.000022120,0.000033541
2341,2341,left,0.403155091,0.215933465,0.931147267,0.000000,0.000000,0.000000,0.000000,0.333333,0.014637459,0.014696976
2341,2341,right,0.436952317,0.020461057,0.914351277,0.096428,1.009070,-0.294568,1.013667,0.000000,-0.000022243,0.000033699
2342,2342,left,0.403155091,0.215933465,0.931147267,0.000000,0.000000,0.000000,0.000000,0.333333,0.014637459,0.014696976
2342,2342,right,0.437044156,0.021423638,0.914088684,0.091839,0.962581,-0.262593,0.966952,0.000000,-0.000022358,0.000033849
2343,2343,left,0.403155091,0.215933465,0.931147267,0.000000,0.000000,0.000000,0.000000,0.333333,0.014637459,0.014696976
2343,2343,right,0.437131746,0.022340269,0.913856465,0.087589,0.916631,-0.232219,0.920806,0.000000,-0.000022467,0.000033990
2344,2344,left,0.403155091,0.215933465,0.931147267,0.000000,0.000000,0.000000,0.000000,0.333333,0.014637459,0.014696976
2344,2344,right,0.437239188,0.023164588,0.913718323,0.107443,0.824319,-0.138142,0.831291,0.000000,-0.000022581,0.000034137
2345,2345,left,0.403155091,0.215933465,0.931147267,0.000000,0.000000,0.000000,0.000000,0.333333,0.014637459,0.014696976
2345,2345,right,0.437321336,0.023987892,0.913541783,0.082148,0.823304,-0.176540,0.827392,0.000000,-0.000022677,0.000034262
2346,2346,left,0.403155091,0.215933465,0.931147267,0.000000,0.000000,0.000000,0.000000,0.333333,0.014637459,0.014696976
2346,2346,right,0.437395260,0.024771061,0.913383330,0.073924,0.783169,-0.158454,0.786651,0.000000,-0.000022767,0.000034379
2347,2347,left,0.403155091,0.215933465,0.931147267,0.000000,0.000000,0.000000,0.000000,0.333333,0.014637459,0.014696976
2347,2347,right,0.437464531,0.025510577,0.913246361,0.069271,0.739516,-0.136969,0.742753,0.000000,-0.000022849,0.000034487
2348,2348,left,0.403155091,0.215933465,0.931147267,0.000000,0.000000,0.000000,0.000000,0.333333,0.014637459,0.014696976
2348,2348,right,0.437529469,0.026206404,0.913128794,0.064938,0.695827,-0.117566,0.698851,0.000000,-0.000022926,0.000034589
2349,2349,left,0.403155091,0.215933465,0.931147267,0.000000,0.000000,0.000000,0.000000,0.333333,0.014637459,0.014696976
2349,2349,right,0.437590263,0.026859346,0.913028901,0.060795,0.652941,-0.099894,0.655766,0.000000,-0.000022997,0.000034683
2350,2350,left,0.403155091,0.215933465,0.931147267,0.000000,0.000000,0.000000,0.000000,0.333333,0.014637459,0.014696976
2350,2350,right,0.437647206,0.027469867,0.912945075,0.056943,0.610522,-0.083826,0.613172,0.000000,-0.000023063,0.000034770
2351,2351,left,0.403155091,0.215933465,0.931147267,0.000000,0.000000,0.000000,0.000000,0.333333,0.014637459,0.014696976
2351,2351,right,0.437700109,0.028039064,0.912875520,0.052903,0.569196,-0.069555,0.571650,0.000000,-0.000023124,0.000034851
2352,2352,left,0.403155091,0.215933465,0.931147267,0.000000,0.000000,0.000000,0.000000,0.333333,0.014637459,0.014696976
2352,2352,right,0.437749288,0.028567593,0.912817755,0.049180,0.528529,-0.057765,0.530813,0.000000,-0.000023180,0.000034926
2353,2353,left,0.403155091,0.215933465,0.931147267,0.000000,0.000000,0.000000,0.000000,0.333333,0.014637459,0.014696976
2353,2353,right,0.437794665,0.029056631,0.912770738,0.045376,0.489038,-0.047018,0.491139,0.000000,-0.000023231,0.000034994
2354,2354,left,0.403155091,0.215933465,0.931147267,0.000000,0.000000,0.000000,0.000000,0.333333,0.014637459,0.014696976
2354,2354,right,0.437836415,0.029506863,0.912732874,0.041751,0.450232,-0.037864,0.452164,0.000000,-0.000023278,0.000035056
2355,2355,left,0.403155091,0.215933465,0.931147267,0.000000,0.000000,0.000000,0.000000,0.333333,0.014637459,0.014696976
2355,2355,right,0.437874562,0.029919456,0.912703093,0.038147,0.412593,-0.029780,0.414353,0.000000,-0.000023320,0.000035113
2356,2356,left,0.403155091,0.215933465,0.931147267,0.000000,0.000000,0.000000,0.000000,0.333333,0.014637459,0.014696976
2356,2356,right,0.437909132,0.030295720,0.912679612,0.034570,0.376264,-0.023482,0.377848,0.000000,-0.000023359,0.000035165
2357,2357,left,0.403155091,0.215933465,0.931147267,0.000000,0.000000,0.000000,0.000000,0.333333,0.014637459,0.014696976
2357,2357,right,0.437940592,0.030636660,0.912661603,0.031460,0.340940,-0.018009,0.342389,0.000000,-0.000023393,0.000035211
2358,2358,left,0.403155091,0.215933465,0.931147267,0.000000,0.000000,0.000000,0.000000,0.333333,0.014637459,0.014696976
2358,2358,right,0.437968507,0.030943584,0.912647784,0.027915,0.306924,-0.013818,0.308191,0.000000,-0.000023424,0.000035253
2359,2359,left,0.403155091,0.215933465,0.931147267,0.000000,0.000000,0.000000,0.000000,0.333333,0.014637459,0.014696976
2359,2359,right,0.437993769,0.031218119,0.912638078,0.025262,0.274534,-0.009706,0.275694,0.000000,-0.000023451,0.000035290
2360,2360,left,0.403155091,0.215933465,0.931147267,0.000000,0.000000,0.000000,0.000000,0.333333,0.014637459,0.014696976
2360,2360,right,0.438015655,0.031461113,0.912629978,0.021886,0.242994,-0.008100,0.243978,0.000000,-0.000023476,0.000035323
2361,2361,left,0.403155091,0.215933465,0.931147267,0.000000,0.000000,0.000000,0.000000,0.333333,0.014637459,0.014696976
2361,2361,right,0.438034948,0.031674703,0.912624801,0.019293,0.213590,-0.005177,0.214460,0.000000,-0.000023497,0.000035351
2362,2362,left,0.403155091,0.215933465,0.931147267,0.000000,0.000000,0.000000,0.000000,0.333333,0.014637459,0.014696976
2362,2362,right,0.438051669,0.031860080,0.912620878,0.016721,0.185377,-0.003923,0.186130,0.000000,-0.000023515,0.000035376
2363,2363,left,0.403155091,0.215933465,0.931147267,0.000000,0.000000,0.000000,0.000000,0.333333,0.014637459,0.014696976
2363,2363,right,0.438065683,0.032019114,0.912618442,0.014014,0.159033,-0.002436,0.159650,0.000000,-0.000023530,0.000035397
2364,2364,left,0.403155091,0.215933465,0.931147267,0.000000,0.000000,0.000000,0.000000,0.333333,0.014637459,0.014696976
2364,2364,right,0.438077520,0.032153404,0.912616191,0.011837,0.134290,-0.002251,0.134811,0.000000,-0.000023543,0.000035415
2365,2365,left,0.403155091,0.215933465,0.931147267,0.000000,0.000000,0.000000,0.000000,0.333333,0.014637459,0.014696976
2365,2365,right,0.438087319,0.032264776,0.912614781,0.009799,0.111372,-0.001410,0.111802,0.000000,-0.000023554,0.000035430
2366,2366,left,0.403155091,0.215933465,0.931147267,0.000000,0.000000,0.000000,0.000000,0.333333,0.014637459,0.014696976
2366,2366,right,0.438094993,0.032355155,0.912613695,0.007674,0.090379,-0.001085,0.090705,0.000000,-0.000023563,0.000035442
2367,2367,left,0.403155091,0.215933465,0.931147267,0.000000,0.000000,0.000000,0.000000,0.333333,0.014637459,0.014696976
2367,2367,right,0.438101172,0.032426558,0.912612442,0.006179,0.071402,-0.001253,0.071669,0.000000,-0.000023570,0.000035451
2368,2368,left,0.403155091,0.215933465,0.931147267,0.000000,0.000000,0.000000,0.000000,0.333333,0.014637459,0.014696976
2368,2368,right,0.438105578,0.032481067,0.912611981,0.004406,0.054509,-0.000461,0.054687,0.000000,-0.000023575,0.000035458
2369,2369,left,0.403155091,0.215933465,0.931147267,0.000000,0.000000,0.000000,0.000000,0.333333,0.014637459,0.014696976
2369,2369,right,0.438108667,0.032520728,0.912611175,0.003089,0.039661,-0.000807,0.039781,0.000000,-0.000023579,0.000035463
2370,2370,left,0.403155091,0.215933465,0.931147267,0.000000,0.000000,0.000000,0.000000,0.333333,0.014637459,0.014696976
2370,2370,right,0.438108667,0.032520728,0.912611175,0.000000,0.000000,0.000000,0.000000,0.000000,-0.000023579,0.000035463
2371,2371,left,0.403155091,0.215933465,0.931147267,0.000000,0.000000,0.000000,0.000000,0.333333,0.014637459,0.014696976
2371,2371,right,0.438112732,0.032562829,0.912611803,0.004065,0.042101,0.000628,0.042297,0.000000,-0.000023583,0.000035469
2372,2372,left,0.403155091,0.215933465,0.931147267,0.000000,0.000000,0.000000,0.000000,0.333333,0.014637459,0.014696976
2372,2372,right,0.438112732,0.032562829,0.912611803,0.000000,0.000000,0.000000,0.000000,0.000000,-0.000023583,0.000035469
2373,2373,left,0.403155091,0.215933465,0.931147267,0.000000,0.000000,0.000000,0.000000,0.333333,0.014637459,0.014696976
2373,2373,right,0.438112732,0.032562829,0.912611803,0.000000,0.000000,0.000000,0.000000,0.000000,-0.000023583,0.000035469
2374,2374,left,0.403155091,0.215933465,0.931147267,0.000000,0.000000,0.000000,0.000000,0.333333,0.014637459,0.014696976
2374,2374,right,0.438112732,0.032562829,0.912611803,0.000000,0.000000,0.000000,0.000000,0.000000,-0.000023583,0.000035469
2375,2375,left,0.403155091,0.215933465,0.931147267,0.000000,0.000000,0.000000,0.000000,0.333333,0.014637459,0.014696976
2375,2375,right,0.438112732,0.032562829,0.912611803,0.000000,0.000000,0.000000,0.000000,0.000003,-0.000023457,0.000035595
2376,2376,left,0.403155091,0.215933465,0.931147267,0.000000,0.000000,0.000000,0.000000,0.333333,0.014637459,0.014696976
2376,2376,right,0.438112732,0.032562829,0.912611803,0.000000,0.000000,0.000000,0.000000,0.000023,-0.000022590,0.000036462
2377,2377,left,0.403155091,0.215933465,0.931147267,0.000000,0.000000,0.000000,0.000000,0.333333,0.014637459,0.014696976
2377,2377,right,0.438112732,0.032562829,0.912611803,0.000000,0.000000,0.000000,0.000000,0.000075,-0.000020273,0.000038779
2378,2378,left,0.403155091,0.215933465,0.931147267,0.000000,0.000000,0.000000,0.000000,0.333333,0.014637459,0.014696976
2378,2378,right,0.438112732,0.032562829,0.912611803,0.000000,0.000000,0.000000,0.000000,0.000176,-0.000015837,0.000043215
2379,2379,left,0.403155091,0.215933465,0.931147267,0.000000,0.000000,0.000000,0.000000,0.333333,0.014637459,0.014696976
2379,2379,right,0.438112732,0.032562829,0.912611803,0.000000,0.000000,0.000000,0.000000,0.000339,-0.000008647,0.000050405
2380,2380,left,0.403155091,0.215933465,0.931147267,0.000000,0.000000,0.000000,0.000000,0.333333,0.014637459,0.014696976
2380,2380,right,0.438112732,0.032562829,0.912611803,0.000000,0.000000,0.000000,0.000000,0.000579,0.000001895,0.000060948
2381,2381,left,0.403155091,0.215933465,0.931147267,0.000000,0.000000,0.000000,0.000000,0.333333,0.014637459,0.014696976
2381,2381,right,0.438112732,0.032562829,0.912611803,0.000000,0.000000,0.000000,0.000000,0.000908,0.000016354,0.000075406
2382,2382,left,0.403155091,0.215933465,0.931147267,0.000000,0.000000,0.000000,0.000000,0.333333,0.014637459,0.014696976
2382,2382,right,0.438112732,0.032562829,0.912611803,0.000000,0.000000,0.000000,0.000000,0.001337,0.000035257,0.000094310
2383,2383,left,0.403155091,0.215933465,0.931147267,0.000000,0.000000,0.000000,0.000000,0.333333,0.014637459,0.014696976
2383,2383,right,0.438112732,0.032562829,0.912611803,0.000000,0.000000,0.000000,0.000000,0.001879,0.000059101,0.000118154
2384,2384,left,0.403155091,0.215933465,0.931147267,0.000000,0.000000,0.000000,0.000000,0.333333,0.014637459,0.014696976
2384,2384,right,0.438112732,0.032562829,0.912611803,0.000000,0.000000,0.000000,0.000000,0.002544,0.000088347,0.000147401
2385,2385,left,0.403155091,0.215933465,0.931147267,0.000000,0.000000,0.000000,0.000000,0.333333,0.014637459,0.014696976
2385,2385,right,0.438112732,0.032562829,0.912611803,0.000000,0.000000,0.000000,0.000000,0.003341,0.000123426,0.000182480
2386,2386,left,0.403155091,0.215933465,0.931147267,0.000000,0.000000,0.000000,0.000000,0.333333,0.014637459,0.014696976
2386,2386,right,0.438112732,0.032562829,0.912611803,0.000000,0.000000,0.000000,0.000000,0.004280,0.000164736,0.000223790
2387,2387,left,0.403155091,0.215933465,0.931147267,0.000000,0.000000,0.000000,0.000000,0.333333,0.014637459,0.014696976
2387,2387,right,0.438112732,0.032562829,0.912611803,0.000000,0.000000,0.000000,0.000000,0.005369,0.000212643,0.000271698
2388,2388,left,0.403155091,0.215933465,0.931147267,0.000000,0.000000,0.000000,0.000000,0.333333,0.014637459,0.014696976
2388,2388,right,0.438112732,0.032562829,0.912611803,0.000000,0.000000,0.000000,0.000000,0.006615,0.000267483,0.000326539
2389,2389,left,0.403155091,0.215933465,0.931147267,0.000000,0.000000,0.000000,0.000000,0.333333,0.014637459,0.014696976
2389,2389,right,0.438112732,0.032562829,0.912611803,0.000000,0.000000,0.000000,0.000000,0.008026,0.000329564,0.000388620
2390,2390,left,0.403155091,0.215933465,0.931147267,0.000000,0.000000,0.000000,0.000000,0.333333,0.014637459,0.014696976
2390,2390,right,0.438112732,0.032562829,0.912611803,0.000000,0.000000,0.000000,0.000000,0.009608,0.000399162,0.000458219
2391,2391,left,0.403155091,0.215933465,0.931147267,0.000000,0.000000,0.000000,0.000000,0.333333,0.014637459,0.014696976
2391,2391,right,0.438112670,0.032562853,0.912611796,-0.000062,0.000024,-0.000007,0.000067,0.011366,0.000476525,0.000535583
2392,2392,left,0.403155091,0.215933465,0.931147267,0.000000,0.000000,0.000000,0.000000,0.333333,0.014637459,0.014696976
2392,2392,right,0.438112670,0.032562853,0.912611796,0.000000,0.000000,0.000000,0.000000,0.013306,0.000561874,0.000620934
2393,2393,left,0.403155091,0.215933465,0.931147267,0.000000,0.000000,0.000000,0.000000,0.333333,0.014637459,0.014696976
2393,2393,right,0.438112670,0.032562853,0.912611796,0.000000,0.000000,0.000000,0.000000,0.015432,0.000655402,0.000714463
2394,2394,left,0.403155091,0.215933465,0.931147267,0.000000,0.000000,0.000000,0.000000,0.333333,0.014637459,0.014696976
2394,2394,right,0.438112670,0.032562853,0.912611796,0.000000,0.000000,0.000000,0.000000,0.017747,0.000757276,0.000816338
2395,2395,left,0.403155091,0.215933465,0.931147267,0.000000,0.000000,0.000000,0.000000,0.333333,0.014637459,0.014696976
2395,2395,right,0.438112670,0.032562853,0.912611796,0.000000,0.000000,0.000000,0.000000,0.020255,0.000867635,0.000926698
2396,2396,left,0.403155091,0.215933465,0.931147267,0.000000,0.000000,0.000000,0.000000,0.333333,0.014637459,0.014696976
2396,2396,right,0.438112670,0.032562853,0.912611796,0.000000,0.000000,0.000000,0.000000,0.022959,0.000986594,0.001045659
2397,2397,left,0.403155091,0.215933465,0.931147267,0.000000,0.000000,0.000000,0.000000,0.333333,0.014637459,0.014696976
2397,2397,right,0.438112670,0.032562853,0.912611796,0.000000,0.000000,0.000000,0.000000,0.025860,0.001114243,0.001173310
2398,2398,left,0.403155091,0.215933465,0.931147267,0.000000,0.000000,0.000000,0.000000,0.333333,0.014637459,0.014696976
2398,2398,right,0.438112670,0.032562853,0.912611796,0.000000,0.000000,0.000000,0.000000,0.028960,0.001250648,0.001309716
2399,2399,left,0.403155091,0.215933465,0.931147267,0.000000,0.000000,0.000000,0.000000,0.333333,0.014637459,0.014696976
2399,2399,right,0.438112670,0.032562853,0.912611796,0.000000,0.000000,0.000000,0.000000,0.032260,0.001395851,0.001454921
2400,2400,left,0.403155091,0.215933465,0.931147267,0.000000,0.000000,0.000000,0.000000,0.333333,0.014637459,0.014696976
2400,2400,right,0.438112670,0.032562853,0.912611796,0.000000,0.000000,0.000000,0.000000,0.035761,0.001549872,0.001608944
2401,2401,left,0.403155091,0.215933465,0.931147267,0.000000,0.000000,0.000000,0.000000,0.333333,0.014637459,0.014696976
2401,2401,right,0.438112670,0.032562853,0.912611796,0.000000,0.000000,0.000000,0.000000,0.039461,0.001712706,0.001771781
2402,2402,left,0.403155091,0.215933465,0.931147267,0.000000,0.000000,0.000000,0.000000,0.333333,0.014637459,0.014696976
2402,2402,right,0.438112670,0.032562853,0.912611796,0.000000,0.000000,0.000000,0.000000,0.043362,0.001884331,0.001943407
2403,2403,left,0.403155091,0.215933465,0.931147267,0.000000,0.000000,0.000000,0.000000,0.333333,0.014637459,0.014696976
2403,2403,right,0.438112672,0.032562847,0.912611810,0.000002,-0.000007,0.000014,0.000007,0.047461,0.002064699,0.002123778
2404,2404,left,0.403155091,0.215933465,0.931147267,0.000000,0.000000,0.000000,0.000000,0.333333,0.014637459,0.014696976
2404,2404,right,0.438112672,0.032562847,0.912611810,0.000000,0.000000,0.000000,0.000000,0.051758,0.002253745,0.002312826
2405,2405,left,0.403155091,0.215933465,0.931147267,0.000000,0.000000,0.000000,0.000000,0.333333,0.014637459,0.014696976
2405,2405,right,0.438112690,0.032562863,0.912611827,0.000018,0.000016,0.000017,0.000024,0.056250,0.002451383,0.002510467
2406,2406,left,0.403155091,0.215933465,0.931147267,0.000000,0.000000,0.000000,0.000000,0.333333,0.014637459,0.014696976
2406,2406,right,0.438112731,0.032562839,0.912611810,0.000041,-0.000023,-0.000017,0.000047,0.060934,0.002657508,0.002716595
2407,2407,left,0.403155091,0.215933465,0.931147267,0.000000,0.000000,0.000000,0.000000,0.333333,0.014637459,0.014696976
2407,2407,right,0.438112731,0.032562839,0.912611810,0.000000,0.000000,0.000000,0.000000,0.065809,0.002871997,0.002931088
2408,2408,left,0.403155091,0.215933465,0.931147267,0.000000,0.000000,0.000000,0.000000,0.333333,0.014637459,0.014696976
2408,2408,right,0.438112731,0.032562839,0.912611810,0.000000,0.000000,0.000000,0.000000,0.070871,0.003094709,0.003153803
2409,2409,left,0.403155091,0.215933465,0.931147267,0.000000,0.000000,0.000000,0.000000,0.333333,0.014637459,0.014696976
2409,2409,right,0.438112730,0.032562834,0.912611807,-0.000000,-0.000005,-0.000002,0.000005,0.076116,0.003325485,0.003384582
2410,2410,left,0.403155091,0.215933465,0.931147267,0.000000,0.000000,0.000000,0.000000,0.333333,0.014637459,0.014696976
2410,2410,right,0.438112730,0.032562834,0.912611807,0.000000,0.000000,0.000000,0.000000,0.081540,0.003564151,0.003623251
2411,2411,left,0.403155091,0.215933465,0.931147267,0.000000,0.000000,0.000000,0.000000,0.333333,0.014637459,0.014696976
2411,2411,right,0.438112730,0.032562834,0.912611807,0.000000,0.000000,0.000000,0.000000,0.087139,0.003810515,0.003869619
2412,2412,left,0.403155091,0.215933465,0.931147267,0.000000,0.000000,0.000000,0.000000,0.333333,0.014637459,0.014696976
2412,2412,right,0.438112920,0.032562965,0.912611989,0.000189,0.000132,0.000182,0.000231,0.092909,0.004064371,0.004123480
2413,2413,left,0.403155091,0.215933465,0.931147267,0.000000,0.000000,0.000000,0.000000,0.333333,0.014637459,0.014696976
2413,2413,right,0.438112920,0.032562965,0.912611989,0.000000,0.000000,0.000000,0.000000,0.098844,0.004325500,0.004384612
2414,2414,left,0.403155091,0.215933465,0.931147267,0.000000,0.000000,0.000000,0.000000,0.333333,0.014637459,0.014696976
2414,2414,right,0.438112854,0.032562961,0.912611958,-0.000066,-0.000004,-0.000031,0.000066,0.104938,0.004593666,0.004652783
2415,2415,left,0.403155091,0.215933465,0.931147267,0.000000,0.000000,0.000000,0.000000,0.333333,0.014637459,0.014696976
2415,2415,right,0.438112902,0.032562964,0.912611973,0.000048,0.000003,0.000015,0.000048,0.111187,0.004868621,0.004927742
2416,2416,left,0.403155091,0.215933465,0.931147267,0.000000,0.000000,0.000000,0.000000,0.333333,0.014637459,0.014696976
2416,2416,right,0.438112902,0.032562964,0.912611973,0.000000,0.000000,0.000000,0.000000,0.117585,0.005150103,0.005209229
2417,2417,left,0.403155091,0.215933465,0.931147267,0.000000,0.000000,0.000000,0.000000,0.333333,0.014637459,0.014696976
2417,2417,right,0.438112854,0.032562961,0.912611958,-0.000048,-0.000003,-0.000015,0.000048,0.124124,0.005437842,0.005496972
2418,2418,left,0.403155091,0.215933465,0.931147267,0.000000,0.000000,0.000000,0.000000,0.333333,0.014637459,0.014696976
2418,2418,right,0.438112902,0.032562964,0.912611973,0.000048,0.000003,0.000015,0.000048,0.130800,0.005731550,0.005790685
2419,2419,left,0.403155091,0.215933465,0.931147267,0.000000,0.000000,0.000000,0.000000,0.333333,0.014637459,0.014696976
2419,2419,right,0.438112904,0.032562946,0.912611982,0.000003,-0.000018,0.000009,0.000019,0.137604,0.006030934,0.006090075
2420,2420,left,0.403155091,0.215933465,0.931147267,0.000000,0.000000,0.000000,0.000000,0.333333,0.014637459,0.014696976
2420,2420,right,0.438112945,0.032562987,0.912612103,0.000041,0.000042,0.000121,0.000058,0.144530,0.006335689,0.006394835
2421,2421,left,0.403155091,0.215933465,0.931147267,0.000000,0.000000,0.000000,0.000000,0.333333,0.014637459,0.014696976
2421,2421,right,0.438112945,0.032562987,0.912612103,0.000000,0.000000,0.000000,0.000000,0.151571,0.006645499,0.006704650
2422,2422,left,0.403155091,0.215933465,0.931147267,0.000000,0.000000,0.000000,0.000000,0.333333,0.014637459,0.014696976
2422,2422,right,0.438112945,0.032562987,0.912612103,0.000000,0.000000,0.000000,0.000000,0.158720,0.006960040,0.007019197
2423,2423,left,0.403155091,0.215933465,0.931147267,0.000000,0.000000,0.000000,0.000000,0.333333,0.014637459,0.014696976
2423,2423,right,0.438112945,0.032562987,0.912612103,0.000000,0.000000,0.000000,0.000000,0.165969,0.007278981,0.007338143
2424,2424,left,0.403155091,0.215933465,0.931147267,0.000000,0.000000,0.000000,0.000000,0.333333,0.014637459,0.014696976
2424,2424,right,0.438112920,0.032563029,0.912612144,-0.000026,0.000042,0.000041,0.000049,0.173310,0.007601981,0.007661149
2425,2425,left,0.403155091,0.215933465,0.931147267,0.000000,0.000000,0.000000,0.000000,0.333333,0.014637459,0.014696976
2425,2425,right,0.438112920,0.032563029,0.912612144,0.000000,0.000000,0.000000,0.000000,0.180735,0.007928694,0.007987868
2426,2426,left,0.403155091,0.215933465,0.931147267,0.000000,0.000000,0.000000,0.000000,0.333333,0.014637459,0.014696976
2426,2426,right,0.438112869,0.032562997,0.912612151,-0.000051,-0.000032,0.000007,0.000060,0.188237,0.008258766,0.008317946
2427,2427,left,0.403155091,0.215933465,0.931147267,0.000000,0.000000,0.000000,0.000000,0.333333,0.014637459,0.014696976
2427,2427,right,0.438112860,0.032563009,0.912612142,-0.000009,0.000012,-0.000009,0.000015,0.195807,0.008591839,0.008651027
2428,2428,left,0.403155091,0.215933465,0.931147267,0.000000,0.000000,0.000000,0.000000,0.333333,0.014637459,0.014696976
2428,2428,right,0.438112844,0.032563012,0.912612143,-0.000015,0.000003,0.000001,0.000016,0.203437,0.008927548,0.008986742
2429,2429,left,0.403155091,0.215933465,0.931147267,0.000000,0.000000,0.000000,0.000000,0.333333,0.014637459,0.014696976
2429,2429,right,0.438112863,0.032563012,0.912612146,0.000019,0.000000,0.000003,0.000019,0.211118,0.009265526,0.009324728
2430,2430,left,0.403155091,0.215933465,0.931147267,0.000000,0.000000,0.000000,0.000000,0.333333,0.014637459,0.014696976
2430,2430,right,0.438112844,0.032563012,0.912612143,-0.000019,-0.000000,-0.000003,0.000019,0.218842,0.009605401,0.009664609
2431,2431,left,0.403155091,0.215933465,0.931147267,0.000000,0.000000,0.000000,0.000000,0.333333,0.014637459,0.014696976
2431,2431,right,0.438112960,0.032563035,0.912612182,0.000115,0.000023,0.000038,0.000117,0.226602,0.009946796,0.010006011
2432,2432,left,0.403155091,0.215933465,0.931147267,0.000000,0.000000,0.000000,0.000000,0.333333,0.014637459,0.014696976
2432,2432,right,0.438112960,0.032563035,0.912612182,0.000000,0.000000,0.000000,0.000000,0.234387,0.010289334,0.010348556
2433,2433,left,0.403155091,0.215933465,0.931147267,0.000000,0.000000,0.000000,0.000000,0.333333,0.014637459,0.014696976
2433,2433,right,0.438112960,0.032563035,0.912612182,0.000000,0.000000,0.000000,0.000000,0.242189,0.010632635,0.010691864
2434,2434,left,0.403155091,0.215933465,0.931147267,0.000000,0.000000,0.000000,0.000000,0.333333,0.014637459,0.014696976
2434,2434,right,0.438112960,0.032563035,0.912612182,0.000000,0.000000,0.000000,0.000000,0.250000,0.010976317,0.011035553
2435,2435,left,0.403155091,0.215933465,0.931147267,0.000000,0.000000,0.000000,0.000000,0.333333,0.014637459,0.014696976
2435,2435,right,0.438112960,0.032563035,0.912612182,0.000000,0.000000,0.000000,0.000000,0.257811,0.011320000,0.011379243
2436,2436,left,0.403155091,0.215933465,0.931147267,0.000000,0.000000,0.000000,0.000000,0.333333,0.014637459,0.014696976
2436,2436,right,0.438112960,0.032563035,0.912612182,0.000000,0.000000,0.000000,0.000000,0.265613,0.011663300,0.011722552
2437,2437,left,0.403155091,0.215933465,0.931147267,0.000000,0.000000,0.000000,0.000000,0.333333,0.014637459,0.014696976
2437,2437,right,0.438112990,0.032563055,0.912612184,0.000030,0.000020,0.000002,0.000036,0.273398,0.012005838,0.012065096
2438,2438,left,0.403155091,0.215933465,0.931147267,0.000000,0.000000,0.000000,0.000000,0.333333,0.014637459,0.014696976
2438,2438,right,0.438112990,0.032563055,0.912612184,0.000000,0.000000,0.000000,0.000000,0.281158,0.012347232,0.012406498
2439,2439,left,0.403155091,0.215933465,0.931147267,0.000000,0.000000,0.000000,0.000000,0.333333,0.014637459,0.014696976
2439,2439,right,0.438112937,0.032563046,0.912612169,-0.000053,-0.000009,-0.000014,0.000054,0.288882,0.012687106,0.012746381
2440,2440,left,0.403155091,0.215933465,0.931147267,0.000000,0.000000,0.000000,0.000000,0.333333,0.014637459,0.014696976
2440,2440,right,0.438112937,0.032563040,0.912612167,-0.000000,-0.000005,-0.000002,0.000005,0.296563,0.013025084,0.013084366
2441,2441,left,0.403155091,0.215933465,0.931147267,0.000000,0.000000,0.000000,0.000000,0.333333,0.014637459,0.014696976
2441,2441,right,0.438112937,0.032563040,0.912612167,0.000000,0.000000,0.000000,0.000000,0.304193,0.013360792,0.013420083
2442,2442,left,0.403155091,0.215933465,0.931147267,0.000000,0.000000,0.000000,0.000000,0.333333,0.014637459,0.014696976
2442,2442,right,0.438112929,0.032563052,0.912612189,-0.000007,0.000012,0.000021,0.000014,0.311763,0.013693865,0.013753164
2443,2443,left,0.403155091,0.215933465,0.931147267,0.000000,0.000000,0.000000,0.000000,0.333333,0.014637459,0.014696976
2443,2443,right,0.438112929,0.032563052,0.912612189,0.000000,0.000000,0.000000,0.000000,0.319265,0.014023936,0.014083242
2444,2444,left,0.403155091,0.215933465,0.931147267,0.000000,0.000000,0.000000,0.000000,0.333333,0.014637459,0.014696976
2444,2444,right,0.438112929,0.032563052,0.912612189,0.000000,0.000000,0.000000,0.000000,0.326690,0.014350649,0.014409962
2445,2445,left,0.403155091,0.215933465,0.931147267,0.000000,0.000000,0.000000,0.000000,0.333333,0.014637459,0.014696976
2445,2445,right,0.438112994,0.032563102,0.912612071,0.000065,0.000050,-0.000117,0.000082,0.334031,0.014673647,0.014732969
2446,2446,left,0.403155091,0.215933465,0.931147267,0.000000,0.000000,0.000000,0.000000,0.333333,0.014637459,0.014696976
2446,2446,right,0.438112994,0.032563102,0.912612071,0.000000,0.000000,0.000000,0.000000,0.341280,0.014992586,0.015051916
2447,2447,left,0.403155091,0.215933465,0.931147267,0.000000,0.000000,0.000000,0.000000,0.333333,0.014637459,0.014696976
2447,2447,right,0.438112994,0.032563102,0.912612071,0.000000,0.000000,0.000000,0.000000,0.348429,0.015307127,0.015366464
2448,2448,left,0.403155091,0.215933465,0.931147267,0.000000,0.000000,0.000000,0.000000,0.333333,0.014637459,0.014696976
2448,2448,right,0.438112914,0.032563132,0.912612108,-0.000080,0.000030,0.000037,0.000085,0.355470,0.015616936,0.015676280
2449,2449,left,0.403155091,0.215933465,0.931147267,0.000000,0.000000,0.000000,0.000000,0.333333,0.014637459,0.014696976
2449,2449,right,0.438112914,0.032563132,0.912612108,0.000000,0.000000,0.000000,0.000000,0.362396,0.015921688,0.015981041
2450,2450,left,0.403155091,0.215933465,0.931147267,0.000000,0.000000,0.000000,0.000000,0.333333,0.014637459,0.014696976
2450,2450,right,0.438112914,0.032563132,0.912612108,0.000000,0.000000,0.000000,0.000000,0.369200,0.016221071,0.016280431
2451,2451,left,0.403155091,0.215933465,0.931147267,0.000000,0.000000,0.000000,0.000000,0.333333,0.014637459,0.014696976
2451,2451,right,0.438112937,0.032563121,0.912612120,0.000023,-0.000011,0.000012,0.000025,0.375876,0.016514778,0.016574146
2452,2452,left,0.403155091,0.215933465,0.931147267,0.000000,0.000000,0.000000,0.000000,0.333333,0.014637459,0.014696976
2452,2452,right,0.438112937,0.032563121,0.912612120,0.000000,0.000000,0.000000,0.000000,0.382415,0.016802514,0.016861891
2453,2453,left,0.403155091,0.215933465,0.931147267,0.000000,0.000000,0.000000,0.000000,0.333333,0.014637459,0.014696976
2453,2453,right,0.438112914,0.032563132,0.912612108,-0.000023,0.000011,-0.000012,0.000025,0.388813,0.017083995,0.017143380
2454,2454,left,0.403155091,0.215933465,0.931147267,0.000000,0.000000,0.000000,0.000000,0.333333,0.014637459,0.014696976
2454,2454,right,0.438112914,0.032563132,0.912612108,0.000000,0.000000,0.000000,0.000000,0.395062,0.017358949,0.017418342
2455,2455,left,0.403155091,0.215933465,0.931147267,0.000000,0.000000,0.000000,0.000000,0.333333,0.014637459,0.014696976
2455,2455,right,0.438112914,0.032563132,0.912612108,0.000000,0.000000,0.000000,0.000000,0.401156,0.017627113,0.017686510
2456,2456,left,0.403155091,0.215933465,0.931147267,0.000000,0.000000,0.000000,0.000000,0.333333,0.014637459,0.014696976
2456,2456,right,0.438112914,0.032563132,0.912612108,0.000000,0.000000,0.000000,0.000000,0.407091,0.017888241,0.017947646
2457,2457,left,0.403155091,0.215933465,0.931147267,0.000000,0.000000,0.000000,0.000000,0.333333,0.014637459,0.014696976
2457,2457,right,0.438112948,0.032563128,0.912612112,0.000033,-0.000004,0.000004,0.000034,0.412861,0.018142095,0.018201508
2458,2458,left,0.403155091,0.215933465,0.931147267,0.000000,0.000000,0.000000,0.000000,0.333333,0.014637459,0.014696976
2458,2458,right,0.438112948,0.032563128,0.912612112,0.000000,0.000000,0.000000,0.000000,0.418460,0.018388458,0.018447878
2459,2459,left,0.403155091,0.215933465,0.931147267,0.000000,0.000000,0.000000,0.000000,0.333333,0.014637459,0.014696976
2459,2459,right,0.438112980,0.032563156,0.912612136,0.000033,0.000028,0.000024,0.000043,0.423884,0.018627122,0.018686548
2460,2460,left,0.403155091,0.215933465,0.931147267,0.000000,0.000000,0.000000,0.000000,0.333333,0.014637459,0.014696976
2460,2460,right,0.438112980,0.032563156,0.912612136,0.000000,0.000000,0.000000,0.000000,0.429129,0.018857896,0.018917330
2461,2461,left,0.403155091,0.215933465,0.931147267,0.000000,0.000000,0.000000,0.000000,0.333333,0.014637459,0.014696976
2461,2461,right,0.438112980,0.032563156,0.912612136,0.000000,0.000000,0.000000,0.000000,0.434191,0.019080605,0.019140046
2462,2462,left,0.403155091,0.215933465,0.931147267,0.000000,0.000000,0.000000,0.000000,0.333333,0.014637459,0.014696976
2462,2462,right,0.438112980,0.032563156,0.912612136,0.000000,0.000000,0.000000,0.000000,0.439066,0.019295093,0.019354539
2463,2463,left,0.403155091,0.215933465,0.931147267,0.000000,0.000000,0.000000,0.000000,0.333333,0.014637459,0.014696976
2463,2463,right,0.438113006,0.032563168,0.912612141,0.000025,0.000012,0.000005,0.000028,0.443750,0.019501217,0.019560669
2464,2464,left,0.403155091,0.215933465,0.931147267,0.000000,0.000000,0.000000,0.000000,0.333333,0.014637459,0.014696976
2464,2464,right,0.438113006,0.032563168,0.912612141,0.000000,0.000000,0.000000,0.000000,0.448242,0.019698853,0.019758310
2465,2465,left,0.403155091,0.215933465,0.931147267,0.000000,0.000000,0.000000,0.000000,0.333333,0.014637459,0.014696976
2465,2465,right,0.438113006,0.032563168,0.912612141,0.000000,0.000000,0.000000,0.000000,0.452539,0.019887896,0.019947359
2466,2466,left,0.403155091,0.215933465,0.931147267,0.000000,0.000000,0.000000,0.000000,0.333333,0.014637459,0.014696976
2466,2466,right,0.438113006,0.032563168,0.912612141,0.000000,0.000000,0.000000,0.000000,0.456638,0.020068265,0.020127734
2467,2467,left,0.403155091,0.215933465,0.931147267,0.000000,0.000000,0.000000,0.000000,0.333333,0.014637459,0.014696976
2467,2467,right,0.438113006,0.032563168,0.912612141,0.000000,0.000000,0.000000,0.000000,0.460539,0.020239886,0.020299360
2468,2468,left,0.403155091,0.215933465,0.931147267,0.000000,0.000000,0.000000,0.000000,0.333333,0.014637459,0.014696976
2468,2468,right,0.438112980,0.032563156,0.912612136,-0.000025,-0.000012,-0.000005,0.000028,0.464239,0.020402720,0.020462198
2469,2469,left,0.403155091,0.215933465,0.931147267,0.000000,0.000000,0.000000,0.000000,0.333333,0.014637459,0.014696976
2469,2469,right,0.438112980,0.032563156,0.912612136,0.000000,0.000000,0.000000,0.000000,0.467740,0.020556739,0.020616222
2470,2470,left,0.403155091,0.215933465,0.931147267,0.000000,0.000000,0.000000,0.000000,0.333333,0.014637459,0.014696976
2470,2470,right,0.438112977,0.032563180,0.912612248,-0.000004,0.000024,0.000112,0.000024,0.471040,0.020701941,0.020761428
2471,2471,left,0.403155091,0.215933465,0.931147267,0.000000,0.000000,0.000000,0.000000,0.333333,0.014637459,0.014696976
2471,2471,right,0.438112977,0.032563180,0.912612248,0.000000,0.000000,0.000000,0.000000,0.474140,0.020838344,0.020897835
2472,2472,left,0.403155091,0.215933465,0.931147267,0.000000,0.000000,0.000000,0.000000,0.333333,0.014637459,0.014696976
2472,2472,right,0.438112977,0.032563180,0.912612248,0.000000,0.000000,0.000000,0.000000,0.477041,0.020965993,0.021025488
2473,2473,left,0.403155091,0.215933465,0.931147267,0.000000,0.000000,0.000000,0.000000,0.333333,0.014637459,0.014696976
2473,2473,right,0.438112977,0.032563180,0.912612248,0.000000,0.000000,0.000000,0.000000,0.479745,0.021084951,0.021144450
2474,2474,left,0.403155091,0.215933465,0.931147267,0.000000,0.000000,0.000000,0.000000,0.333333,0.014637459,0.014696976
2474,2474,right,0.438112926,0.032563213,0.912612289,-0.000050,0.000033,0.000041,0.000060,0.482253,0.021195309,0.021254811
2475,2475,left,0.403155091,0.215933465,0.931147267,0.000000,0.000000,0.000000,0.000000,0.333333,0.014637459,0.014696976
2475,2475,right,0.438112926,0.032563213,0.912612289,0.000000,0.000000,0.000000,0.000000,0.484568,0.021297181,0.021356687
2476,2476,left,0.403155091,0.215933465,0.931147267,0.000000,0.000000,0.000000,0.000000,0.333333,0.014637459,0.014696976
2476,2476,right,0.438112926,0.032563213,0.912612289,0.000000,0.000000,0.000000,0.000000,0.486694,0.021390708,0.021450216
2477,2477,left,0.403155091,0.215933465,0.931147267,0.000000,0.000000,0.000000,0.000000,0.333333,0.014637459,0.014696976
2477,2477,right,0.438112926,0.032563213,0.912612289,0.000000,0.000000,0.000000,0.000000,0.488634,0.021476056,0.021535568
2478,2478,left,0.403155091,0.215933465,0.931147267,0.000000,0.000000,0.000000,0.000000,0.333333,0.014637459,0.014696976
2478,2478,right,0.438112926,0.032563213,0.912612289,0.000000,0.000000,0.000000,0.000000,0.490392,0.021553420,0.021612933
2479,2479,left,0.403155091,0.215933465,0.931147267,0.000000,0.000000,0.000000,0.000000,0.333333,0.014637459,0.014696976
2479,2479,right,0.438112928,0.032563201,0.912612301,0.000002,-0.000012,0.000012,0.000012,0.491974,0.021623015,0.021682531
2480,2480,left,0.403155091,0.215933465,0.931147267,0.000000,0.000000,0.000000,0.000000,0.333333,0.014637459,0.014696976
2480,2480,right,0.438112928,0.032563201,0.912612301,0.000000,0.000000,0.000000,0.000000,0.493385,0.021685096,0.021744613
2481,2481,left,0.403155091,0.215933465,0.931147267,0.000000,0.000000,0.000000,0.000000,0.333333,0.014637459,0.014696976
2481,2481,right,0.438112928,0.032563201,0.912612301,0.000000,0.000000,0.000000,0.000000,0.494631,0.021739936,0.021799454
2482,2482,left,0.403155091,0.215933465,0.931147267,0.000000,0.000000,0.000000,0.000000,0.333333,0.014637459,0.014696976
2482,2482,right,0.438112928,0.032563201,0.912612301,0.000000,0.000000,0.000000,0.000000,0.495720,0.021787843,0.021847364
2483,2483,left,0.403155091,0.215933465,0.931147267,0.000000,0.000000,0.000000,0.000000,0.333333,0.014637459,0.014696976
2483,2483,right,0.438112928,0.032563201,0.912612301,0.000000,0.000000,0.000000,0.000000,0.496659,0.021829152,0.021888675
2484,2484,left,0.403155091,0.215933465,0.931147267,0.000000,0.000000,0.000000,0.000000,0.333333,0.014637459,0.014696976
2484,2484,right,0.438112928,0.032563201,0.912612301,0.000000,0.000000,0.000000,0.000000,0.497456,0.021864232,0.021923754
2485,2485,left,0.403155091,0.215933465,0.931147267,0.000000,0.000000,0.000000,0.000000,0.333333,0.014637459,0.014696976
2485,2485,right,0.438112928,0.032563201,0.912612301,0.000000,0.000000,0.000000,0.000000,0.498121,0.021893475,0.021953000
2486,2486,left,0.403155091,0.215933465,0.931147267,0.000000,0.000000,0.000000,0.000000,0.333333,0.014637459,0.014696976
2486,2486,right,0.438112928,0.032563201,0.912612301,0.000000,0.000000,0.000000,0.000000,0.498663,0.021917319,0.021976843
2487,2487,left,0.403155091,0.215933465,0.931147267,0.000000,0.000000,0.000000,0.000000,0.333333,0.014637459,0.014696976
2487,2487,right,0.438112928,0.032563201,0.912612301,0.000000,0.000000,0.000000,0.000000,0.499092,0.021936223,0.021995747
2488,2488,left,0.403155091,0.215933465,0.931147267,0.000000,0.000000,0.000000,0.000000,0.333333,0.014637459,0.014696976
2488,2488,right,0.438112928,0.032563201,0.912612301,0.000000,0.000000,0.000000,0.000000,0.499421,0.021950681,0.022010207
2489,2489,left,0.403155091,0.215933465,0.931147267,0.000000,0.000000,0.000000,0.000000,0.333333,0.014637459,0.014696976
2489,2489,right,0.438112928,0.032563201,0.912612301,0.000000,0.000000,0.000000,0.000000,0.499661,0.021961223,0.022020750
2490,2490,left,0.403155091,0.215933465,0.931147267,0.000000,0.000000,0.000000,0.000000,0.333333,0.014637459,0.014696976
2490,2490,right,0.438112928,0.032563201,0.912612301,0.000000,0.000000,0.000000,0.000000,0.499824,0.021968413,0.022027940
2491,2491,left,0.403155091,0.215933465,0.931147267,0.000000,0.000000,0.000000,0.000000,0.333333,0.014637459,0.014696976
2491,2491,right,0.438112928,0.032563201,0.912612301,0.000000,0.000000,0.000000,0.000000,0.499925,0.021972850,0.022032376
2492,2492,left,0.403155091,0.215933465,0.931147267,0.000000,0.000000,0.000000,0.000000,0.333333,0.014637459,0.014696976
2492,2492,right,0.438112928,0.032563201,0.912612301,0.000000,0.000000,0.000000,0.000000,0.499977,0.021975167,0.022034694
2493,2493,left,0.403155091,0.215933465,0.931147267,0.000000,0.000000,0.000000,0.000000,0.333333,0.014637459,0.014696976
2493,2493,right,0.438112928,0.032563201,0.912612301,0.000000,0.000000,0.000000,0.000000,0.499997,0.021976035,0.022035562
2494,2494,left,0.403155091,0.215933465,0.931147267,0.000000,0.000000,0.000000,0.000000,0.333333,0.014637459,0.014696976
2494,2494,right,0.438112928,0.032563201,0.912612301,0.000000,0.000000,0.000000,0.000000,0.500000,0.021976160,0.022035686
2495,2495,left,0.403155091,0.215933465,0.931147267,0.000000,0.000000,0.000000,0.000000,0.333333,0.014637459,0.014696976
2495,2495,right,0.438112928,0.032563201,0.912612301,0.000000,0.000000,0.000000,0.000000,0.500000,0.021976160,0.022035686
2496,2496,left,0.403155091,0.215933465,0.931147267,0.000000,0.000000,0.000000,0.000000,0.333333,0.014637459,0.014696976
2496,2496,right,0.438112928,0.032563201,0.912612301,0.000000,0.000000,0.000000,0.000000,0.500000,0.021976160,0.022035686
2497,2497,left,0.403155091,0.215933465,0.931147267,0.000000,0.000000,0.000000,0.000000,0.333333,0.014637459,0.014696976
2497,2497,right,0.438112928,0.032563201,0.912612301,0.000000,0.000000,0.000000,0.000000,0.500000,0.021976160,0.022035686
2498,2498,left,0.403155091,0.215933465,0.931147267,0.000000,0.000000,0.000000,0.000000,0.333333,0.014637459,0.014696976
2498,2498,right,0.438110260,0.032486263,0.912701221,-0.002668,-0.076938,0.088920,0.076984,0.500000,0.021976128,0.022035720
2499,2499,left,0.403155091,0.215933465,0.931147267,0.000000,0.000000,0.000000,0.000000,0.333333,0.014637459,0.014696976
2499,2499,right,0.438109444,0.032396963,0.912790064,-0.000816,-0.089301,0.088843,0.089305,0.500000,0.021976098,0.022035751
2500,2500,left,0.403155091,0.215933465,0.931147267,0.000000,0.000000,0.000000,0.000000,0.333333,0.014637459,0.014696976
2500,2500,right,0.438108120,0.032269666,0.912917530,-0.001324,-0.127297,0.127466,0.127303,0.500000,0.021976056,0.022035798
2501,2501,left,0.403155091,0.215933465,0.931147267,0.000000,0.000000,0.000000,0.000000,0.333333,0.014637459,0.014696976
2501,2501,right,0.438106286,0.032096486,0.913090730,-0.001834,-0.173180,0.173201,0.173190,0.500000,0.021975998,0.022035860
2502,2502,left,0.403155091,0.215933465,0.931147267,0.000000,0.000000,0.000000,0.000000,0.333333,0.014637459,0.014696976
2502,2502,right,0.438104502,0.031872144,0.913315657,-0.001785,-0.224342,0.224927,0.224349,0.500000,0.021975923,0.022035940
2503,2503,left,0.403155091,0.215933465,0.931147267,0.000000,0.000000,0.000000,0.000000,0.333333,0.014637459,0.014696976
2503,2503,right,0.438102546,0.031591783,0.913596491,-0.001956,-0.280362,0.280834,0.280369,0.500000,0.021975830,0.022036040
2504,2504,left,0.403155091,0.215933465,0.931147267,0.000000,0.000000,0.000000,0.000000,0.333333,0.014637459,0.014696976
2504,2504,right,0.438100140,0.031251359,0.913937558,-0.002406,-0.340423,0.341067,0.340432,0.500000,0.021975717,0.022036163
2505,2505,left,0.403155091,0.215933465,0.931147267,0.000000,0.000000,0.000000,0.000000,0.333333,0.014637459,0.014696976
2505,2505,right,0.438097615,0.030847387,0.914341961,-0.002526,-0.403972,0.404403,0.403980,0.500000,0.021975582,0.022036308
2506,2506,left,0.403155091,0.215933465,0.931147267,0.000000,0.000000,0.000000,0.000000,0.333333,0.014637459,0.014696976
2506,2506,right,0.438094896,0.030377211,0.914812765,-0.002719,-0.470176,0.470804,0.470184,0.500000,0.021975424,0.022036478
2507,2507,left,0.403155091,0.215933465,0.931147267,0.000000,0.000000,0.000000,0.000000,0.333333,0.014637459,0.014696976
2507,2507,right,0.438091997,0.029838455,0.915352284,-0.002899,-0.538756,0.539520,0.538763,0.500000,0.021975245,0.022036672
2508,2508,left,0.403155091,0.215933465,0.931147267,0.000000,0.000000,0.000000,0.000000,0.333333,0.014637459,0.014696976
2508,2508,right,0.438088851,0.029229447,0.915962404,-0.003146,-0.609009,0.610120,0.609017,0.500000,0.021975040,0.022036891
2509,2509,left,0.403155091,0.215933465,0.931147267,0.000000,0.000000,0.000000,0.000000,0.333333,0.014637459,0.014696976
2509,2509,right,0.438085660,0.028548801,0.916643606,-0.003191,-0.680646,0.681201,0.680653,0.500000,0.021974813,0.022037135
2510,2510,left,0.403155091,0.215933465,0.931147267,0.000000,0.000000,0.000000,0.000000,0.333333,0.014637459,0.014696976
2510,2510,right,0.438105960,0.027732558,0.917460582,0.020300,-0.816243,0.816977,0.816495,0.500000,0.021974541,0.022037428
2511,2511,left,0.403155091,0.215933465,0.931147267,0.000000,0.000000,0.000000,0.000000,0.333333,0.014637459,0.014696976
2511,2511,right,0.438105854,0.026900522,0.918293771,-0.000106,-0.832036,0.833189,0.832036,0.500000,0.021974262,0.022037730
2512,2512,left,0.403155091,0.215933465,0.931147267,0.000000,0.000000,0.000000,0.000000,0.333333,0.014637459,0.014696976
2512,2512,right,0.438105062,0.025996797,0.919198475,-0.000793,-0.903725,0.904703,0.903725,0.500000,0.021973958,0.022038056
2513,2513,left,0.403155091,0.215933465,0.931147267,0.000000,0.000000,0.000000,0.000000,0.333333,0.014637459,0.014696976
2513,2513,right,0.438104441,0.025021645,0.920175201,-0.000621,-0.975152,0.976726,0.975152,0.500000,0.021973629,0.022038409
2514,2514,left,0.403155091,0.215933465,0.931147267,0.000000,0.000000,0.000000,0.000000,0.333333,0.014637459,0.014696976
2514,2514,right,0.438103498,0.023976247,0.921222098,-0.000943,-1.045397,1.046897,1.045398,0.500000,0.021973275,0.022038789
2515,2515,left,0.403155091,0.215933465,0.931147267,0.000000,0.000000,0.000000,0.000000,0.333333,0.014637459,0.014696976
2515,2515,right,0.438102839,0.022862160,0.922337710,-0.000658,-1.114088,1.115612,1.114088,0.500000,0.021972897,0.022039194
2516,2516,left,0.403155091,0.215933465,0.931147267,0.000000,0.000000,0.000000,0.000000,0.333333,0.014637459,0.014696976
2516,2516,right,0.438102037,0.021681168,0.923520586,-0.000802,-1.180992,1.182876,1.180992,0.500000,0.021972496,0.022039624
2517,2517,left,0.403155091,0.215933465,0.931147267,0.000000,0.000000,0.000000,0.000000,0.333333,0.014637459,0.014696976
2517,2517,right,0.438101358,0.020435930,0.924767667,-0.000679,-1.245238,1.247081,1.245238,0.500000,0.021972071,0.022040080
2518,2518,left,0.403155091,0.215933465,0.931147267,0.000000,0.000000,0.000000,0.000000,0.333333,0.014637459,0.014696976
2518,2518,right,0.438100417,0.019128593,0.926076932,-0.000941,-1.307337,1.309265,1.307338,0.500000,0.021971624,0.022040557
2519,2519,left,0.403155091,0.215933465,0.931147267,0.000000,0.000000,0.000000,0.000000,0.333333,0.014637459,0.014696976
2519,2519,right,0.438099636,0.017762395,0.927445283,-0.000781,-1.366198,1.368352,1.366198,0.500000,0.021971155,0.022041060
2520,2520,left,0.403155091,0.215933465,0.931147267,0.000000,0.000000,0.000000,0.000000,0.333333,0.014637459,0.014696976
2520,2520,right,0.438099039,0.016340282,0.928869714,-0.000597,-1.422113,1.424430,1.422114,0.500000,0.021970665,0.022041583
2521,2521,left,0.403155091,0.215933465,0.931147267,0.000000,0.000000,0.000000,0.000000,0.333333,0.014637459,0.014696976
2521,2521,right,0.438098166,0.014865824,0.930346301,-0.000873,-1.474457,1.476587,1.474457,0.500000,0.021970155,0.022042127
2522,2522,left,0.403155091,0.215933465,0.931147267,0.000000,0.000000,0.000000,0.000000,0.333333,0.014637459,0.014696976
2522,2522,right,0.438097574,0.013342875,0.931871844,-0.000592,-1.522949,1.525543,1.522949,0.500000,0.021969626,0.022042692
2523,2523,left,0.403155091,0.215933465,0.931147267,0.000000,0.000000,0.000000,0.000000,0.333333,0.014637459,0.014696976
2523,2523,right,0.438096762,0.011775217,0.933441607,-0.000812,-1.567659,1.569763,1.567659,0.500000,0.021969080,0.022043273
2524,2524,left,0.403155091,0.215933465,0.931147267,0.000000,0.000000,0.000000,0.000000,0.333333,0.014637459,0.014696976
2524,2524,right,0.438096309,0.010167022,0.935052436,-0.000453,-1.608195,1.610830,1.608195,0.500000,0.021968517,0.022043873
2525,2525,left,0.403155091,0.215933465,0.931147267,0.000000,0.000000,0.000000,0.000000,0.333333,0.014637459,0.014696976
2525,2525,right,0.438095770,0.008522737,0.936699290,-0.000539,-1.644285,1.646853,1.644285,0.500000,0.021967940,0.022044487
2526,2526,left,0.403155091,0.215933465,0.931147267,0.000000,0.000000,0.000000,0.000000,0.333333,0.014637459,0.014696976
2526,2526,right,0.438095245,0.006846859,0.938378593,-0.000526,-1.675878,1.679304,1.675878,0.500000,0.021967348,0.022045115
2527,2527,left,0.403155091,0.215933465,0.931147267,0.000000,0.000000,0.000000,0.000000,0.333333,0.014637459,0.014696976
2527,2527,right,0.438094803,0.005143731,0.940084196,-0.000441,-1.703128,1.705602,1.703128,0.500000,0.021966744,0.022045756
2528,2528,left,0.403155091,0.215933465,0.931147267,0.000000,0.000000,0.000000,0.000000,0.333333,0.014637459,0.014696976
2528,2528,right,0.438094345,0.003418547,0.941812321,-0.000458,-1.725184,1.728125,1.725184,0.500000,0.021966130,0.022046408
2529,2529,left,0.403155091,0.215933465,0.931147267,0.000000,0.000000,0.000000,0.000000,0.333333,0.014637459,0.014696976
2529,2529,right,0.438093928,0.001675910,0.943558038,-0.000417,-1.742637,1.745717,1.742637,0.500000,0.021965506,0.022047069
2530,2530,left,0.403155091,0.215933465,0.931147267,0.000000,0.000000,0.000000,0.000000,0.333333,0.014637459,0.014696976
2530,2530,right,0.438093649,-0.000079352,0.945316059,-0.000279,-1.755262,1.758022,1.755262,0.500000,0.021964874,0.022047738
2531,2531,left,0.403155091,0.215933465,0.931147267,0.000000,0.000000,0.000000,0.000000,0.333333,0.014637459,0.014696976
2531,2531,right,0.438093496,-0.001842123,0.947081986,-0.000153,-1.762771,1.765927,1.762771,0.500000,0.021964237,0.022048410
2532,2532,left,0.403155091,0.215933465,0.931147267,0.000000,0.000000,0.000000,0.000000,0.333333,0.014637459,0.014696976
2532,2532,right,0.438093270,-0.003607499,0.948850378,-0.000227,-1.765375,1.768391,1.765376,0.500000,0.021963596,0.022049088
2533,2533,left,0.403155091,0.215933465,0.931147267,0.000000,0.000000,0.000000,0.000000,0.333333,0.014637459,0.014696976
2533,2533,right,0.438093388,-0.005370431,0.950616226,0.000118,-1.762932,1.765849,1.762932,0.500000,0.021962952,0.022049766
2534,2534,left,0.403155091,0.215933465,0.931147267,0.000000,0.000000,0.000000,0.000000,0.333333,0.014637459,0.014696976
2534,2534,right,0.438093333,-0.007125891,0.952374491,-0.000055,-1.755461,1.758264,1.755461,0.500000,0.021962309,0.022050446
2535,2535,left,0.403155091,0.215933465,0.931147267,0.000000,0.000000,0.000000,0.000000,0.333333,0.014637459,0.014696976
2535,2535,right,0.438093480,-0.008868938,0.954120245,0.000147,-1.743047,1.745754,1.743047,0.500000,0.021961667,0.022051122
2536,2536,left,0.403155091,0.215933465,0.931147267,0.000000,0.000000,0.000000,0.000000,0.333333,0.014637459,0.014696976
2536,2536,right,0.438093652,-0.010594552,0.955848978,0.000172,-1.725614,1.728733,1.725614,0.500000,0.021961028,0.022051793
2537,2537,left,0.403155091,0.215933465,0.931147267,0.000000,0.000000,0.000000,0.000000,0.333333,0.014637459,0.014696976
2537,2537,right,0.438094020,-0.012297877,0.957555487,0.000368,-1.703325,1.706508,1.703325,0.500000,0.021960394,0.022052459
2538,2538,left,0.403155091,0.215933465,0.931147267,0.000000,0.000000,0.000000,0.000000,0.333333,0.014637459,0.014696976
2538,2538,right,0.438094120,-0.013974227,0.959234722,0.000100,-1.676350,1.679235,1.676350,0.500000,0.021959769,0.022053117
2539,2539,left,0.403155091,0.215933465,0.931147267,0.000000,0.000000,0.000000,0.000000,0.333333,0.014637459,0.014696976
2539,2539,right,0.438094611,-0.015619087,0.960882518,0.000491,-1.644861,1.647797,1.644861,0.500000,0.021959152,0.022053765
2540,2540,left,0.403155091,0.215933465,0.931147267,0.000000,0.000000,0.000000,0.000000,0.333333,0.014637459,0.014696976
2540,2540,right,0.438095070,-0.017227880,0.962493807,0.000459,-1.608792,1.611289,1.608792,0.500000,0.021958547,0.022054400
2541,2541,left,0.403155091,0.215933465,0.931147267,0.000000,0.000000,0.000000,0.000000,0.333333,0.014637459,0.014696976
2541,2541,right,0.438095636,-0.018796275,0.964064884,0.000566,-1.568395,1.571077,1.568395,0.500000,0.021957953,0.022055021
2542,2542,left,0.403155091,0.215933465,0.931147267,0.000000,0.000000,0.000000,0.000000,0.333333,0.014637459,0.014696976
2542,2542,right,0.438096135,-0.020319958,0.965591254,0.000498,-1.523684,1.526370,1.523684,0.500000,0.021957375,0.022055628
2543,2543,left,0.403155091,0.215933465,0.931147267,0.000000,0.000000,0.000000,0.000000,0.333333,0.014637459,0.014696976
2543,2543,right,0.438096835,-0.021795152,0.967069145,0.000701,-1.475194,1.477891,1.475194,0.500000,0.021956813,0.022056215
2544,2544,left,0.403155091,0.215933465,0.931147267,0.000000,0.000000,0.000000,0.000000,0.333333,0.014637459,0.014696976
2544,2544,right,0.438097621,-0.023218259,0.968494482,0.000785,-1.423107,1.425337,1.423107,0.500000,0.021956269,0.022056784
2545,2545,left,0.403155091,0.215933465,0.931147267,0.000000,0.000000,0.000000,0.000000,0.333333,0.014637459,0.014696976
2545,2545,right,0.438098423,-0.024585562,0.969864325,0.000803,-1.367303,1.369843,1.367304,0.500000,0.021955743,0.022057332
2546,2546,left,0.403155091,0.215933465,0.931147267,0.000000,0.000000,0.000000,0.000000,0.333333,0.014637459,0.014696976
2546,2546,right,0.438099325,-0.025893941,0.971174735,0.000902,-1.308379,1.310409,1.308379,0.500000,0.021955239,0.022057859
2547,2547,left,0.403155091,0.215933465,0.931147267,0.000000,0.000000,0.000000,0.000000,0.333333,0.014637459,0.014696976
2547,2547,right,0.438100215,-0.027140464,0.972423402,0.000890,-1.246522,1.248667,1.246523,0.500000,0.021954758,0.022058360
2548,2548,left,0.403155091,0.215933465,0.931147267,0.000000,0.000000,0.000000,0.000000,0.333333,0.014637459,0.014696976
2548,2548,right,0.438101032,-0.028322551,0.973607411,0.000817,-1.182087,1.184009,1.182088,0.500000,0.021954300,0.022058839
2549,2549,left,0.403155091,0.215933465,0.931147267,0.000000,0.000000,0.000000,0.000000,0.333333,0.014637459,0.014696976
2549,2549,right,0.438101862,-0.029437937,0.974724578,0.000830,-1.115386,1.117167,1.115387,0.500000,0.021953868,0.022059290
2550,2550,left,0.403155091,0.215933465,0.931147267,0.000000,0.000000,0.000000,0.000000,0.333333,0.014637459,0.014696976
2550,2550,right,0.438102828,-0.030484654,0.975772849,0.000966,-1.046717,1.048270,1.046718,0.500000,0.021953460,0.022059714
2551,2551,left,0.403155091,0.215933465,0.931147267,0.000000,0.000000,0.000000,0.000000,0.333333,0.014637459,0.014696976
2551,2551,right,0.438103791,-0.031461121,0.976750652,0.000962,-0.976466,0.977804,0.976467,0.500000,0.021953078,0.022060111
2552,2552,left,0.403155091,0.215933465,0.931147267,0.000000,0.000000,0.000000,0.000000,0.333333,0.014637459,0.014696976
2552,2552,right,0.438104796,-0.032366235,0.977656858,0.001005,-0.905114,0.906206,0.905115,0.500000,0.021952724,0.022060478
2553,2553,left,0.403155091,0.215933465,0.931147267,0.000000,0.000000,0.000000,0.000000,0.333333,0.014637459,0.014696976
2553,2553,right,0.438105706,-0.033199201,0.978491058,0.000910,-0.832966,0.834199,0.832967,0.500000,0.021952398,0.022060819
2554,2554,left,0.403155091,0.215933465,0.931147267,0.000000,0.000000,0.000000,0.000000,0.333333,0.014637459,0.014696976
2554,2554,right,0.438106624,-0.033959817,0.979252829,0.000918,-0.760616,0.761772,0.760616,0.500000,0.021952100,0.022061128
2555,2555,left,0.403155091,0.215933465,0.931147267,0.000000,0.000000,0.000000,0.000000,0.333333,0.014637459,0.014696976
2555,2555,right,0.438107694,-0.034648159,0.979941853,0.001070,-0.688341,0.689023,0.688342,0.500000,0.021951830,0.022061409
2556,2556,left,0.403155091,0.215933465,0.931147267,0.000000,0.000000,0.000000,0.000000,0.333333,0.014637459,0.014696976
2556,2556,right,0.438086176,-0.035198532,0.980509765,-0.021518,-0.550373,0.567912,0.550794,0.500000,0.021951612,0.022061635
2557,2557,left,0.403155091,0.215933465,0.931147267,0.000000,0.000000,0.000000,0.000000,0.333333,0.014637459,0.014696976
2557,2557,right,0.438084617,-0.035743595,0.981056376,-0.001559,-0.545063,0.546612,0.545065,0.500000,0.021951398,0.022061858
2558,2558,left,0.403155091,0.215933465,0.931147267,0.000000,0.000000,0.000000,0.000000,0.333333,0.014637459,0.014696976
2558,2558,right,0.438087705,-0.036228016,0.981539684,0.003088,-0.484421,0.483308,0.484431,0.500000,0.021951206,0.022062058
2559,2559,left,0.403155091,0.215933465,0.931147267,0.000000,0.000000,0.000000,0.000000,0.333333,0.014637459,0.014696976
2559,2559,right,0.438091450,-0.036646689,0.981956687,0.003745,-0.418673,0.417002,0.418690,0.500000,0.021951042,0.022062229
2560,2560,left,0.403155091,0.215933465,0.931147267,0.000000,0.000000,0.000000,0.000000,0.333333,0.014637459,0.014696976
2560,2560,right,0.438095113,-0.037001487,0.982309606,0.003663,-0.354798,0.352919,0.354817,0.500000,0.021950902,0.022062374
2561,2561,left,0.403155091,0.215933465,0.931147267,0.000000,0.000000,0.000000,0.000000,0.333333,0.014637459,0.014696976
2561,2561,right,0.438098632,-0.037295452,0.982601752,0.003519,-0.293966,0.292146,0.293987,0.500000,0.021950785,0.022062495
2562,2562,left,0.403155091,0.215933465,0.931147267,0.000000,0.000000,0.000000,0.000000,0.333333,0.014637459,0.014696976
2562,2562,right,0.438101871,-0.037532571,0.982836960,0.003239,-0.237118,0.235208,0.237140,0.500000,0.021950692,0.022062592
2563,2563,left,0.403155091,0.215933465,0.931147267,0.000000,0.000000,0.000000,0.000000,0.333333,0.014637459,0.014696976
2563,2563,right,0.438104727,-0.037717219,0.983019824,0.002856,-0.184649,0.182864,0.184671,0.500000,0.021950619,0.022062667
2564,2564,left,0.403155091,0.215933465,0.931147267,0.000000,0.000000,0.000000,0.000000,0.333333,0.014637459,0.014696976
2564,2564,right,0.438107369,-0.037854590,0.983155872,0.002642,-0.137371,0.136048,0.137397,0.500000,0.021950565,0.022062724
2565,2565,left,0.403155091,0.215933465,0.931147267,0.000000,0.000000,0.000000,0.000000,0.333333,0.014637459,0.014696976
2565,2565,right,0.438109772,-0.037950644,0.983250422,0.002404,-0.096053,0.094550,0.096083,0.500000,0.021950526,0.022062764
2566,2566,left,0.403155091,0.215933465,0.931147267,0.000000,0.000000,0.000000,0.000000,0.333333,0.014637459,0.014696976
2566,2566,right,0.438109772,-0.037950644,0.983250422,0.000000,0.000000,0.000000,0.000000,0.500000,0.021950526,0.022062764
2567,2567,left,0.403155091,0.215933465,0.931147267,0.000000,0.000000,0.000000,0.000000,0.333333,0.014637459,0.014696976
2567,2567,right,0.438110474,-0.038037792,0.983336974,0.000702,-0.087148,0.086552,0.087151,0.500000,0.021950493,0.022062799
2568,2568,left,0.403155091,0.215933465,0.931147267,0.000000,0.000000,0.000000,0.000000,0.333333,0.014637459,0.014696976
2568,2568,right,0.438110474,-0.038037792,0.983336974,0.000000,0.000000,0.000000,0.000000,0.500000,0.021950493,0.022062799
2569,2569,left,0.403155091,0.215933465,0.931147267,0.000000,0.000000,0.000000,0.000000,0.333333,0.014637459,0.014696976
2569,2569,right,0.438110474,-0.038037792,0.983336974,0.000000,0.000000,0.000000,0.000000,0.500000,0.021950493,0.022062799
2570,2570,left,0.403155091,0.215933465,0.931147267,0.000000,0.000000,0.000000,0.000000,0.333333,0.014637459,0.014696976
2570,2570,right,0.438110474,-0.038037792,0.983336974,0.000000,0.000000,0.000000,0.000000,0.500000,0.021950493,0.022062799
2571,2571,left,0.403155091,0.215933465,0.931147267,0.000000,0.000000,0.000000,0.000000,0.333333,0.014637459,0.014696976
2571,2571,right,0.438110474,-0.038037792,0.983336974,0.000000,0.000000,0.000000,0.000000,0.500000,0.021950493,0.022062799
2572,2572,left,0.403155091,0.215933465,0.931147267,0.000000,0.000000,0.000000,0.000000,0.333333,0.014637459,0.014696976
2572,2572,right,0.438110474,-0.038037792,0.983336974,0.000000,0.000000,0.000000,0.000000,0.500000,0.021950493,0.022062799
2573,2573,left,0.403155091,0.215933465,0.931147267,0.000000,0.000000,0.000000,0.000000,0.333333,0.014637459,0.014696976
2573,2573,right,0.438110474,-0.038037792,0.983336974,0.000000,0.000000,0.000000,0.000000,0.500000,0.021950493,0.022062799
2574,2574,left,0.403155091,0.215933465,0.931147267,0.000000,0.000000,0.000000,0.000000,0.333333,0.014637459,0.014696976
2574,2574,right,0.438110474,-0.038037792,0.983336974,0.000000,0.000000,0.000000,0.000000,0.500000,0.021950493,0.022062799
2575,2575,left,0.403155091,0.215933465,0.931147267,0.000000,0.000000,0.000000,0.000000,0.333333,0.014637459,0.014696976
2575,2575,right,0.438110474,-0.038037792,0.983336974,0.000000,0.000000,0.000000,0.000000,0.500000,0.021950493,0.022062799
2576,2576,left,0.403155091,0.215933465,0.931147267,0.000000,0.000000,0.000000,0.000000,0.333333,0.014637459,0.014696976
2576,2576,right,0.438110474,-0.038037792,0.983336974,0.000000,0.000000,0.000000,0.000000,0.500000,0.021950493,0.022062799
2577,2577,left,0.403155091,0.215933465,0.931147267,0.000000,0.000000,0.000000,0.000000,0.333333,0.014637459,0.014696976
2577,2577,right,0.438110474,-0.038037792,0.983336974,0.000000,0.000000,0.000000,0.000000,0.500000,0.021950493,0.022062799
2578,2578,left,0.403155091,0.215933465,0.931147267,0.000000,0.000000,0.000000,0.000000,0.333333,0.014637459,0.014696976
2578,2578,right,0.438110474,-0.038037792,0.983336974,0.000000,0.000000,0.000000,0.000000,0.500000,0.021950493,0.022062799
2579,2579,left,0.403155091,0.215933465,0.931147267,0.000000,0.000000,0.000000,0.000000,0.333333,0.014637459,0.014696976
2579,2579,right,0.438110474,-0.038037792,0.983336974,0.000000,0.000000,0.000000,0.000000,0.500000,0.021950493,0.022062799
2580,2580,left,0.403155091,0.215933465,0.931147267,0.000000,0.000000,0.000000,0.000000,0.333333,0.014637459,0.014696976
2580,2580,right,0.438110474,-0.038037792,0.983336974,0.000000,0.000000,0.000000,0.000000,0.500000,0.021950493,0.022062799
2581,2581,left,0.403155091,0.215933465,0.931147267,0.000000,0.000000,0.000000,0.000000,0.333333,0.014637459,0.014696976
2581,2581,right,0.438110474,-0.038037792,0.983336974,0.000000,0.000000,0.000000,0.000000,0.500000,0.021950493,0.022062799
2582,2582,left,0.403155091,0.215933465,0.931147267,0.000000,0.000000,0.000000,0.000000,0.333333,0.014637459,0.014696976
2582,2582,right,0.438110474,-0.038037792,0.983336974,0.000000,0.000000,0.000000,0.000000,0.500000,0.021950493,0.022062799
2583,2583,left,0.403155091,0.215933465,0.931147267,0.000000,0.000000,0.000000,0.000000,0.333333,0.014637459,0.014696976
2583,2583,right,0.438110474,-0.038037792,0.983336974,0.000000,0.000000,0.000000,0.000000,0.500000,0.021950493,0.022062799
2584,2584,left,0.403155091,0.215933465,0.931147267,0.000000,0.000000,0.000000,0.000000,0.333333,0.014637459,0.014696976
2584,2584,right,0.438110474,-0.038037792,0.983336974,0.000000,0.000000,0.000000,0.000000,0.500000,0.021950493,0.022062799
2585,2585,left,0.403155091,0.215933465,0.931147267,0.000000,0.000000,0.000000,0.000000,0.333333,0.014637459,0.014696976
2585,2585,right,0.438110474,-0.038037792,0.983336974,0.000000,0.000000,0.000000,0.000000,0.500000,0.021950493,0.022062799
2586,2586,left,0.403155091,0.215933465,0.931147267,0.000000,0.000000,0.000000,0.000000,0.333333,0.014637459,0.014696976
2586,2586,right,0.438110474,-0.038037792,0.983336974,0.000000,0.000000,0.000000,0.000000,0.500000,0.021950493,0.022062799
2587,2587,left,0.403155091,0.215933465,0.931147267,0.000000,0.000000,0.000000,0.000000,0.333333,0.014637459,0.014696976
2587,2587,right,0.438110474,-0.038037792,0.983336974,0.000000,0.000000,0.000000,0.000000,0.500000,0.021950493,0.022062799
2588,2588,left,0.403155091,0.215933465,0.931147267,0.000000,0.000000,0.000000,0.000000,0.333333,0.014637459,0.014696976
2588,2588,right,0.438110474,-0.038037792,0.983336974,0.000000,0.000000,0.000000,0.000000,0.500000,0.021950493,0.022062799
2589,2589,left,0.403155091,0.215933465,0.931147267,0.000000,0.000000,0.000000,0.000000,0.333333,0.014637459,0.014696976
2589,2589,right,0.438110474,-0.038037792,0.983336974,0.000000,0.000000,0.000000,0.000000,0.500000,0.021950493,0.022062799
2590,2590,left,0.403155091,0.215933465,0.931147267,0.000000,0.000000,0.000000,0.000000,0.333333,0.014637459,0.014696976
2590,2590,right,0.438110474,-0.038037792,0.983336974,0.000000,0.000000,0.000000,0.000000,0.500000,0.021950493,0.022062799
2591,2591,left,0.403155091,0.215933465,0.931147267,0.000000,0.000000,0.000000,0.000000,0.333333,0.014637459,0.014696976
2591,2591,right,0.438110474,-0.038037792,0.983336974,0.000000,0.000000,0.000000,0.000000,0.500000,0.021950493,0.022062799
2592,2592,left,0.403155091,0.215933465,0.931147267,0.000000,0.000000,0.000000,0.000000,0.333333,0.014637459,0.014696976
2592,2592,right,0.438110474,-0.038037792,0.983336974,0.000000,0.000000,0.000000,0.000000,0.500000,0.021950493,0.022062799
2593,2593,left,0.403155091,0.215933465,0.931147267,0.000000,0.000000,0.000000,0.000000,0.333333,0.014637459,0.014696976
2593,2593,right,0.438110474,-0.038037792,0.983336974,0.000000,0.000000,0.000000,0.000000,0.500000,0.021950493,0.022062799
2594,2594,left,0.403155091,0.215933465,0.931147267,0.000000,0.000000,0.000000,0.000000,0.333333,0.014637459,0.014696976
2594,2594,right,0.438110474,-0.038037792,0.983336974,0.000000,0.000000,0.000000,0.000000,0.500000,0.021950493,0.022062799
2595,2595,left,0.403155091,0.215933465,0.931147267,0.000000,0.000000,0.000000,0.000000,0.333333,0.014637459,0.014696976
2595,2595,right,0.438110474,-0.038037792,0.983336974,0.000000,0.000000,0.000000,0.000000,0.500000,0.021950493,0.022062799
2596,2596,left,0.403155091,0.215933465,0.931147267,0.000000,0.000000,0.000000,0.000000,0.333333,0.014637459,0.014696976
2596,2596,right,0.438110474,-0.038037792,0.983336974,0.000000,0.000000,0.000000,0.000000,0.500000,0.021950493,0.022062799
2597,2597,left,0.403155091,0.215933465,0.931147267,0.000000,0.000000,0.000000,0.000000,0.333333,0.014637459,0.014696976
2597,2597,right,0.438110474,-0.038037792,0.983336974,0.000000,0.000000,0.000000,0.000000,0.500000,0.021950493,0.022062799
2598,2598,left,0.403155091,0.215933465,0.931147267,0.000000,0.000000,0.000000,0.000000,0.333333,0.014637459,0.014696976
2598,2598,right,0.438110474,-0.038037792,0.983336974,0.000000,0.000000,0.000000,0.000000,0.500000,0.021950493,0.022062799
2599,2599,left,0.403155091,0.215933465,0.931147267,0.000000,0.000000,0.000000,0.000000,0.333333,0.014637459,0.014696976
2599,2599,right,0.438110474,-0.038037792,0.983336974,0.000000,0.000000,0.000000,0.000000,0.500000,0.021950493,0.022062799
2600,2600,left,0.403155091,0.215933465,0.931147267,0.000000,0.000000,0.000000,0.000000,0.333333,0.014637459,0.014696976
2600,2600,right,0.438110474,-0.038037792,0.983336974,0.000000,0.000000,0.000000,0.000000,0.500000,0.021950493,0.022062799
2601,2601,left,0.403155091,0.215933465,0.931147267,0.000000,0.000000,0.000000,0.000000,0.333333,0.014637459,0.014696976
2601,2601,right,0.438110474,-0.038037792,0.983336974,0.000000,0.000000,0.000000,0.000000,0.500000,0.021950493,0.022062799
2602,2602,left,0.403155091,0.215933465,0.931147267,0.000000,0.000000,0.000000,0.000000,0.333333,0.014637459,0.014696976
2602,2602,right,0.438110474,-0.038037792,0.983336974,0.000000,0.000000,0.000000,0.000000,0.500000,0.021950493,0.022062799
2603,2603,left,0.403155091,0.215933465,0.931147267,0.000000,0.000000,0.000000,0.000000,0.333333,0.014637459,0.014696976
2603,2603,right,0.438110474,-0.038037792,0.983336974,0.000000,0.000000,0.000000,0.000000,0.500000,0.021950493,0.022062799
2604,2604,left,0.403155091,0.215933465,0.931147267,0.000000,0.000000,0.000000,0.000000,0.333333,0.014637459,0.014696976
2604,2604,right,0.438110474,-0.038037792,0.983336974,0.000000,0.000000,0.000000,0.000000,0.500000,0.021950493,0.022062799
2605,2605,left,0.403155091,0.215933465,0.931147267,0.000000,0.000000,0.000000,0.000000,0.333333,0.014637459,0.014696976
2605,2605,right,0.438110474,-0.038037792,0.983336974,0.000000,0.000000,0.000000,0.000000,0.500000,0.021950493,0.022062799
2606,2606,left,0.403155091,0.215933465,0.931147267,0.000000,0.000000,0.000000,0.000000,0.333333,0.014637459,0.014696976
2606,2606,right,0.438110474,-0.038037792,0.983336974,0.000000,0.000000,0.000000,0.000000,0.500000,0.021950493,0.022062799
2607,2607,left,0.403155091,0.215933465,0.931147267,0.000000,0.000000,0.000000,0.000000,0.333333,0.014637459,0.014696976
2607,2607,right,0.438110474,-0.038037792,0.983336974,0.000000,0.000000,0.000000,0.000000,0.500000,0.021950493,0.022062799
2608,2608,left,0.403155091,0.215933465,0.931147267,0.000000,0.000000,0.000000,0.000000,0.333333,0.014637459,0.014696976
2608,2608,right,0.438110474,-0.038037792,0.983336974,0.000000,0.000000,0.000000,0.000000,0.500000,0.021950493,0.022062799
2609,2609,left,0.403155091,0.215933465,0.931147267,0.000000,0.000000,0.000000,0.000000,0.333333,0.014637459,0.014696976
2609,2609,right,0.438110474,-0.038037792,0.983336974,0.000000,0.000000,0.000000,0.000000,0.500000,0.021950493,0.022062799
2610,2610,left,0.403155091,0.215933465,0.931147267,0.000000,0.000000,0.000000,0.000000,0.333333,0.014637459,0.014696976
2610,2610,right,0.438110474,-0.038037792,0.983336974,0.000000,0.000000,0.000000,0.000000,0.500000,0.021950493,0.022062799
2611,2611,left,0.403155091,0.215933465,0.931147267,0.000000,0.000000,0.000000,0.000000,0.333333,0.014637459,0.014696976
2611,2611,right,0.438110474,-0.038037792,0.983336974,0.000000,0.000000,0.000000,0.000000,0.500000,0.021950493,0.022062799
2612,2612,left,0.403155091,0.215933465,0.931147267,0.000000,0.000000,0.000000,0.000000,0.333333,0.014637459,0.014696976
2612,2612,right,0.438110474,-0.038037792,0.983336974,0.000000,0.000000,0.000000,0.000000,0.500000,0.021950493,0.022062799
2613,2613,left,0.403155091,0.215933465,0.931147267,0.000000,0.000000,0.000000,0.000000,0.333333,0.014637459,0.014696976
2613,2613,right,0.438110474,-0.038037792,0.983336974,0.000000,0.000000,0.000000,0.000000,0.500000,0.021950493,0.022062799
2614,2614,left,0.403155091,0.215933465,0.931147267,0.000000,0.000000,0.000000,0.000000,0.333333,0.014637459,0.014696976
2614,2614,right,0.438110474,-0.038037792,0.983336974,0.000000,0.000000,0.000000,0.000000,0.500000,0.021950493,0.022062799
